-- --------------------------------------------------------
-- Host:                         localhost
-- Server version:               5.5.39-MariaDB - MariaDB Server
-- Server OS:                    Linux
-- HeidiSQL Version:             8.3.0.4694
-- --------------------------------------------------------

/*!40101 SET @OLD_CHARACTER_SET_CLIENT=@@CHARACTER_SET_CLIENT */;
/*!40101 SET NAMES utf8 */;
/*!40014 SET @OLD_FOREIGN_KEY_CHECKS=@@FOREIGN_KEY_CHECKS, FOREIGN_KEY_CHECKS=0 */;
/*!40101 SET @OLD_SQL_MODE=@@SQL_MODE, SQL_MODE='NO_AUTO_VALUE_ON_ZERO' */;

-- Dumping structure for table installer_skozachuk_cscart421u.cscart_access_restriction
DROP TABLE IF EXISTS `cscart_access_restriction`;
CREATE TABLE IF NOT EXISTS `cscart_access_restriction` (
  `item_id` mediumint(8) unsigned NOT NULL AUTO_INCREMENT,
  `value` varchar(66) NOT NULL DEFAULT '',
  `ip_from` int(11) unsigned NOT NULL DEFAULT '0',
  `ip_to` int(11) unsigned NOT NULL DEFAULT '0',
  `type` char(3) NOT NULL DEFAULT '',
  `status` char(1) NOT NULL DEFAULT 'A',
  `timestamp` int(11) unsigned NOT NULL DEFAULT '0',
  `expires` int(11) unsigned NOT NULL DEFAULT '0',
  PRIMARY KEY (`item_id`),
  KEY `type` (`type`)
) ENGINE=MyISAM DEFAULT CHARSET=utf8;

-- Dumping data for table installer_skozachuk_cscart421u.cscart_access_restriction: 0 rows
/*!40000 ALTER TABLE `cscart_access_restriction` DISABLE KEYS */;
/*!40000 ALTER TABLE `cscart_access_restriction` ENABLE KEYS */;


-- Dumping structure for table installer_skozachuk_cscart421u.cscart_access_restriction_block
DROP TABLE IF EXISTS `cscart_access_restriction_block`;
CREATE TABLE IF NOT EXISTS `cscart_access_restriction_block` (
  `ip` int(11) unsigned NOT NULL DEFAULT '0',
  `tries` smallint(5) unsigned NOT NULL DEFAULT '0',
  `timestamp` int(11) unsigned NOT NULL DEFAULT '0',
  `expires` int(11) unsigned NOT NULL DEFAULT '0',
  PRIMARY KEY (`ip`)
) ENGINE=MyISAM DEFAULT CHARSET=utf8;

-- Dumping data for table installer_skozachuk_cscart421u.cscart_access_restriction_block: 0 rows
/*!40000 ALTER TABLE `cscart_access_restriction_block` DISABLE KEYS */;
/*!40000 ALTER TABLE `cscart_access_restriction_block` ENABLE KEYS */;


-- Dumping structure for table installer_skozachuk_cscart421u.cscart_access_restriction_reason_descriptions
DROP TABLE IF EXISTS `cscart_access_restriction_reason_descriptions`;
CREATE TABLE IF NOT EXISTS `cscart_access_restriction_reason_descriptions` (
  `item_id` mediumint(8) unsigned NOT NULL AUTO_INCREMENT,
  `type` char(3) NOT NULL DEFAULT '',
  `reason` mediumtext NOT NULL,
  `lang_code` char(2) NOT NULL DEFAULT '',
  PRIMARY KEY (`item_id`,`type`,`lang_code`)
) ENGINE=MyISAM DEFAULT CHARSET=utf8;

-- Dumping data for table installer_skozachuk_cscart421u.cscart_access_restriction_reason_descriptions: 0 rows
/*!40000 ALTER TABLE `cscart_access_restriction_reason_descriptions` DISABLE KEYS */;
/*!40000 ALTER TABLE `cscart_access_restriction_reason_descriptions` ENABLE KEYS */;


-- Dumping structure for table installer_skozachuk_cscart421u.cscart_addons
DROP TABLE IF EXISTS `cscart_addons`;
CREATE TABLE IF NOT EXISTS `cscart_addons` (
  `addon` varchar(32) NOT NULL DEFAULT '',
  `status` char(1) NOT NULL DEFAULT 'A',
  `version` varchar(16) NOT NULL DEFAULT '',
  `priority` int(11) unsigned NOT NULL DEFAULT '0',
  `dependencies` varchar(255) NOT NULL DEFAULT '',
  `conflicts` varchar(255) NOT NULL DEFAULT '',
  `separate` tinyint(1) NOT NULL,
  `unmanaged` tinyint(1) NOT NULL,
  `has_icon` tinyint(1) NOT NULL,
  PRIMARY KEY (`addon`),
  KEY `priority` (`priority`)
) ENGINE=MyISAM DEFAULT CHARSET=utf8;

-- Dumping data for table installer_skozachuk_cscart421u.cscart_addons: 35 rows
/*!40000 ALTER TABLE `cscart_addons` DISABLE KEYS */;
INSERT INTO `cscart_addons` (`addon`, `status`, `version`, `priority`, `dependencies`, `conflicts`, `separate`, `unmanaged`, `has_icon`) VALUES
	('access_restrictions', 'D', '1.0', 2700, '', '', 0, 0, 0),
	('attachments', 'A', '1.0', 600, '', '', 0, 0, 1),
	('banners', 'A', '1.0', 2800, '', '', 0, 0, 0),
	('barcode', 'A', '1.0', 2500, '', '', 0, 0, 0),
	('bestsellers', 'A', '1.0', 2300, '', '', 0, 0, 0),
	('buy_together', 'D', '1.0', 100, '', '', 0, 0, 0),
	('catalog_mode', 'D', '1.0', 4200, '', 'buy_together,gift_certificates,product_configurator', 0, 0, 0),
	('customers_also_bought', 'A', '1.0', 900, '', '', 0, 0, 0),
	('data_feeds', 'A', '1.0', 4000, '', '', 0, 0, 0),
	('discussion', 'A', '1.0', 3000, '', '', 0, 0, 0),
	('email_marketing', 'D', '1.0', 500, '', 'news_and_emails', 1, 0, 0),
	('form_builder', 'A', '1.0', 2400, '', '', 0, 0, 0),
	('gift_certificates', 'A', '1.0', 1100, '', '', 0, 0, 0),
	('google_analytics', 'D', '1.0', 2000, '', '', 0, 0, 0),
	('google_sitemap', 'A', '1.0', 3500, '', '', 0, 0, 0),
	('help_tutorial', 'A', '1.0', 100, '', '', 0, 0, 0),
	('hidpi', 'D', '1.0', 1, '', '', 0, 0, 0),
	('hybrid_auth', 'A', '1.0', 4200, '', 'loginza,janrain', 0, 0, 0),
	('image_zoom', 'A', '', 3500, '', '', 0, 0, 0),
	('janrain', 'D', '1.0', 4200, '', 'loginza,hybrid_auth', 0, 0, 0),
	('my_changes', 'D', '1.0', 4294967294, '', '', 0, 0, 0),
	('news_and_emails', 'A', '1.0', 500, '', 'email_marketing', 0, 0, 0),
	('polls', 'D', '1.0', 2600, '', '', 0, 0, 0),
	('price_list', 'A', '1.0', 4100, '', '', 0, 0, 0),
	('required_products', 'A', '1.0', 3900, '', '', 0, 0, 0),
	('reward_points', 'A', '1.0', 1900, '', '', 0, 0, 0),
	('rma', 'D', '1.0', 1600, '', '', 0, 0, 0),
	('rss_feed', 'A', '1.0', 490, '', '', 0, 0, 0),
	('seo', 'A', '1.0', 1800, '', '', 0, 0, 0),
	('social_buttons', 'A', '1.0', 100, '', '', 0, 0, 0),
	('store_locator', 'A', '2.0', 1200, '', '', 0, 0, 0),
	('tags', 'D', '1.0', 200, '', '', 0, 0, 0),
	('twigmo', 'A', '', 100500, '', '', 1, 0, 0),
	('watermarks', 'D', '1.0', 3000, '', '', 0, 0, 0),
	('wishlist', 'A', '1.0', 3100, '', '', 0, 0, 0);
/*!40000 ALTER TABLE `cscart_addons` ENABLE KEYS */;


-- Dumping structure for table installer_skozachuk_cscart421u.cscart_addon_descriptions
DROP TABLE IF EXISTS `cscart_addon_descriptions`;
CREATE TABLE IF NOT EXISTS `cscart_addon_descriptions` (
  `addon` varchar(32) NOT NULL DEFAULT '',
  `name` varchar(255) NOT NULL DEFAULT '',
  `description` varchar(255) NOT NULL DEFAULT '',
  `lang_code` char(2) NOT NULL DEFAULT '',
  PRIMARY KEY (`addon`,`lang_code`)
) ENGINE=MyISAM DEFAULT CHARSET=utf8;

-- Dumping data for table installer_skozachuk_cscart421u.cscart_addon_descriptions: 35 rows
/*!40000 ALTER TABLE `cscart_addon_descriptions` DISABLE KEYS */;
INSERT INTO `cscart_addon_descriptions` (`addon`, `name`, `description`, `lang_code`) VALUES
	('access_restrictions', 'Access restrictions', 'Lets you limit storefront and administrator area access to certain IP-addresses with different options', 'en'),
	('attachments', 'Attachments', 'Makes it possible to attach files to products', 'en'),
	('banners', 'Banners management', 'Allows you to create text and visual banners', 'en'),
	('barcode', 'Order barcode', 'Makes it possible to configure and attach barcodes to orders', 'en'),
	('bestsellers', 'Bestsellers & on sale products', 'Collects best selling & on sale product data and adds block fillings to show such products', 'en'),
	('buy_together', 'Buy together', 'Allows you to set up share discounts on certain product combinations', 'en'),
	('catalog_mode', 'Catalog mode', 'Allows you to use the store as a product catalog', 'en'),
	('customers_also_bought', 'Customers also bought', 'Makes it possible to create a special block for the products often purchased along with the current one', 'en'),
	('data_feeds', 'Data feeds', 'Makes it possible to create product data feeds in CSV', 'en'),
	('discussion', 'Comments and reviews', 'Lets customers leave comments to products, categories, orders, etc., review products and write testimonials', 'en'),
	('email_marketing', 'E-mail marketing', 'Synchronizes your newsletter subscriber lists with MailChimp and Mad Mimi', 'en'),
	('form_builder', 'Form builder', 'Lets you create custom forms (e.g. Contact us or Apply for partnership)', 'en'),
	('gift_certificates', 'Gift certificates', 'Adds a built-in gift certificate system', 'en'),
	('google_analytics', 'Google Analytics', 'Integrates a Google Analytics service with the store', 'en'),
	('google_sitemap', 'Google sitemap', 'Creates a sitemap.xml for Google', 'en'),
	('help_tutorial', 'Video tutorials', 'Enables on-site video tutorials in the admin panel', 'en'),
	('hidpi', 'HiDPI displays support', 'Support for Retina displays', 'en'),
	('hybrid_auth', 'Social login', 'Adds the Social Login feature; allows customers use Facebook, Twitter, etc. to log in on the store', 'en'),
	('image_zoom', 'Image zoom', 'Shows zoomed image on product image hover', 'en'),
	('janrain', 'Janrain', 'Adds the Social Login feature; allows customers use Facebook, Twitter, etc. to log in on the store', 'en'),
	('my_changes', 'My changes', 'A dummy add-on for easier hook design editing', 'en'),
	('news_and_emails', 'News & e-mails', 'Lets you manage site news and configure newsletter sending', 'en'),
	('polls', 'Polls', 'Adds a possibility to add customized polls to the site', 'en'),
	('price_list', 'Price list', 'Generates configurable price list in PDF or XLS', 'en'),
	('required_products', 'Required products', 'Makes it possible to specify products required for purchase', 'en'),
	('reward_points', 'Reward points', 'Lets customers earn and spend points for purchases', 'en'),
	('rma', 'RMA', 'Adds a return management system', 'en'),
	('rss_feed', 'RSS feed', 'Generates RSS feeds for products, news and pages', 'en'),
	('seo', 'SEO', 'Adds Search engine-friendly URLs support', 'en'),
	('social_buttons', 'Social buttons', 'Social media and e-mail share buttons (Twitter, Facebook, etc.)', 'en'),
	('store_locator', 'Store locator', 'Lets you place local stores on map and inform customers about their nearest stores', 'en'),
	('tags', 'Tags', 'Enables product tags', 'en'),
	('twigmo', 'Twigmo', 'Connect your store to the Twigmo service to create a mobile version and get an admin mobile application', 'en'),
	('watermarks', 'Watermarks', 'Allows you to add watermarks to product and category images', 'en'),
	('wishlist', 'Wish List', 'Lets customers store items in personal wish lists', 'en');
/*!40000 ALTER TABLE `cscart_addon_descriptions` ENABLE KEYS */;


-- Dumping structure for table installer_skozachuk_cscart421u.cscart_also_bought_products
DROP TABLE IF EXISTS `cscart_also_bought_products`;
CREATE TABLE IF NOT EXISTS `cscart_also_bought_products` (
  `product_id` mediumint(8) unsigned NOT NULL DEFAULT '0',
  `related_id` mediumint(8) unsigned NOT NULL DEFAULT '0',
  `amount` smallint(5) unsigned NOT NULL DEFAULT '0',
  PRIMARY KEY (`product_id`,`related_id`)
) ENGINE=MyISAM DEFAULT CHARSET=utf8;

-- Dumping data for table installer_skozachuk_cscart421u.cscart_also_bought_products: 0 rows
/*!40000 ALTER TABLE `cscart_also_bought_products` DISABLE KEYS */;
/*!40000 ALTER TABLE `cscart_also_bought_products` ENABLE KEYS */;


-- Dumping structure for table installer_skozachuk_cscart421u.cscart_attachments
DROP TABLE IF EXISTS `cscart_attachments`;
CREATE TABLE IF NOT EXISTS `cscart_attachments` (
  `attachment_id` mediumint(8) unsigned NOT NULL AUTO_INCREMENT,
  `object_type` varchar(30) NOT NULL DEFAULT '',
  `object_id` mediumint(8) unsigned NOT NULL DEFAULT '0',
  `type` char(1) NOT NULL DEFAULT '',
  `position` int(11) NOT NULL DEFAULT '0',
  `filename` varchar(100) NOT NULL DEFAULT '',
  `filesize` int(11) unsigned NOT NULL DEFAULT '0',
  `usergroup_ids` varchar(255) NOT NULL DEFAULT '0',
  `status` char(1) NOT NULL DEFAULT 'A',
  PRIMARY KEY (`attachment_id`),
  KEY `object_type` (`object_type`,`object_id`),
  KEY `type` (`type`)
) ENGINE=MyISAM DEFAULT CHARSET=utf8;

-- Dumping data for table installer_skozachuk_cscart421u.cscart_attachments: 0 rows
/*!40000 ALTER TABLE `cscart_attachments` DISABLE KEYS */;
/*!40000 ALTER TABLE `cscart_attachments` ENABLE KEYS */;


-- Dumping structure for table installer_skozachuk_cscart421u.cscart_attachment_descriptions
DROP TABLE IF EXISTS `cscart_attachment_descriptions`;
CREATE TABLE IF NOT EXISTS `cscart_attachment_descriptions` (
  `attachment_id` mediumint(8) unsigned NOT NULL DEFAULT '0',
  `lang_code` char(2) NOT NULL DEFAULT '',
  `description` varchar(255) NOT NULL DEFAULT '',
  PRIMARY KEY (`attachment_id`,`lang_code`)
) ENGINE=MyISAM DEFAULT CHARSET=utf8;

-- Dumping data for table installer_skozachuk_cscart421u.cscart_attachment_descriptions: 0 rows
/*!40000 ALTER TABLE `cscart_attachment_descriptions` DISABLE KEYS */;
/*!40000 ALTER TABLE `cscart_attachment_descriptions` ENABLE KEYS */;


-- Dumping structure for table installer_skozachuk_cscart421u.cscart_banners
DROP TABLE IF EXISTS `cscart_banners`;
CREATE TABLE IF NOT EXISTS `cscart_banners` (
  `banner_id` mediumint(8) unsigned NOT NULL AUTO_INCREMENT,
  `status` char(1) NOT NULL DEFAULT 'A',
  `type` char(1) NOT NULL DEFAULT 'G',
  `target` char(1) NOT NULL DEFAULT 'B',
  `localization` varchar(255) NOT NULL DEFAULT '',
  `timestamp` int(11) unsigned NOT NULL DEFAULT '0',
  `position` smallint(5) unsigned NOT NULL DEFAULT '0',
  `company_id` int(11) unsigned NOT NULL DEFAULT '0',
  PRIMARY KEY (`banner_id`),
  KEY `localization` (`localization`),
  KEY `status` (`status`),
  KEY `company_id` (`company_id`)
) ENGINE=MyISAM AUTO_INCREMENT=6 DEFAULT CHARSET=utf8;

-- Dumping data for table installer_skozachuk_cscart421u.cscart_banners: 4 rows
/*!40000 ALTER TABLE `cscart_banners` DISABLE KEYS */;
INSERT INTO `cscart_banners` (`banner_id`, `status`, `type`, `target`, `localization`, `timestamp`, `position`, `company_id`) VALUES
	(2, 'D', 'G', 'T', '', 1184702400, 0, 1),
	(3, 'A', 'G', 'T', '', 1328040000, 0, 1),
	(4, 'A', 'G', 'T', '', 1328040000, 0, 1),
	(5, 'A', 'G', 'T', '', 1328040000, 0, 1);
/*!40000 ALTER TABLE `cscart_banners` ENABLE KEYS */;


-- Dumping structure for table installer_skozachuk_cscart421u.cscart_banner_descriptions
DROP TABLE IF EXISTS `cscart_banner_descriptions`;
CREATE TABLE IF NOT EXISTS `cscart_banner_descriptions` (
  `banner_id` mediumint(8) unsigned NOT NULL DEFAULT '0',
  `banner` varchar(255) NOT NULL DEFAULT '',
  `url` varchar(255) NOT NULL DEFAULT '',
  `description` mediumtext NOT NULL,
  `lang_code` char(2) NOT NULL DEFAULT '',
  PRIMARY KEY (`banner_id`,`lang_code`)
) ENGINE=MyISAM DEFAULT CHARSET=utf8;

-- Dumping data for table installer_skozachuk_cscart421u.cscart_banner_descriptions: 4 rows
/*!40000 ALTER TABLE `cscart_banner_descriptions` DISABLE KEYS */;
INSERT INTO `cscart_banner_descriptions` (`banner_id`, `banner`, `url`, `description`, `lang_code`) VALUES
	(2, 'Special offer', '', '', 'en'),
	(3, 'Plasma TVs banner', '', '', 'en'),
	(4, 'Golf Clubs banner', '', '', 'en'),
	(5, 'Tablets banner', '', '', 'en');
/*!40000 ALTER TABLE `cscart_banner_descriptions` ENABLE KEYS */;


-- Dumping structure for table installer_skozachuk_cscart421u.cscart_banner_images
DROP TABLE IF EXISTS `cscart_banner_images`;
CREATE TABLE IF NOT EXISTS `cscart_banner_images` (
  `banner_image_id` mediumint(8) unsigned NOT NULL AUTO_INCREMENT,
  `banner_id` mediumint(8) unsigned NOT NULL DEFAULT '0',
  `lang_code` char(2) NOT NULL DEFAULT '',
  PRIMARY KEY (`banner_image_id`),
  UNIQUE KEY `banner` (`banner_id`,`lang_code`)
) ENGINE=MyISAM AUTO_INCREMENT=10 DEFAULT CHARSET=utf8;

-- Dumping data for table installer_skozachuk_cscart421u.cscart_banner_images: 4 rows
/*!40000 ALTER TABLE `cscart_banner_images` DISABLE KEYS */;
INSERT INTO `cscart_banner_images` (`banner_image_id`, `banner_id`, `lang_code`) VALUES
	(6, 2, 'en'),
	(7, 3, 'en'),
	(8, 4, 'en'),
	(9, 5, 'en');
/*!40000 ALTER TABLE `cscart_banner_images` ENABLE KEYS */;


-- Dumping structure for table installer_skozachuk_cscart421u.cscart_bm_blocks
DROP TABLE IF EXISTS `cscart_bm_blocks`;
CREATE TABLE IF NOT EXISTS `cscart_bm_blocks` (
  `block_id` int(11) unsigned NOT NULL AUTO_INCREMENT,
  `type` varchar(64) NOT NULL DEFAULT '',
  `properties` text NOT NULL,
  `company_id` int(11) unsigned DEFAULT NULL,
  PRIMARY KEY (`block_id`)
) ENGINE=MyISAM AUTO_INCREMENT=34 DEFAULT CHARSET=utf8;

-- Dumping data for table installer_skozachuk_cscart421u.cscart_bm_blocks: 33 rows
/*!40000 ALTER TABLE `cscart_bm_blocks` DISABLE KEYS */;
INSERT INTO `cscart_bm_blocks` (`block_id`, `type`, `properties`, `company_id`) VALUES
	(1, 'breadcrumbs', 'a:1:{s:8:"template";s:22:"common/breadcrumbs.tpl";}', 1),
	(2, 'main', '', 1),
	(3, 'template', 'a:1:{s:8:"template";s:32:"blocks/static_templates/logo.tpl";}', 1),
	(4, 'template', 'a:1:{s:8:"template";s:34:"blocks/static_templates/search.tpl";}', 1),
	(5, 'cart_content', 'a:5:{s:8:"template";s:23:"blocks/cart_content.tpl";s:22:"display_bottom_buttons";s:1:"Y";s:20:"display_delete_icons";s:1:"Y";s:19:"products_links_type";s:5:"thumb";s:20:"generate_block_title";s:1:"Y";}', 1),
	(6, 'categories', 'a:3:{s:8:"template";s:52:"blocks/categories/categories_dropdown_horizontal.tpl";s:30:"dropdown_second_level_elements";s:2:"12";s:29:"dropdown_third_level_elements";s:1:"6";}', 1),
	(7, 'languages', 'a:4:{s:8:"template";s:20:"blocks/languages.tpl";s:4:"text";s:0:"";s:6:"format";s:4:"name";s:14:"dropdown_limit";s:1:"0";}', 1),
	(8, 'currencies', 'a:4:{s:8:"template";s:21:"blocks/currencies.tpl";s:4:"text";s:0:"";s:6:"format";s:6:"symbol";s:14:"dropdown_limit";s:1:"3";}', 1),
	(9, 'my_account', 'a:1:{s:8:"template";s:21:"blocks/my_account.tpl";}', 1),
	(10, 'menu', 'a:2:{s:8:"template";s:26:"blocks/menu/text_links.tpl";s:18:"show_items_in_line";s:1:"Y";}', 1),
	(11, 'template', 'a:1:{s:8:"template";s:60:"addons/news_and_emails/blocks/static_templates/subscribe.tpl";}', 1),
	(12, 'smarty_block', 'a:1:{s:8:"template";s:23:"blocks/smarty_block.tpl";}', 1),
	(13, 'template', 'a:1:{s:8:"template";s:44:"blocks/static_templates/my_account_links.tpl";}', 1),
	(14, 'smarty_block', 'a:1:{s:8:"template";s:23:"blocks/smarty_block.tpl";}', 1),
	(15, 'smarty_block', 'a:1:{s:8:"template";s:23:"blocks/smarty_block.tpl";}', 1),
	(16, 'smarty_block', 'a:1:{s:8:"template";s:23:"blocks/smarty_block.tpl";}', 1),
	(17, 'template', 'a:1:{s:8:"template";s:37:"blocks/static_templates/copyright.tpl";}', 1),
	(18, 'template', 'a:1:{s:8:"template";s:41:"blocks/static_templates/payment_icons.tpl";}', 1),
	(19, 'template', 'a:1:{s:8:"template";s:31:"blocks/static_templates/404.tpl";}', 1),
	(20, 'template', 'a:1:{s:8:"template";s:37:"blocks/static_templates/auth_info.tpl";}', 1),
	(21, 'checkout', 'a:1:{s:8:"template";s:27:"blocks/checkout/summary.tpl";}', 1),
	(22, 'checkout', 'a:1:{s:8:"template";s:36:"blocks/checkout/products_in_cart.tpl";}', 1),
	(23, 'checkout', 'a:1:{s:8:"template";s:30:"blocks/checkout/order_info.tpl";}', 1),
	(24, 'product_filters', 'a:1:{s:8:"template";s:35:"blocks/product_filters/original.tpl";}', 1),
	(25, 'products', 'a:3:{s:8:"template";s:40:"blocks/products/products_small_items.tpl";s:11:"item_number";s:1:"N";s:23:"hide_add_to_cart_button";s:1:"Y";}', 1),
	(26, 'template', 'a:1:{s:8:"template";s:40:"blocks/static_templates/profile_info.tpl";}', 1),
	(27, 'banners', 'a:3:{s:8:"template";s:34:"addons/banners/blocks/carousel.tpl";s:10:"navigation";s:1:"D";s:5:"delay";s:1:"7";}', 1),
	(28, 'products', 'a:10:{s:8:"template";s:37:"blocks/products/products_scroller.tpl";s:10:"show_price";s:1:"N";s:17:"enable_quick_view";s:1:"N";s:24:"not_scroll_automatically";s:1:"Y";s:5:"speed";s:3:"400";s:15:"scroll_per_page";s:1:"Y";s:11:"pause_delay";s:1:"3";s:13:"item_quantity";s:1:"4";s:15:"thumbnail_width";s:3:"160";s:23:"hide_add_to_cart_button";s:1:"Y";}', 1),
	(29, 'products', 'a:4:{s:8:"template";s:41:"blocks/products/products_multicolumns.tpl";s:11:"item_number";s:1:"N";s:17:"number_of_columns";s:1:"4";s:23:"hide_add_to_cart_button";s:1:"Y";}', 1),
	(30, 'our_brands', 'a:7:{s:8:"template";s:21:"blocks/our_brands.tpl";s:24:"not_scroll_automatically";s:1:"Y";s:5:"speed";s:3:"400";s:15:"scroll_per_page";s:1:"Y";s:11:"pause_delay";s:1:"3";s:13:"item_quantity";s:1:"7";s:15:"thumbnail_width";s:2:"75";}', 1),
	(31, 'smarty_block', 'a:1:{s:8:"template";s:23:"blocks/smarty_block.tpl";}', 1),
	(32, 'gift_certificates_verify', 'a:1:{s:8:"template";s:60:"addons/gift_certificates/blocks/gift_certificates_verify.tpl";}', 1),
	(33, 'products', 'a:3:{s:8:"template";s:29:"blocks/products/grid_list.\ntpl";s:11:"hide_header";s:1:"N";s:23:"hide_add_to_cart_button";s:1:"Y";}', 1);
/*!40000 ALTER TABLE `cscart_bm_blocks` ENABLE KEYS */;


-- Dumping structure for table installer_skozachuk_cscart421u.cscart_bm_blocks_content
DROP TABLE IF EXISTS `cscart_bm_blocks_content`;
CREATE TABLE IF NOT EXISTS `cscart_bm_blocks_content` (
  `snapping_id` int(11) unsigned NOT NULL,
  `object_id` int(11) unsigned NOT NULL DEFAULT '0',
  `object_type` varchar(64) NOT NULL DEFAULT '',
  `block_id` int(11) unsigned NOT NULL,
  `lang_code` char(2) NOT NULL DEFAULT '',
  `content` text NOT NULL,
  PRIMARY KEY (`block_id`,`snapping_id`,`lang_code`,`object_id`,`object_type`)
) ENGINE=MyISAM DEFAULT CHARSET=utf8;

-- Dumping data for table installer_skozachuk_cscart421u.cscart_bm_blocks_content: 46 rows
/*!40000 ALTER TABLE `cscart_bm_blocks_content` DISABLE KEYS */;
INSERT INTO `cscart_bm_blocks_content` (`snapping_id`, `object_id`, `object_type`, `block_id`, `lang_code`, `content`) VALUES
	(0, 0, '', 1, 'en', ''),
	(0, 0, '', 2, 'en', ''),
	(0, 0, '', 3, 'en', ''),
	(0, 0, '', 4, 'en', ''),
	(0, 0, '', 5, 'en', ''),
	(0, 0, '', 6, 'en', 'a:1:{s:5:"items";a:2:{s:7:"filling";s:13:"full_tree_cat";s:17:"parent_element_id";s:1:"0";}}'),
	(0, 0, '', 6, 'ru', 'a:1:{s:5:"items";a:2:{s:7:"filling";s:13:"full_tree_cat";s:17:"parent_element_id";s:1:"0";}}'),
	(0, 0, '', 7, 'en', ''),
	(0, 0, '', 8, 'en', ''),
	(0, 0, '', 9, 'en', ''),
	(0, 0, '', 10, 'en', 'a:1:{s:4:"menu";s:1:"1";}'),
	(0, 0, '', 10, 'ru', 'a:1:{s:4:"menu";s:1:"1";}'),
	(0, 0, '', 11, 'en', ''),
	(0, 0, '', 12, 'en', 'a:1:{s:7:"content";s:352:"<div class="ty-social-link-block"><h3 class="ty-social-link__title">{__("get_social")}</h3>\n\n<div class="ty-social-link facebook">\n    <a href="http://www.facebook.com"><i class="ty-icon-facebook"></i> Facebook</a>\n</div>\n\n\n<div class="ty-social-link twitter">\n    <a href="https://twitter.com"><i class="ty-icon-twitter"></i> Twitter</a>\n</div></div>\n";}'),
	(0, 0, '', 12, 'ru', 'a:1:{s:7:"content";s:351:"<div class="ty-social-link-block"><h3 class="ty-social-link__title">{__("get_social")}</h3>\n\n<div class="ty-social-link facebook">\n    <a href="http://www.facebook.com"><i class="ty-icon-facebook"></i> Facebook</a>\n</div>\n\n\n<div class="ty-social-link twitter">\n    <a href="https://twitter.com"><i class="ty-icon-twitter"></i> Twitter</a>\n</div></div>";}'),
	(0, 0, '', 13, 'en', ''),
	(0, 0, '', 14, 'en', 'a:1:{s:7:"content";s:847:"<p class="ty-footer-menu__header cm-combination" id="sw_demo_store_links"><span>Demo Store</span><i class="ty-footer-menu__icon-open ty-icon-down-open"></i><i class="ty-footer-menu__icon-hide ty-icon-up-open"></i></p>\n<ul id="demo_store_links" class="ty-footer-menu__items">\n<li class="ty-footer-menu__item"><a href="{"pages.view?page_id=2"|fn_url}">About us</a></li>\n<li class="ty-footer-menu__item"><a href="{"pages.view?page_id=30"|fn_url}">Contact us</a></li>\n<li class="ty-footer-menu__item"><a href="{"gift_certificates.add"|fn_url}">Gift certificates</a></li>\n<li class="ty-footer-menu__item"><a href="{"product_features.view_all?filter_id=10"|fn_url}">Our brands</a></li>\n<li class="ty-footer-menu__item"><a href="{"sitemap.view"|fn_url}">Sitemap</a></li>\n<li class="ty-footer-menu__item"><a href="{"news.list"|fn_url}">News</a></li>\n</ul>";}'),
	(0, 0, '', 14, 'ru', 'a:1:{s:7:"content";s:934:"<p class="ty-footer-menu__header cm-combination" id="sw_demo_store_links"><span>Демо-магазин</span><i class="ty-footer-menu__icon-open ty-icon-down-open"></i><i class="ty-footer-menu__icon-hide ty-icon-up-open"></i></p>\n<ul id="demo_store_links" class="ty-footer-menu__items">\n<li class="ty-footer-menu__item"><a href="{"pages.view?page_id=2"|fn_url}">О нас</a></li>\n<li class="ty-footer-menu__item"><a href="{"pages.view?page_id=30"|fn_url}">Контакты</a></li>\n<li class="ty-footer-menu__item"><a href="{"gift_certificates.add"|fn_url}">Подарочные сертификаты</a></li>\n<li class="ty-footer-menu__item"><a href="{"product_features.view_all?filter_id=10"|fn_url}">Торговые марки</a></li>\n<li class="ty-footer-menu__item"><a href="{"sitemap.view"|fn_url}">Карта сайта</a></li>\n<li class="ty-footer-menu__item"><a href="{"news.list"|fn_url}">Новости</a></li>\n</ul>";}'),
	(0, 0, '', 15, 'en', 'a:1:{s:7:"content";s:579:"<p class="ty-footer-menu__header cm-combination" id="sw_customer_service_links"><span>Customer Service</span><i class="ty-footer-menu__icon-open ty-icon-down-open"></i><i class="ty-footer-menu__icon-hide ty-icon-up-open"></i></p>\n<ul id="customer_service_links" class="ty-footer-menu__items">\n<li class="ty-footer-menu__item"><a href="{"orders.search"|fn_url}">About your order</a></li>\n<li class="ty-footer-menu__item"><a href="{"wishlist.view"|fn_url}">Wishlist</a></li>\n<li class="ty-footer-menu__item"><a href="{"product_features.compare"|fn_url}">Compare list</a></li>\n</ul>";}'),
	(0, 0, '', 15, 'ru', 'a:1:{s:7:"content";s:640:"<p class="ty-\nfooter-menu__header cm-combination" id="sw_customer_service_links"><span>Обслуживание клиентов</span><i class="ty-footer-menu__icon-open ty-icon-down-open"></i><i class="ty-footer-menu__icon-hide ty-icon-up-open"></i></p>\n<ul id="customer_service_links" class="ty-footer-menu__items">\n<li class="ty-footer-menu__item"><a href="{"orders.search"|fn_url}">Ваши заказы</a></li>\n<li class="ty-footer-menu__item"><a href="{"wishlist.view"|fn_url}">Отложенные</a></li>\n<li class="ty-footer-menu__item"><a href="{"product_features.compare"|fn_url}">Список сравнения</a></li>\n</ul>";}'),
	(0, 0, '', 16, 'en', 'a:1:{s:7:"content";s:476:"<p class="ty-footer-menu__header cm-combination" id="sw_about_cs_cart_links"><span>About us</span><i class="ty-footer-menu__icon-open ty-icon-down-open"></i><i class="ty-footer-menu__icon-hide ty-icon-up-open"></i></p>\n<ul id="about_cs_cart_links" class="ty-footer-menu__items">\n<li class="ty-footer-menu__item"><a href="{"pages.view?page_id=1"|fn_url}">Our team</a></li>\n<li class="ty-footer-menu__item"><a href="{"pages.view?page_id=3"|fn_url}">Privacy policy</a></li>\n</ul>";}'),
	(0, 0, '', 16, 'ru', 'a:1:{s:7:"content";s:531:"<p class="ty-footer-menu__header cm-combination" id="sw_about_cs_cart_links"><span>О нас</span><i class="ty-footer-menu__icon-open ty-icon-down-open"></i><i class="ty-footer-menu__icon-hide ty-icon-up-open"></i></p>\n<ul id="about_cs_cart_links" class="ty-footer-menu__items">\n<li class="ty-footer-menu__item"><a href="{"pages.view?page_id=1"|fn_url}">Наша команда</a></li>\n<li class="ty-footer-menu__item"><a href="{"pages.view?page_id=3"|fn_url}">Политика конфиденциальности</a></li>\n</ul>";}'),
	(0, 0, '', 17, 'en', ''),
	(0, 0, '', 18, 'en', ''),
	(0, 0, '', 19, 'en', ''),
	(0, 0, '', 20, 'en', ''),
	(0, 0, '', 21, 'en', ''),
	(0, 0, '', 22, 'en', ''),
	(0, 0, '', 23, 'en', ''),
	(0, 0, '', 24, 'en', 'a:1:{s:5:"items";a:1:{s:7:"filling";s:8:"manually";}}'),
	(0, 0, '', 24, 'ru', 'a:1:{s:5:"items";a:1:{s:7:"filling";s:8:"manually";}}'),
	(0, 0, '', 25, 'en', 'a:1:{s:5:"items";a:2:{s:7:"filling";s:15:"recent_products";s:5:"limit";s:1:"3";}}'),
	(0, 0, '', 25, 'ru', 'a:1:{s:5:"items";a:2:{s:7:"filling";s:15:"recent_products";s:5:"limit";s:1:"3";}}'),
	(0, 0, '', 26, 'en', ''),
	(0, 0, '', 27, 'en', 'a:1:{s:5:"items";a:4:{s:7:"filling";s:6:"newest";s:6:"period";s:1:"A";s:9:"last_days";s:2:"10";s:5:"limit";s:1:"3";}}'),
	(0, 0, '', 27, 'ru', 'a:1:{s:5:"items";a:4:{s:7:"filling";s:6:"newest";s:6:"period";s:1:"A";s:9:"last_days";s:2:"10";s:5:"limit";s:1:"3";}}'),
	(0, 0, '', 27, '', 'a:1:{s:5:"items";a:4:{s:7:"filling";s:6:"newest";s:6:"period";s:1:"A";s:9:"last_days";s:2:"10";s:5:"limit";s:1:"3";}}'),
	(0, 0, '', 28, 'en', 'a:1:{s:5:"items";a:4:{s:7:"filling";s:6:"newest";s:6:"period";s:1:"A";s:9:"last_days";s:2:"10";s:5:"limit";s:1:"6";}}'),
	(0, 0, '', 28, 'ru', 'a:1:{s:5:"items";a:4:{s:7:"filling";s:6:"newest";s:6:"period";s:1:"A";s:9:"last_days";s:2:"10";s:5:"limit";s:1:"6";}}'),
	(0, 0, '', 29, 'en', 'a:1:{s:5:"items";a:3:{s:7:"filling";s:7:"on_sale";s:5:"limit";s:1:"8";s:3:"cid";s:0:"";}}'),
	(0, 0, '', 29, 'ru', 'a:1:{s:5:"items";a:3:{s:7:"filling";s:7:"on_sale";s:5:"limit";s:1:"8";s:3:"cid";s:0:"";}}'),
	(0, 0, '', 30, 'en', ''),
	(0, 0, '', 31, 'en', 'a:1:{s:7:"content";s:1128:"<div class="ty-benefits-guarantees clearfix">\n<ul class="ty-benefits-guarantees__list">\n    <li class="ty-benefits-guarantees__item">\n        <a class="ty-benefits-guarantees__a" href="{"pages.view?page_id=6"|fn_url}">\n        <i class="ty-benefits-guarantees__icon ty-benefits-low-price"></i>\n        <h4 class="ty-benefits-guarantees__title"><strong>Low price</strong> Guarantee</h4>\n        </a>\n    </li>\n    <li class="ty-benefits-guarantees__item">\n        <a class="ty-benefits-guarantees__a" href="{"pages.view?page_id=5"|fn_url}">\n        <i class="ty-benefits-guarantees__icon ty-benefits-free-shipping"></i>\n        <h4 class="ty-benefits-guarantees__title"><strong>Free</\nstrong> shipping</h4>\n        <p class="ty-benefits-guarantees__txt">Orders $19 and up.</p>\n        </a>\n    </li>\n    <li class="ty-benefits-guarantees__item">\n        <a class="ty-benefits-guarantees__a" href="{"pages.view?page_id=4"|fn_url}">\n        <i class="ty-benefits-guarantees__icon ty-benefits-free-returns"></i>\n        <h4 class="ty-benefits-guarantees__title"><strong>Free</strong> returns</h4>\n        </a>\n    </li>\n</ul>\n\n</div>";}'),
	(0, 0, '', 31, 'ru', 'a:1:{s:7:"content";s:1128:"<div class="ty-benefits-guarantees clearfix">\n<ul class="ty-benefits-guarantees__list">\n    <li class="ty-benefits-guarantees__item">\n        <a class="ty-benefits-guarantees__a" href="{"pages.view?page_id=6"|fn_url}">\n        <i class="ty-benefits-guarantees__icon ty-benefits-low-price"></i>\n        <h4 class="ty-benefits-guarantees__title"><strong>Low price</strong> Guarantee</h4>\n        </a>\n    </li>\n    <li class="ty-benefits-guarantees__item">\n        <a class="ty-benefits-guarantees__a" href="{"pages.view?page_id=5"|fn_url}">\n        <i class="ty-benefits-guarantees__icon ty-benefits-free-shipping"></i>\n        <h4 class="ty-benefits-guarantees__title"><strong>Free</strong> shipping</h4>\n        <p class="ty-benefits-guarantees__txt">Orders $19 and up.</p>\n        </a>\n    </li>\n    <li class="ty-benefits-guarantees__item">\n        <a class="ty-benefits-guarantees__a" href="{"pages.view?page_id=4"|fn_url}">\n        <i class="ty-benefits-guarantees__icon ty-benefits-free-returns"></i>\n        <h4 class="ty-benefits-guarantees__title"><strong>Free</strong> returns</h4>\n        </a>\n    </li>\n</ul>\n\n</div>";}'),
	(0, 0, '', 32, 'en', ''),
	(0, 0, '', 33, 'en', 'a:1:{s:5:"items";a:4:{s:7:"filling";s:6:"newest";s:6:"period";s:2:"HC";s:9:"last_days";s:2:"10";s:5:"limit";s:2:"30";}}');
/*!40000 ALTER TABLE `cscart_bm_blocks_content` ENABLE KEYS */;


-- Dumping structure for table installer_skozachuk_cscart421u.cscart_bm_blocks_descriptions
DROP TABLE IF EXISTS `cscart_bm_blocks_descriptions`;
CREATE TABLE IF NOT EXISTS `cscart_bm_blocks_descriptions` (
  `block_id` int(11) unsigned NOT NULL,
  `lang_code` char(2) NOT NULL DEFAULT '',
  `name` varchar(64) NOT NULL DEFAULT '',
  PRIMARY KEY (`block_id`,`lang_code`)
) ENGINE=MyISAM DEFAULT CHARSET=utf8;

-- Dumping data for table installer_skozachuk_cscart421u.cscart_bm_blocks_descriptions: 33 rows
/*!40000 ALTER TABLE `cscart_bm_blocks_descriptions` DISABLE KEYS */;
INSERT INTO `cscart_bm_blocks_descriptions` (`block_id`, `lang_code`, `name`) VALUES
	(1, 'en', 'Breadcrumbs'),
	(2, 'en', 'Main Content'),
	(3, 'en', 'Logo'),
	(4, 'en', 'Search'),
	(5, 'en', 'Cart content'),
	(6, 'en', 'Top menu'),
	(7, 'en', 'Languages'),
	(8, 'en', 'Currencies'),
	(9, 'en', 'My Account'),
	(10, 'en', 'Quick links'),
	(11, 'en', 'Subscribe'),
	(12, 'en', 'Social links'),
	(13, 'en', 'Bottom my account'),
	(14, 'en', 'Demo store'),
	(15, 'en', 'Customer service'),
	(16, 'en', 'About us'),
	(17, 'en', 'Copyright'),
	(18, 'en', 'Payment icons'),
	(19, 'en', '404'),
	(20, 'en', 'Auth information'),
	(21, 'en', 'Order summary'),
	(22, 'en', 'Products in your order'),
	(23, 'en', 'Order information'),
	(24, 'en', 'Product filters'),
	(25, 'en', 'Recently Viewed'),
	(26, 'en', 'Profile information'),
	(27, 'en', 'Main banners'),
	(28, 'en', 'Hot deals'),
	(29, 'en', 'On Sale'),
	(30, 'en', 'Our brands'),
	(31, 'en', 'Benefits & Guarantees'),
	(32, 'en', 'Gift certificate verification'),
	(33, 'en', 'Newest products');
/*!40000 ALTER TABLE `cscart_bm_blocks_descriptions` ENABLE KEYS */;


-- Dumping structure for table installer_skozachuk_cscart421u.cscart_bm_block_statuses
DROP TABLE IF EXISTS `cscart_bm_block_statuses`;
CREATE TABLE IF NOT EXISTS `cscart_bm_block_statuses` (
  `snapping_id` int(11) NOT NULL,
  `object_ids` text NOT NULL,
  `object_type` varchar(32) NOT NULL,
  UNIQUE KEY `snapping_id` (`snapping_id`,`object_type`)
) ENGINE=MyISAM DEFAULT CHARSET=utf8;

-- Dumping data for table installer_skozachuk_cscart421u.cscart_bm_block_statuses: 0 rows
/*!40000 ALTER TABLE `cscart_bm_block_statuses` DISABLE KEYS */;
/*!40000 ALTER TABLE `cscart_bm_block_statuses` ENABLE KEYS */;


-- Dumping structure for table installer_skozachuk_cscart421u.cscart_bm_containers
DROP TABLE IF EXISTS `cscart_bm_containers`;
CREATE TABLE IF NOT EXISTS `cscart_bm_containers` (
  `container_id` mediumint(9) unsigned NOT NULL AUTO_INCREMENT,
  `location_id` mediumint(9) unsigned NOT NULL,
  `position` enum('TOP_PANEL','HEADER','CONTENT','FOOTER') NOT NULL,
  `width` tinyint(4) NOT NULL,
  `user_class` varchar(128) NOT NULL DEFAULT '',
  `status` varchar(1) NOT NULL DEFAULT 'A',
  PRIMARY KEY (`container_id`)
) ENGINE=MyISAM AUTO_INCREMENT=113 DEFAULT CHARSET=utf8;

-- Dumping data for table installer_skozachuk_cscart421u.cscart_bm_containers: 112 rows
/*!40000 ALTER TABLE `cscart_bm_containers` DISABLE KEYS */;
INSERT INTO `cscart_bm_containers` (`container_id`, `location_id`, `position`, `width`, `user_class`, `status`) VALUES
	(1, 1, 'TOP_PANEL', 16, 'top-grid', 'A'),
	(2, 1, 'HEADER', 16, 'header-grid', 'A'),
	(3, 1, 'CONTENT', 16, 'content-grid', 'A'),
	(4, 1, 'FOOTER', 16, 'ty-footer-grid', 'A'),
	(5, 2, 'TOP_PANEL', 16, '', 'A'),
	(6, 2, 'HEADER', 16, '', 'A'),
	(7, 2, 'CONTENT', 16, 'content-grid', 'A'),
	(8, 2, 'FOOTER', 16, '', 'A'),
	(9, 3, 'TOP_PANEL', 16, '', 'A'),
	(10, 3, 'HEADER', 16, '', 'A'),
	(11, 3, 'CONTENT', 16, 'content-grid', 'A'),
	(12, 3, 'FOOTER', 16, '', 'A'),
	(13, 4, 'TOP_PANEL', 16, '', 'A'),
	(14, 4, 'HEADER', 16, '', 'A'),
	(15, 4, 'CONTENT', 16, 'content-grid', 'A'),
	(16, 4, 'FOOTER', 16, '', 'A'),
	(17, 5, 'TOP_PANEL', 16, '', 'A'),
	(18, 5, 'HEADER', 16, '', 'A'),
	(19, 5, 'CONTENT', 16, 'content-grid', 'A'),
	(20, 5, 'FOOTER', 16, '', 'A'),
	(21, 6, 'TOP_PANEL', 16, '', 'A'),
	(22, 6, 'HEADER', 16, '', 'A'),
	(23, 6, 'CONTENT', 16, 'content-grid', 'A'),
	(24, 6, 'FOOTER', 16, '', 'A'),
	(25, 7, 'TOP_PANEL', 16, '', 'A'),
	(26, 7, 'HEADER', 16, '', 'A'),
	(27, 7, 'CONTENT', 16, 'content-grid', 'A'),
	(28, 7, 'FOOTER', 16, '', 'A'),
	(29, 8, 'TOP_PANEL', 16, '', 'A'),
	(30, 8, 'HEADER', 16, '', 'A'),
	(31, 8, 'CONTENT', 16, 'content-grid', 'A'),
	(32, 8, 'FOOTER', 16, '', 'A'),
	(33, 9, 'TOP_PANEL', 16, '', 'A'),
	(34, 9, 'HEADER', 16, '', 'A'),
	(35, 9, 'CONTENT', 16, 'content-grid', 'A'),
	(36, 9, 'FOOTER', 16, '', 'A'),
	(37, 10, 'TOP_PANEL', 16, '', 'A'),
	(38, 10, 'HEADER', 16, '', 'A'),
	(39, 10, 'CONTENT', 16, 'content-grid', 'A'),
	(40, 10, 'FOOTER', 16, '', 'A'),
	(41, 11, 'TOP_PANEL', 16, '', 'A'),
	(42, 11, 'HEADER', 16, '', 'A'),
	(43, 11, 'CONTENT', 16, 'content-grid', 'A'),
	(44, 11, 'FOOTER', 16, '', 'A'),
	(45, 12, 'TOP_PANEL', 16, '', 'A'),
	(46, 12, 'HEADER', 16, '', 'A'),
	(47, 12, 'CONTENT', 16, 'content-grid', 'A'),
	(48, 12, 'FOOTER', 16, '', 'A'),
	(49, 13, 'TOP_PANEL', 16, 'top-grid', 'D'),
	(50, 13, 'HEADER', 16, 'header-widget-grid', 'A'),
	(51, 13, 'CONTENT', 16, 'content-grid', 'A'),
	(52, 13, 'FOOTER', 16, 'ty-footer-grid', 'D'),
	(53, 14, 'TOP_PANEL', 16, '', 'A'),
	(54, 14, 'HEADER', 16, '', 'A'),
	(55, 14, 'CONTENT', 16, 'content-grid', 'A'),
	(56, 14, 'FOOTER', 16, '', 'A'),
	(57, 15, 'TOP_PANEL', 16, '', 'A'),
	(58, 15, 'HEADER', 16, '', 'A'),
	(59, 15, 'CONTENT', 16, 'content-grid', 'A'),
	(60, 15, 'FOOTER', 16, '', 'A'),
	(61, 16, 'TOP_PANEL', 16, '', 'A'),
	(62, 16, 'HEADER', 16, '', 'A'),
	(63, 16, 'CONTENT', 16, 'content-grid', 'A'),
	(64, 16, 'FOOTER', 16, '', 'A'),
	(65, 17, 'TOP_PANEL', 16, '', 'A'),
	(66, 17, 'HEADER', 16, '', 'A'),
	(67, 17, 'CONTENT', 16, 'content-grid', 'A'),
	(68, 17, 'FOOTER', 16, '', 'A'),
	(69, 18, 'TOP_PANEL', 16, '', 'A'),
	(70, 18, 'HEADER', 16, '', 'A'),
	(71, 18, 'CONTENT', 16, 'content-grid', 'A'),
	(72, 18, 'FOOTER', 16, '', 'A'),
	(73, 19, 'TOP_PANEL', 16, '', 'A'),
	(74, 19, 'HEADER', 16, '', 'A'),
	(75, 19, 'CONTENT', 16, 'content-grid', 'A'),
	(76, 19, 'FOOTER', 16, '', 'A'),
	(77, 20, 'TOP_PANEL', 16, '', 'A'),
	(78, 20, 'HEADER', 16, '', 'A'),
	(79, 20, 'CONTENT', 16, 'content-grid', 'A'),
	(80, 20, 'FOOTER', 16, '', 'A'),
	(81, 21, 'TOP_PANEL', 16, '', 'A'),
	(82, 21, 'HEADER', 16, '', 'A'),
	(83, 21, 'CONTENT', 16, 'content-grid', 'A'),
	(84, 21, 'FOOTER', 16, '', 'A'),
	(85, 22, 'TOP_PANEL', 16, '', 'A'),
	(86, 22, 'HEADER', 16, '', 'A'),
	(87, 22, 'CONTENT', 16, 'content-grid', 'A'),
	(88, 22, 'FOOTER', 16, '', 'A'),
	(89, 23, 'TOP_PANEL', 16, '', 'A'),
	(90, 23, 'HEADER', 16, '', 'A'),
	(91, 23, 'CONTENT', 16, 'content-grid', 'A'),
	(92, 23, 'FOOTER', 16, '', 'A'),
	(93, 24, 'TOP_PANEL', 16, '', 'A'),
	(94, 24, 'HEADER', 16, '', 'A'),
	(95, 24, 'CONTENT', 16, 'content-grid', 'A'),
	(96, 24, 'FOOTER', 16, '', 'A'),
	(97, 25, 'TOP_PANEL', 16, '', 'A'),
	(98, 25, 'HEADER', 16, '', 'A'),
	(99, 25, 'CONTENT', 16, 'content-grid', 'A'),
	(100, 25, 'FOOTER', 16, '', 'A'),
	(101, 26, 'TOP_PANEL', 16, '', 'A'),
	(102, 26, 'HEADER', 16, '', 'A'),
	(103, 26, 'CONTENT', 16, 'content-grid', 'A'),
	(104, 26, 'FOOTER', 16, '', 'A'),
	(105, 27, 'TOP_PANEL', 16, '', 'A'),
	(106, 27, 'HEADER', 16, '', 'A'),
	(107, 27, 'CONTENT', 16, '', 'A'),
	(108, 27, 'FOOTER', 16, '', 'A'),
	(109, 28, 'TOP_PANEL', 16, '', 'A'),
	(110, 28, 'HEADER', 16, '', 'A'),
	(111, 28, 'CONTENT', 16, '', 'A'),
	(112, 28, 'FOOTER', 16, '', 'A');
/*!40000 ALTER TABLE `cscart_bm_containers` ENABLE KEYS */;


-- Dumping structure for table installer_skozachuk_cscart421u.cscart_bm_grids
DROP TABLE IF EXISTS `cscart_bm_grids`;
CREATE TABLE IF NOT EXISTS `cscart_bm_grids` (
  `grid_id` int(11) unsigned NOT NULL AUTO_INCREMENT,
  `container_id` mediumint(9) unsigned NOT NULL,
  `parent_id` int(11) unsigned NOT NULL DEFAULT '0',
  `order` mediumint(9) unsigned NOT NULL DEFAULT '0',
  `width` tinyint(4) unsigned NOT NULL DEFAULT '1',
  `offset` tinyint(4) unsigned NOT NULL DEFAULT '0',
  `user_class` varchar(128) NOT NULL DEFAULT '',
  `omega` tinyint(1) unsigned NOT NULL DEFAULT '0',
  `alpha` tinyint(1) unsigned NOT NULL DEFAULT '0',
  `wrapper` varchar(128) NOT NULL DEFAULT '',
  `content_align` enum('LEFT','RIGHT','FULL_WIDTH') NOT NULL DEFAULT 'FULL_WIDTH',
  `html_element` varchar(8) NOT NULL DEFAULT 'div',
  `clear` tinyint(1) unsigned NOT NULL DEFAULT '0',
  `status` varchar(1) NOT NULL DEFAULT 'A',
  PRIMARY KEY (`grid_id`)
) ENGINE=MyISAM AUTO_INCREMENT=102 DEFAULT CHARSET=utf8;

-- Dumping data for table installer_skozachuk_cscart421u.cscart_bm_grids: 101 rows
/*!40000 ALTER TABLE `cscart_bm_grids` DISABLE KEYS */;
INSERT INTO `cscart_bm_grids` (`grid_id`, `container_id`, `parent_id`, `order`, `width`, `offset`, `user_class`, `omega`, `alpha`, `wrapper`, `content_align`, `html_element`, `clear`, `status`) VALUES
	(1, 3, 0, 0, 16, 0, 'breadcrumbs-grid', 1, 1, '', 'FULL_WIDTH', 'div', 0, 'A'),
	(2, 3, 0, 0, 16, 0, 'main-content-grid', 1, 1, '', 'FULL_WIDTH', 'div', 0, 'A'),
	(3, 2, 0, 0, 5, 0, 'top-logo-grid', 0, 1, '', 'FULL_WIDTH', 'div', 0, 'A'),
	(4, 2, 0, 0, 6, 0, 'search-block-grid', 0, 0, '', 'FULL_WIDTH', 'div', 0, 'A'),
	(5, 2, 0, 0, 5, 0, 'cart-content-grid', 1, 0, '', 'RIGHT', 'div', 0, 'A'),
	(6, 2, 0, 0, 16, 0, 'top-menu-grid', 1, 1, '', 'FULL_WIDTH', 'div', 0, 'A'),
	(7, 1, 0, 0, 8, 0, 'top-links-grid', 0, 1, '', 'LEFT', 'div', 0, 'A'),
	(8, 1, 0, 0, 8, 0, 'top-links-grid', 1, 0, '', 'RIGHT', 'div', 0, 'A'),
	(9, 4, 0, 0, 16, 0, 'ty-footer-grid__full-width footer-stay-connected', 1, 1, '', 'FULL_WIDTH', 'div', 0, 'A'),
	(10, 4, 9, 0, 8, 0, '', 0, 1, '', 'LEFT', 'div', 0, 'A'),
	(11, 4, 9, 0, 8, 0, '', 1, 0, '', 'RIGHT', 'div', 1, 'A'),
	(12, 4, 0, 0, 16, 0, 'ty-footer-grid__full-width ty-footer-menu', 1, 1, '', 'FULL_WIDTH', 'div', 0, 'A'),
	(13, 4, 12, 0, 4, 0, 'my-account-grid', 0, 1, '', 'LEFT', 'div', 0, 'A'),
	(14, 4, 12, 0, 4, 0, 'demo-store-grid', 0, 0, '', 'LEFT', 'div', 0, 'A'),
	(15, 4, 12, 0, 4, 0, 'customer-service-grid', 0, 0, '', 'LEFT', 'div', 0, 'A'),
	(16, 4, 12, 0, 4, 0, 'about-grid', 1, 0, '', 'LEFT', 'div', 1, 'A'),
	(17, 4, 0, 0, 16, 0, 'ty-footer-grid__full-width footer-copyright', 1, 1, '', 'FULL_WIDTH', 'div', 0, 'A'),
	(18, 4, 17, 0, 8, 0, '', 0, 1, '', 'LEFT', 'div', 0, 'A'),
	(19, 4, 17, 0, 8, 0, '', 1, 0, '', 'RIGHT', 'div', 1, 'A'),
	(20, 7, 0, 0, 16, 0, 'main-content-grid', 1, 1, '', 'FULL_WIDTH', 'div', 1, 'A'),
	(21, 11, 0, 0, 16, 0, 'breadcrumbs-grid', 1, 1, '', 'FULL_WIDTH', 'div', 1, 'A'),
	(22, 11, 0, 0, 8, 0, 'main-content-grid', 0, 1, '', 'FULL_WIDTH', 'div', 0, 'A'),
	(23, 11, 0, 0, 8, 0, 'auth-information-grid', 1, 0, '', 'FULL_WIDTH', 'div', 1, 'A'),
	(24, 16, 0, 0, 16, 0, '', 0, 0, '', 'FULL_WIDTH', 'div', 0, 'A'),
	(25, 13, 0, 0, 16, 0, '', 0, 0, '', 'FULL_WIDTH', 'div', 0, 'A'),
	(26, 15, 0, 0, 16, 0, 'breadcrumbs-grid', 1, 1, '', 'FULL_WIDTH', 'div', 1, 'A'),
	(27, 15, 0, 0, 16, 0, 'main-content-grid', 1, 1, '', 'FULL_WIDTH', 'div', 1, 'A'),
	(28, 19, 0, 0, 12, 0, 'main-content-grid', 0, 1, '', 'FULL_WIDTH', 'div', 0, 'A'),
	(29, 19, 0, 0, 4, 0, 'side-grid', 1, 0, '', 'FULL_WIDTH', 'div', 1, 'A'),
	(30, 17, 0, 0, 16, 0, '', 0, 0, '', 'FULL_WIDTH', 'div', 0, 'A'),
	(31, 20, 0, 0, 16, 0, '', 0, 0, '', 'FULL_WIDTH', 'div', 0, 'A'),
	(32, 24, 0, 0, 16, 0, '', 0, 0, '', 'FULL_WIDTH', 'div', 0, 'A'),
	(33, 21, 0, 0, 16, 0, '', 0, 0, '', 'FULL_WIDTH', 'div', 0, 'A'),
	(34, 23, 0, 0, 16, 0, 'breadcrumbs-grid', 1, 1, '', 'FULL_WIDTH', 'div', 1, 'A'),
	(35, 23, 0, 0, 4, 0, 'side-grid', 0, 1, '', 'FULL_WIDTH', 'div', 0, 'A'),
	(36, 23, 0, 0, 12, 0, 'main-content-grid', 1, 0, '', 'FULL_WIDTH', 'div', 1, 'A'),
	(37, 27, 0, 0, 16, 0, 'breadcrumbs-grid', 1, 1, '', 'FULL_WIDTH', 'div', 1, 'A'),
	(38, 27, 0, 0, 8, 0, 'main-content-grid', 0, 1, '', 'FULL_WIDTH', 'div', 0, 'A'),
	(39, 27, 0, 0, 8, 0, 'profile-information-grid', 1, 0, '', 'FULL_WIDTH', 'div', 1, 'A'),
	(40, 31, 0, 0, 16, 0, 'main-content-grid', 1, 1, '', 'FULL_WIDTH', 'div', 1, 'A'),
	(41, 35, 0, 0, 16, 0, 'main-content-grid', 1, 1, '', 'FULL_WIDTH', 'div', 1, 'A'),
	(42, 33, 0, 0, 16, 0, '', 0, 0, '', 'FULL_WIDTH', 'div', 0, 'A'),
	(43, 36, 0, 0, 16, 0, '', 0, 0, '', 'FULL_WIDTH', 'div', 0, 'A'),
	(44, 39, 0, 0, 16, 0, 'breadcrumbs-grid', 1, 1, '', 'FULL_WIDTH', 'div', 1, 'A'),
	(45, 39, 0, 0, 16, 0, 'main-content-grid', 1, 1, '', 'FULL_WIDTH', 'div', 1, 'A'),
	(46, 37, 0, 0, 16, 0, '', 1, 1, '', 'FULL_WIDTH', 'div', 0, 'A'),
	(47, 40, 0, 0, 16, 0, '', 0, 0, '', 'FULL_WIDTH', 'div', 0, 'A'),
	(48, 44, 0, 0, 16, 0, '', 0, 0, '', 'FULL_WIDTH', 'div', 0, 'A'),
	(49, 43, 0, 0, 16, 0, 'breadcrumbs-grid', 1, 1, '', 'FULL_WIDTH', 'div', 1, 'A'),
	(50, 43, 0, 0, 4, 0, 'side-grid', 0, 1, '', 'FULL_WIDTH', 'div', 0, 'A'),
	(51, 43, 0, 0, 12, 0, 'main-content-grid', 1, 0, '', 'FULL_WIDTH', 'div', 1, 'A'),
	(52, 41, 0, 0, 16, 0, '', 0, 0, '', 'FULL_WIDTH', 'div', 0, 'A'),
	(53, 47, 0, 0, 16, 0, 'main-content-grid', 1, 1, '', 'FULL_WIDTH', 'div', 1, 'A'),
	(54, 50, 0, 0, 16, 0, 'search-widget-block-grid', 0, 1, '', 'FULL_WIDTH', 'div', 0, 'A'),
	(55, 50, 0, 0, 8, 0, 'top-logo-grid', 0, 1, '', 'LEFT', 'div', 0, 'A'),
	(56, 50, 0, 0, 8, 0, 'cart-content-grid', 1, 0, '', 'RIGHT', 'div', 1, 'A'),
	(57, 50, 0, 0, 16, 0, 'top-menu-grid', 1, 1, '', 'FULL_WIDTH', 'div', 1, 'A'),
	(58, 51, 0, 0, 16, 0, 'breadcrumbs-grid', 1, 1, '', 'FULL_WIDTH', 'div', 1, 'A'),
	(59, 51, 0, 0, 16, 0, 'main-content-grid', 1, 1, '', 'FULL_WIDTH', 'div', 1, 'A'),
	(60, 55, 0, 0, 16, 0, 'main-content-grid', 1, 1, '', 'FULL_WIDTH', 'div', 1, 'A'),
	(61, 59, 0, 0, 16, 0, 'main-content-grid', 1, 1, '', 'FULL_WIDTH', 'div', 1, 'A'),
	(62, 63, 0, 0, 16, 0, 'breadcrumbs-grid', 1, 1, '', 'FULL_WIDTH', 'div', 1, 'A'),
	(63, 63, 0, 0, 8, 0, 'main-content-grid', 0, 1, '', 'FULL_WIDTH', 'div', 0, 'A'),
	(64, 63, 0, 0, 8, 0, 'auth-information-grid', 1, 0, '', 'FULL_WIDTH', 'div', 1, 'A'),
	(65, 67, 0, 0, 16, 0, 'breadcrumbs-grid', 1, 1, '', 'FULL_WIDTH', 'div', 1, 'A'),
	(66, 67, 0, 0, 8, 0, 'main-content-grid', 0, 1, '', 'FULL_WIDTH', 'div', 0, 'A'),
	(67, 67, 0, 0, 8, 0, 'profile-information-grid', 1, 0, '', 'FULL_WIDTH', 'div', 1, 'A'),
	(68, 71, 0, 0, 16, 0, 'main-content-grid', 1, 1, '', 'FULL_WIDTH', 'div', 1, 'A'),
	(69, 75, 0, 0, 16, 0, 'main-content-grid', 1, 1, '', 'FULL_WIDTH', 'div', 1, 'A'),
	(70, 73, 0, 0, 16, 0, '', 0, 0, '', 'FULL_WIDTH', 'div', 0, 'A'),
	(71, 76, 0, 0, 16, 0, '', 0, 0, '', 'FULL_WIDTH', 'div', 0, 'A'),
	(72, 79, 0, 0, 12, 0, 'main-content-grid', 0, 1, '', 'FULL_WIDTH', 'div', 0, 'A'),
	(73, 79, 0, 0, 4, 0, 'side-grid', 1, 0, '', 'FULL_WIDTH', 'div', 1, 'A'),
	(74, 77, 0, 0, 16, 0, '', 0, 0, '', 'FULL_WIDTH', 'div', 0, 'A'),
	(75, 80, 0, 0, 16, 0, '', 0, 0, '', 'FULL_WIDTH', 'div', 0, 'A'),
	(76, 83, 0, 0, 16, 0, 'breadcrumbs-grid', 1, 1, '', 'FULL_WIDTH', 'div', 1, 'A'),
	(77, 83, 0, 0, 16, 0, 'main-content-grid', 1, 1, '', 'FULL_WIDTH', 'div', 1, 'A'),
	(78, 81, 0, 0, 16, 0, '', 1, 1, '', 'FULL_WIDTH', 'div', 0, 'A'),
	(79, 84, 0, 0, 16, 0, '', 0, 0, '', 'FULL_WIDTH', 'div', 0, 'A'),
	(80, 87, 0, 0, 16, 0, 'breadcrumbs-grid', 1, 1, '', 'FULL_WIDTH', 'div', 1, 'A'),
	(81, 87, 0, 0, 4, 0, 'side-grid', 0, 1, '', 'FULL_WIDTH', 'div', 0, 'A'),
	(82, 87, 0, 0, 12, 0, 'main-content-grid', 1, 0, '', 'FULL_WIDTH', 'div', 1, 'A'),
	(83, 85, 0, 0, 16, 0, '', 0, 0, '', 'FULL_WIDTH', 'div', 0, 'A'),
	(84, 88, 0, 0, 16, 0, '', 0, 0, '', 'FULL_WIDTH', 'div', 0, 'A'),
	(85, 91, 0, 0, 16, 0, 'breadcrumbs-grid', 1, 1, '', 'FULL_WIDTH', 'div', 1, 'A'),
	(86, 91, 0, 0, 4, 0, 'side-grid', 0, 1, '', 'FULL_WIDTH', 'div', 0, 'A'),
	(87, 91, 0, 0, 12, 0, 'main-content-grid', 1, 0, '', 'FULL_WIDTH', 'div', 1, 'A'),
	(88, 89, 0, 0, 16, 0, '', 0, 0, '', 'FULL_WIDTH', 'div', 0, 'A'),
	(89, 92, 0, 0, 16, 0, '', 0, 0, '', 'FULL_WIDTH', 'div', 0, 'A'),
	(90, 96, 0, 0, 16, 0, '', 0, 0, '', 'FULL_WIDTH', 'div', 0, 'A'),
	(91, 95, 0, 0, 16, 0, 'breadcrumbs-grid', 1, 1, '', 'FULL_WIDTH', 'div', 1, 'A'),
	(92, 95, 0, 0, 16, 0, 'main-content-grid', 1, 1, '', 'FULL_WIDTH', 'div', 1, 'A'),
	(93, 93, 0, 0, 16, 0, '', 0, 0, '', 'FULL_WIDTH', 'div', 0, 'A'),
	(94, 99, 0, 0, 16, 0, 'breadcrumbs-grid', 1, 1, '', 'FULL_WIDTH', 'div', 1, 'A'),
	(95, 99, 0, 0, 8, 0, 'main-content-grid', 0, 1, '', 'FULL_WIDTH', 'div', 0, 'A'),
	(96, 99, 0, 0, 8, 0, 'certificates-verify-grid', 1, 0, '', 'RIGHT', 'div', 0, 'A'),
	(97, 103, 0, 0, 16, 0, 'breadcrumbs-grid', 1, 1, '', 'FULL_WIDTH', 'div', 1, 'A'),
	(98, 103, 0, 0, 8, 0, 'main-content-grid', 0, 1, '', 'FULL_WIDTH', 'div', 0, 'A'),
	(99, 103, 0, 0, 8, 0, 'certificates-verify-grid', 1, 0, '', 'RIGHT', 'div', 0, 'A'),
	(100, 107, 0, 0, 16, 0, '', 0, 0, '', 'FULL_WIDTH', 'div', 0, 'A'),
	(101, 111, 0, 0, 16, 0, '', 0, 0, '', 'FULL_WIDTH', 'div', 0, 'A');
/*!40000 ALTER TABLE `cscart_bm_grids` ENABLE KEYS */;


-- Dumping structure for table installer_skozachuk_cscart421u.cscart_bm_layouts
DROP TABLE IF EXISTS `cscart_bm_layouts`;
CREATE TABLE IF NOT EXISTS `cscart_bm_layouts` (
  `layout_id` int(11) NOT NULL AUTO_INCREMENT,
  `name` varchar(64) NOT NULL DEFAULT '',
  `is_default` tinyint(4) NOT NULL DEFAULT '0',
  `width` tinyint(4) NOT NULL DEFAULT '16',
  `layout_width` enum('fixed','fluid','full_width') NOT NULL DEFAULT 'fixed',
  `min_width` int(11) unsigned NOT NULL DEFAULT '760',
  `max_width` int(11) unsigned NOT NULL DEFAULT '960',
  `theme_name` varchar(64) NOT NULL DEFAULT '',
  `style_id` varchar(64) NOT NULL DEFAULT '',
  `company_id` int(11) unsigned NOT NULL,
  PRIMARY KEY (`layout_id`),
  KEY `is_default` (`is_default`,`company_id`)
) ENGINE=MyISAM AUTO_INCREMENT=3 DEFAULT CHARSET=utf8;

-- Dumping data for table installer_skozachuk_cscart421u.cscart_bm_layouts: 2 rows
/*!40000 ALTER TABLE `cscart_bm_layouts` DISABLE KEYS */;
INSERT INTO `cscart_bm_layouts` (`layout_id`, `name`, `is_default`, `width`, `layout_width`, `min_width`, `max_width`, `theme_name`, `style_id`, `company_id`) VALUES
	(1, 'Main', 1, 16, 'fluid', 280, 1200, 'responsive', 'modern', 1),
	(2, 'Widget mode', 0, 16, 'fluid', 280, 3000, 'responsive', 'modern', 1);
/*!40000 ALTER TABLE `cscart_bm_layouts` ENABLE KEYS */;


-- Dumping structure for table installer_skozachuk_cscart421u.cscart_bm_locations
DROP TABLE IF EXISTS `cscart_bm_locations`;
CREATE TABLE IF NOT EXISTS `cscart_bm_locations` (
  `location_id` mediumint(8) unsigned NOT NULL AUTO_INCREMENT,
  `dispatch` varchar(64) NOT NULL,
  `is_default` tinyint(1) NOT NULL,
  `layout_id` int(11) unsigned DEFAULT NULL,
  `object_ids` text NOT NULL,
  `position` smallint(5) unsigned NOT NULL DEFAULT '0',
  PRIMARY KEY (`location_id`)
) ENGINE=MyISAM AUTO_INCREMENT=29 DEFAULT CHARSET=utf8;

-- Dumping data for table installer_skozachuk_cscart421u.cscart_bm_locations: 28 rows
/*!40000 ALTER TABLE `cscart_bm_locations` DISABLE KEYS */;
INSERT INTO `cscart_bm_locations` (`location_id`, `dispatch`, `is_default`, `layout_id`, `object_ids`, `position`) VALUES
	(1, 'default', 1, 1, '', 10),
	(2, 'no_page', 0, 1, '', 160),
	(3, 'auth', 0, 1, '', 70),
	(4, 'products.view', 0, 1, '', 30),
	(5, 'checkout', 0, 1, '', 60),
	(6, 'categories.view', 0, 1, '', 40),
	(7, 'profiles', 0, 1, '', 80),
	(8, 'profiles.success_add', 0, 1, '', 90),
	(9, 'checkout.complete', 0, 1, '', 100),
	(10, 'checkout.cart', 0, 1, '', 50),
	(11, 'pages.view', 0, 1, '', 110),
	(12, 'index.index', 0, 1, '', 20),
	(13, 'default', 1, 2, '', 10),
	(14, 'profiles.success_add', 0, 2, '', 90),
	(15, 'no_page', 0, 2, '', 160),
	(16, 'auth', 0, 2, '', 70),
	(17, 'profiles', 0, 2, '', 80),
	(18, 'index.index', 0, 2, '', 20),
	(19, 'checkout.complete', 0, 2, '', 100),
	(20, 'checkout', 0, 2, '', 60),
	(21, 'checkout.cart', 0, 2, '', 50),
	(22, 'pages.view', 0, 2, '', 110),
	(23, 'categories.view', 0, 2, '', 40),
	(24, 'products.view', 0, 2, '', 30),
	(25, 'gift_certificates', 0, 1, '', 130),
	(26, 'gift_certificates', 0, 2, '', 130),
	(27, 'twigmo.post', 0, 1, '', 200),
	(28, 'twigmo.post', 0, 2, '', 200);
/*!40000 ALTER TABLE `cscart_bm_locations` ENABLE KEYS */;


-- Dumping structure for table installer_skozachuk_cscart421u.cscart_bm_locations_descriptions
DROP TABLE IF EXISTS `cscart_bm_locations_descriptions`;
CREATE TABLE IF NOT EXISTS `cscart_bm_locations_descriptions` (
  `location_id` int(10) unsigned NOT NULL AUTO_INCREMENT,
  `lang_code` char(2) NOT NULL DEFAULT '',
  `name` varchar(64) NOT NULL,
  `title` text NOT NULL,
  `meta_description` text NOT NULL,
  `meta_keywords` text NOT NULL,
  PRIMARY KEY (`location_id`,`lang_code`)
) ENGINE=MyISAM AUTO_INCREMENT=29 DEFAULT CHARSET=utf8;

-- Dumping data for table installer_skozachuk_cscart421u.cscart_bm_locations_descriptions: 28 rows
/*!40000 ALTER TABLE `cscart_bm_locations_descriptions` DISABLE KEYS */;
INSERT INTO `cscart_bm_locations_descriptions` (`location_id`, `lang_code`, `name`, `title`, `meta_description`, `meta_keywords`) VALUES
	(1, 'en', 'Default', '', '', ''),
	(2, 'en', '404', 'Page not found', '', ''),
	(3, 'en', 'Auth', '', '', ''),
	(4, 'en', 'Products', '', '', ''),
	(5, 'en', 'Checkout', '', '', ''),
	(6, 'en', 'Categories', '', '', ''),
	(7, 'en', 'Profiles', '', '', ''),
	(8, 'en', 'Successful registration', '', '', ''),
	(9, 'en', 'Order landing page', '', '', ''),
	(10, 'en', 'Cart', '', '', ''),
	(11, 'en', 'Pages', '', '', ''),
	(12, 'en', 'Homepage', 'Shopping Cart Software & Ecommerce Software Solutions by CS-Cart', 'Secure and full-featured Online Shopping Cart Software with the complete set of powerful ecommerce options to create your own online store with minimum efforts involved.', 'shopping cart, software, ecommerce software, online store'),
	(13, 'en', 'Default', '', '', ''),
	(14, 'en', 'Successful registration', '', '', ''),
	(15, 'en', '404', 'Page not found', '', ''),
	(16, 'en', 'Auth', '', '', ''),
	(17, 'en', 'Profiles', '', '', ''),
	(18, 'en', 'Homepage', 'Shopping Cart Software & Ecommerce Software Solutions by CS-Cart', 'Secure and full-featured Online Shopping Cart Software with the complete set of powerful ecommerce options to create your own online store with minimum efforts involved.', 'shopping cart, software, ecommerce software, online store'),
	(19, 'en', 'Order landing page', '', '', ''),
	(20, 'en', 'Checkout', '', '', ''),
	(21, 'en', 'Cart', '', '', ''),
	(22, 'en', 'Pages', '', '', ''),
	(23, 'en', 'Categories', '', '', ''),
	(24, 'en', 'Products', '', '', ''),
	(25, 'en', 'Gift certificates', '', '', ''),
	(26, 'en', 'Gift certificates', '', '', ''),
	(27, 'en', 'Twigmo home page', 'Twigmo', '', ''),
	(28, 'en', 'Twigmo home page', 'Twigmo', '', '');
/*!40000 ALTER TABLE `cscart_bm_locations_descriptions` ENABLE KEYS */;


-- Dumping structure for table installer_skozachuk_cscart421u.cscart_bm_snapping
DROP TABLE IF EXISTS `cscart_bm_snapping`;
CREATE TABLE IF NOT EXISTS `cscart_bm_snapping` (
  `snapping_id` int(11) unsigned NOT NULL AUTO_INCREMENT,
  `block_id` int(11) unsigned NOT NULL,
  `grid_id` int(11) unsigned NOT NULL,
  `wrapper` varchar(128) NOT NULL DEFAULT '',
  `user_class` varchar(128) NOT NULL DEFAULT '',
  `order` mediumint(8) unsigned NOT NULL DEFAULT '0',
  `status` varchar(1) NOT NULL DEFAULT 'A',
  PRIMARY KEY (`snapping_id`)
) ENGINE=MyISAM AUTO_INCREMENT=101 DEFAULT CHARSET=utf8;

-- Dumping data for table installer_skozachuk_cscart421u.cscart_bm_snapping: 100 rows
/*!40000 ALTER TABLE `cscart_bm_snapping` DISABLE KEYS */;
INSERT INTO `cscart_bm_snapping` (`snapping_id`, `block_id`, `grid_id`, `wrapper`, `user_class`, `order`, `status`) VALUES
	(1, 1, 1, '', '', 0, 'A'),
	(2, 2, 2, 'blocks/wrappers/mainbox_general.tpl', '', 0, 'A'),
	(3, 3, 3, '', 'top-logo', 0, 'A'),
	(4, 4, 4, '', 'top-search', 2, 'A'),
	(5, 5, 5, '', 'top-cart-content', 2, 'A'),
	(6, 6, 6, '', 'top-menu', 2, 'A'),
	(7, 7, 7, '', 'top-languages', 2, 'A'),
	(8, 8, 7, '', 'top-currencies', 3, 'A'),
	(9, 9, 8, 'blocks/wrappers/onclick_dropdown.tpl', 'top-my-account', 2, 'A'),
	(10, 10, 8, '', 'top-quick-links hidden-phone hidden-tablet', 3, 'A'),
	(11, 11, 10, '', '', 2, 'A'),
	(12, 12, 11, '', '', 2, 'A'),
	(13, 13, 13, '', '', 0, 'A'),
	(14, 14, 14, '', 'footer-no-wysiwyg', 1, 'A'),
	(15, 15, 15, '', 'footer-no-wysiwyg', 2, 'A'),
	(16, 16, 16, '', 'footer-no-wysiwyg', 0, 'A'),
	(17, 17, 18, '', '', 2, 'A'),
	(18, 18, 19, '', '', 2, 'A'),
	(19, 19, 20, '', '', 0, 'A'),
	(20, 1, 21, '', '', 0, 'A'),
	(21, 2, 22, 'blocks/wrappers/mainbox_general.tpl', '', 0, 'A'),
	(22, 20, 23, '', '', 0, 'A'),
	(23, 1, 26, '', '', 0, 'A'),
	(24, 2, 27, '', '', 0, 'A'),
	(25, 2, 28, 'blocks/wrappers/mainbox_general.tpl', '', 1, 'A'),
	(26, 21, 29, 'blocks/wrappers/sidebox_general.tpl', 'ty-order-summary', 0, 'A'),
	(27, 22, 29, 'blocks/wrappers/sidebox_general.tpl', 'order-products', 0, 'A'),
	(28, 23, 29, 'blocks/wrappers/sidebox_general.tpl', 'order-information', 0, 'A'),
	(29, 1, 34, '', '', 0, 'A'),
	(30, 24, 35, 'blocks/wrappers/sidebox_general.tpl', '', 0, 'A'),
	(31, 25, 35, 'blocks/wrappers/sidebox_general.tpl', '', 0, 'A'),
	(32, 2, 36, 'blocks/wrappers/mainbox_general.tpl', '', 0, 'A'),
	(33, 1, 37, '', '', 0, 'A'),
	(34, 2, 38, 'blocks/wrappers/mainbox_general.tpl', '', 2, 'A'),
	(35, 26, 39, '', '', 0, 'A'),
	(36, 1, 40, '', '', 0, 'A'),
	(37, 2, 40, 'blocks/wrappers/mainbox_general.tpl', '', 1, 'A'),
	(38, 1, 41, '', '', 0, 'A'),
	(39, 2, 41, 'blocks/wrappers/mainbox_general.tpl', '', 1, 'A'),
	(40, 1, 44, '', '', 0, 'A'),
	(41, 2, 45, 'blocks/wrappers/mainbox_general.tpl', '', 0, 'A'),
	(42, 1, 49, '', '', 0, 'A'),
	(43, 9, 50, 'blocks/wrappers/sidebox_general.tpl', '', 0, 'A'),
	(44, 25, 50, 'blocks/wrappers/sidebox_general.tpl', '', 1, 'A'),
	(45, 2, 51, 'blocks/wrappers/mainbox_general.tpl', '', 0, 'A'),
	(46, 2, 53, '', '', 0, 'A'),
	(47, 27, 53, '', 'homepage-banners', 1, 'A'),
	(48, 28, 53, 'blocks/wrappers/mainbox_general.tpl', 'homepage-hotdeals', 2, 'A'),
	(49, 29, 53, 'blocks/wrappers/mainbox_general.tpl', 'homepage-on-sale', 3, 'A'),
	(50, 30, 53, '', 'homepage-our-brands', 4, 'A'),
	(51, 31, 53, '', 'homepage-benefits-guarantees', 5, 'A'),
	(52, 4, 54, '', 'top-search', 2, 'A'),
	(53, 7, 55, '', 'top-languages', 2, 'A'),
	(54, 8, 55, '', 'top-currencies', 3, 'A'),
	(55, 5, 56, '', 'top-cart-content', 0, 'A'),
	(56, 9, 56, 'blocks/wrappers/onclick_dropdown.tpl', 'top-my-account', 1, 'A'),
	(57, 6, 57, '', 'top-menu', 2, 'A'),
	(58, 1, 58, '', '', 0, 'A'),
	(59, 2, 59, 'blocks/wrappers/mainbox_general.tpl', '', 0, 'A'),
	(60, 1, 60, '', '', 0, 'A'),
	(61, 2, 60, 'blocks/wrappers/mainbox_general.tpl', '', 1, 'A'),
	(62, 19, 61, '', '', 0, 'A'),
	(63, 1, 62, '', '', 0, 'A'),
	(64, 2, 63, 'blocks/wrappers/mainbox_general.tpl', '', 0, 'A'),
	(65, 20, 64, '', '', 0, 'A'),
	(66, 1, 65, '', '', 0, 'A'),
	(67, 2, 66, 'blocks/wrappers/mainbox_general.tpl', '', 2, 'A'),
	(68, 26, 67, '', '', 0, 'A'),
	(69, 2, 68, '', '', 0, 'A'),
	(70, 27, 68, '', 'homepage-banners', 1, 'A'),
	(71, 28, 68, 'blocks/wrappers/mainbox_general.tpl', 'homepage-hotdeals', 2, 'A'),
	(72, 29, 68, 'blocks/wrappers/mainbox_general.tpl', 'homepage-on-sale', 3, 'A'),
	(73, 30, 68, '', 'homepage-our-brands', 4, 'A'),
	(74, 31, 68, '', 'homepage-benefits-guarantees', 5, 'A'),
	(75, 1, 69, '', '', 0, 'A'),
	(76, 2, 69, 'blocks/wrappers/mainbox_general.tpl', '', 1, 'A'),
	(77, 2, 72, 'blocks/wrappers/mainbox_general.tpl', '', 1, 'A'),
	(78, 21, 73, 'blocks/wrappers/sidebox_general.tpl', 'ty-order-summary', 0, 'A'),
	(79, 22, 73, 'blocks/wrappers/sidebox_general.tpl', 'order-products', 0, 'A'),
	(80, 23, 73, 'blocks/wrappers/sidebox_general.tpl', 'order-information', 0, 'A'),
	(81, 1, 76, '', '', 0, 'A'),
	(82, 2, 77, 'blocks/wrappers/mainbox_general.tpl', '', 0, 'A'),
	(83, 1, 80, '', '', 0, 'A'),
	(84, 9, 81, 'blocks/wrappers/sidebox_general.tpl', '', 0, 'A'),
	(85, 25, 81, 'blocks/wrappers/sidebox_general.tpl', '', 1, 'A'),
	(86, 2, 82, 'blocks/wrappers/mainbox_general.tpl', '', 0, 'A'),
	(87, 1, 85, '', '', 0, 'A'),
	(88, 24, 86, 'blocks/wrappers/sidebox_general.tpl', '', 0, 'A'),
	(89, 25, 86, 'blocks/wrappers/sidebox_general.tpl', '', 0, 'A'),
	(90, 2, 87, 'blocks/wrappers/mainbox_general.tpl', '', 0, 'A'),
	(91, 1, 91, '', '', 0, 'A'),
	(92, 2, 92, '', '', 0, 'A'),
	(93, 1, 94, '', '', 0, 'A'),
	(94, 2, 95, 'blocks/wrappers/mainbox_general.tpl', '', 0, 'A'),
	(95, 32, 96, '', '', 0, 'A'),
	(96, 1, 97, '', '', 0, 'A'),
	(97, 2, 98, 'blocks/\nwrappers/mainbox_general.tpl', '', 0, 'A'),
	(98, 32, 99, '', '', 0, 'A'),
	(99, 33, 100, '', '', 0, 'A'),
	(100, 33, 101, '', '', 0, 'A');
/*!40000 ALTER TABLE `cscart_bm_snapping` ENABLE KEYS */;


-- Dumping structure for table installer_skozachuk_cscart421u.cscart_buy_together
DROP TABLE IF EXISTS `cscart_buy_together`;
CREATE TABLE IF NOT EXISTS `cscart_buy_together` (
  `chain_id` int(10) unsigned NOT NULL AUTO_INCREMENT,
  `product_id` mediumint(8) unsigned NOT NULL DEFAULT '0',
  `products` text,
  `modifier` decimal(12,3) unsigned NOT NULL DEFAULT '0.000',
  `modifier_type` varchar(20) NOT NULL DEFAULT 'by_fixed',
  `date_from` int(11) unsigned NOT NULL DEFAULT '0',
  `date_to` int(11) unsigned NOT NULL DEFAULT '0',
  `display_in_promotions` char(1) NOT NULL DEFAULT 'Y',
  `status` char(1) NOT NULL DEFAULT 'D',
  PRIMARY KEY (`chain_id`)
) ENGINE=MyISAM DEFAULT CHARSET=utf8;

-- Dumping data for table installer_skozachuk_cscart421u.cscart_buy_together: 0 rows
/*!40000 ALTER TABLE `cscart_buy_together` DISABLE KEYS */;
/*!40000 ALTER TABLE `cscart_buy_together` ENABLE KEYS */;


-- Dumping structure for table installer_skozachuk_cscart421u.cscart_buy_together_descriptions
DROP TABLE IF EXISTS `cscart_buy_together_descriptions`;
CREATE TABLE IF NOT EXISTS `cscart_buy_together_descriptions` (
  `chain_id` int(10) unsigned NOT NULL,
  `name` varchar(50) NOT NULL DEFAULT '',
  `description` mediumtext,
  `lang_code` char(2) NOT NULL DEFAULT '',
  PRIMARY KEY (`chain_id`,`lang_code`)
) ENGINE=MyISAM DEFAULT CHARSET=utf8;

-- Dumping data for table installer_skozachuk_cscart421u.cscart_buy_together_descriptions: 0 rows
/*!40000 ALTER TABLE `cscart_buy_together_descriptions` DISABLE KEYS */;
/*!40000 ALTER TABLE `cscart_buy_together_descriptions` ENABLE KEYS */;


-- Dumping structure for table installer_skozachuk_cscart421u.cscart_categories
DROP TABLE IF EXISTS `cscart_categories`;
CREATE TABLE IF NOT EXISTS `cscart_categories` (
  `category_id` mediumint(8) unsigned NOT NULL AUTO_INCREMENT,
  `parent_id` mediumint(8) unsigned NOT NULL DEFAULT '0',
  `id_path` varchar(255) NOT NULL DEFAULT '',
  `company_id` int(11) unsigned NOT NULL DEFAULT '0',
  `usergroup_ids` varchar(255) NOT NULL DEFAULT '0',
  `status` char(1) NOT NULL DEFAULT 'A',
  `product_count` mediumint(8) unsigned NOT NULL DEFAULT '0',
  `position` smallint(5) unsigned NOT NULL DEFAULT '0',
  `timestamp` int(11) unsigned NOT NULL DEFAULT '0',
  `is_op` char(1) NOT NULL DEFAULT 'N',
  `localization` varchar(255) NOT NULL DEFAULT '',
  `age_verification` char(1) NOT NULL DEFAULT 'N',
  `age_limit` tinyint(4) NOT NULL DEFAULT '0',
  `parent_age_verification` char(1) NOT NULL DEFAULT 'N',
  `parent_age_limit` tinyint(4) NOT NULL DEFAULT '0',
  `selected_layouts` text NOT NULL,
  `default_layout` varchar(50) NOT NULL DEFAULT '',
  `product_details_layout` varchar(50) NOT NULL DEFAULT '',
  `product_columns` tinyint(3) unsigned NOT NULL DEFAULT '0',
  PRIMARY KEY (`category_id`),
  KEY `c_status` (`usergroup_ids`,`status`,`parent_id`),
  KEY `position` (`position`),
  KEY `parent` (`parent_id`),
  KEY `id_path` (`id_path`),
  KEY `localization` (`localization`),
  KEY `age_verification` (`age_verification`,`age_limit`),
  KEY `parent_age_verification` (`parent_age_verification`,`parent_age_limit`),
  KEY `p_category_id` (`category_id`,`usergroup_ids`,`status`)
) ENGINE=MyISAM DEFAULT CHARSET=utf8;

-- Dumping data for table installer_skozachuk_cscart421u.cscart_categories: 0 rows
/*!40000 ALTER TABLE `cscart_categories` DISABLE KEYS */;
/*!40000 ALTER TABLE `cscart_categories` ENABLE KEYS */;


-- Dumping structure for table installer_skozachuk_cscart421u.cscart_category_descriptions
DROP TABLE IF EXISTS `cscart_category_descriptions`;
CREATE TABLE IF NOT EXISTS `cscart_category_descriptions` (
  `category_id` mediumint(8) unsigned NOT NULL DEFAULT '0',
  `lang_code` char(2) NOT NULL DEFAULT '',
  `category` varchar(255) NOT NULL DEFAULT '',
  `description` mediumtext NOT NULL,
  `meta_keywords` varchar(255) NOT NULL DEFAULT '',
  `meta_description` varchar(255) NOT NULL DEFAULT '',
  `page_title` varchar(255) NOT NULL DEFAULT '',
  `age_warning_message` text NOT NULL,
  PRIMARY KEY (`category_id`,`lang_code`)
) ENGINE=MyISAM DEFAULT CHARSET=utf8;

-- Dumping data for table installer_skozachuk_cscart421u.cscart_category_descriptions: 0 rows
/*!40000 ALTER TABLE `cscart_category_descriptions` DISABLE KEYS */;
/*!40000 ALTER TABLE `cscart_category_descriptions` ENABLE KEYS */;


-- Dumping structure for table installer_skozachuk_cscart421u.cscart_common_descriptions
DROP TABLE IF EXISTS `cscart_common_descriptions`;
CREATE TABLE IF NOT EXISTS `cscart_common_descriptions` (
  `object_id` mediumint(8) unsigned NOT NULL DEFAULT '0',
  `object_type` varchar(32) NOT NULL DEFAULT '',
  `description` mediumtext NOT NULL,
  `lang_code` char(2) NOT NULL DEFAULT '',
  `object` varchar(128) NOT NULL DEFAULT '',
  `object_holder` varchar(32) NOT NULL DEFAULT '',
  PRIMARY KEY (`object_id`,`lang_code`,`object_holder`)
) ENGINE=MyISAM DEFAULT CHARSET=utf8;

-- Dumping data for table installer_skozachuk_cscart421u.cscart_common_descriptions: 745 rows
/*!40000 ALTER TABLE `cscart_common_descriptions` DISABLE KEYS */;
INSERT INTO `cscart_common_descriptions` (`object_id`, `object_type`, `description`, `lang_code`, `object`, `object_holder`) VALUES
	(2, '', '', 'en', 'My account', 'sitemap_sections'),
	(1, '', 'View cart', 'en', 'View cart', 'sitemap_links'),
	(2, '', 'Wish List', 'en', 'Wish List', 'sitemap_links'),
	(3, '', 'Checkout', 'en', 'Checkout', 'sitemap_links'),
	(4, '', 'Edit profile', 'en', 'Edit profile', 'sitemap_links'),
	(11, '', 'Fourth affiliate plan description.', 'en', 'Test plan', 'affiliate_plans'),
	(1, '', 'Add new', 'en', '', 'quick_menu'),
	(2, '', 'View orders', 'en', '', 'quick_menu'),
	(3, '', 'Design', 'en', '', 'quick_menu'),
	(4, '', 'Manage', 'en', '', 'quick_menu'),
	(5, '', 'Administration', 'en', '', 'quick_menu'),
	(6, '', 'Product', 'en', '', 'quick_menu'),
	(7, '', 'Category', 'en', '', 'quick_menu'),
	(8, '', 'Order', 'en', '', 'quick_menu'),
	(9, '', 'Page', 'en', '', 'quick_menu'),
	(10, '', 'Customer', 'en', '', 'quick_menu'),
	(11, '', 'Promotion', 'en', '', 'quick_menu'),
	(12, '', 'Banner', 'en', '', 'quick_menu'),
	(13, '', 'New', 'en', '', 'quick_menu'),
	(14, '', 'Open', 'en', '', 'quick_menu'),
	(15, '', 'Incompleted', 'en', '', 'quick_menu'),
	(16, '', 'Placed today', 'en', '', 'quick_menu'),
	(17, '', 'Blocks', 'en', '', 'quick_menu'),
	(18, '', 'Menus', 'en', '', 'quick_menu'),
	(20, '', 'File editor', 'en', '', 'quick_menu'),
	(21, '', 'Shipping methods', 'en', '', 'quick_menu'),
	(22, '', 'Payment methods', 'en', '', 'quick_menu'),
	(23, '', 'Taxes', 'en', '', 'quick_menu'),
	(24, '', 'Products', 'en', '', 'quick_menu'),
	(25, '', 'Categories', 'en', '', 'quick_menu'),
	(26, '', 'Pages', 'en', '', 'quick_menu'),
	(27, '', 'Users', 'en', '', 'quick_menu'),
	(28, '', 'Banners', 'en', '', 'quick_menu'),
	(29, '', 'Settings', 'en', '', 'quick_menu'),
	(30, '', 'Database', 'en', '', 'quick_menu'),
	(31, '', 'Import data', 'en', '', 'quick_menu'),
	(32, '', 'Languages', 'en', '', 'quick_menu'),
	(180, '', 'men_clothes.jpg', 'en', '', 'images'),
	(181, '', 'w-phones_cat.gif', 'en', '', 'images'),
	(182, '', '100009923665.gif', 'en', '', 'images'),
	(183, '', 'audio_video.gif', 'en', '', 'images'),
	(184, '', 'computes.gif', 'en', '', 'images'),
	(185, '', 'pc-desktops-sony_cat.jpg', 'en', '', 'images'),
	(186, '', 'dvds.gif', 'en', '', 'images'),
	(187, '', 'books.jpg', 'en', '', 'images'),
	(188, '', 'music.gif', 'en', '', 'images'),
	(189, '', 'build_your_pc.jpg', 'en', '', 'images'),
	(190, '', 'special_offer_ads.gif', 'en', '', 'images'),
	(191, '', 'thumbnail_B000068IG9.01._SCMZZZZZZZ_.jpg', 'en', '', 'images'),
	(192, '', 'modems.jpg', 'en', '', 'images'),
	(193, '', 'tjpg', 'en', '', 'images'),
	(194, '', 'ujpg', 'en', '', 'images'),
	(195, '', 'group_ddr_memory.jpg', 'en', '', 'images'),
	(196, '', 'group_laser_printers.jpg', 'en', '', 'images'),
	(197, '', 'tjpg', 'en', '', 'images'),
	(198, '', 'ujpg', 'en', '', 'images'),
	(199, '', 'tjpg', 'en', '', 'images'),
	(200, '', 'ujpg', 'en', '', 'images'),
	(237, '', '', 'en', '', 'images'),
	(238, '', '', 'en', '', 'images'),
	(239, '', '', 'en', '', 'images'),
	(240, '', '', 'en', '', 'images'),
	(243, '', '', 'en', '', 'images'),
	(244, '', '', 'en', '', 'images'),
	(245, '', '', 'en', '', 'images'),
	(246, '', '', 'en', '', 'images'),
	(247, '', '', 'en', '', 'images'),
	(248, '', '', 'en', '', 'images'),
	(249, '', '', 'en', '', 'images'),
	(250, '', '', 'en', '', 'images'),
	(251, '', '', 'en', '', 'images'),
	(252, '', '', 'en', '', 'images'),
	(254, '', '', 'en', '', 'images'),
	(255, '', '', 'en', '', 'images'),
	(256, '', '', 'en', '', 'images'),
	(257, '', '', 'en', '', 'images'),
	(258, '', '', 'en', '', 'images'),
	(259, '', '', 'en', '', 'images'),
	(260, '', '', 'en', '', 'images'),
	(261, '', '', 'en', '', 'images'),
	(262, '', '', 'en', '', 'images'),
	(263, '', '', 'en', '', 'images'),
	(264, '', '', 'en', '', 'images'),
	(265, '', '', 'en', '', 'images'),
	(266, '', '', 'en', '', 'images'),
	(267, '', '', 'en', '', 'images'),
	(268, '', '', 'en', '', 'images'),
	(269, '', '', 'en', '', 'images'),
	(270, '', '', 'en', '', 'images'),
	(271, '', '', 'en', '', 'images'),
	(274, '', '', 'en', '', 'images'),
	(275, '', '', 'en', '', 'images'),
	(276, '', '', 'en', '', 'images'),
	(277, '', '', 'en', '', 'images'),
	(278, '', '', 'en', '', 'images'),
	(279, '', '', 'en', '', 'images'),
	(280, '', '', 'en', '', 'images'),
	(281, '', '', 'en', '', 'images'),
	(282, '', '', 'en', '', 'images'),
	(283, '', '', 'en', '', 'images'),
	(284, '', '', 'en', '', 'images'),
	(285, '', '', 'en', '', 'images'),
	(286, '', '', 'en', '', 'images'),
	(287, '', '', 'en', '', 'images'),
	(288, '', '', 'en', '', 'images'),
	(289, '', '', 'en', '', 'images'),
	(290, '', '', 'en', '', 'images'),
	(291, '', '', 'en', '', 'images'),
	(292, '', '', 'en', '', 'images'),
	(293, '', '', 'en', '', 'images'),
	(294, '', '', 'en', '', 'images'),
	(295, '', '', 'en', '', 'images'),
	(296, '', '', 'en', '', '\nimages'),
	(297, '', '', 'en', '', 'images'),
	(298, '', '', 'en', '', 'images'),
	(299, '', '', 'en', '', 'images'),
	(300, '', '', 'en', '', 'images'),
	(301, '', '', 'en', '', 'images'),
	(302, '', '', 'en', '', 'images'),
	(303, '', '', 'en', '', 'images'),
	(304, '', '', 'en', '', 'images'),
	(305, '', '', 'en', '', 'images'),
	(306, '', '', 'en', '', 'images'),
	(307, '', '', 'en', '', 'images'),
	(308, '', '', 'en', '', 'images'),
	(309, '', '', 'en', '', 'images'),
	(310, '', '', 'en', '', 'images'),
	(311, '', '', 'en', '', 'images'),
	(312, '', '', 'en', '', 'images'),
	(313, '', '', 'en', '', 'images'),
	(314, '', '', 'en', '', 'images'),
	(315, '', '', 'en', '', 'images'),
	(316, '', '', 'en', '', 'images'),
	(317, '', '', 'en', '', 'images'),
	(318, '', '', 'en', '', 'images'),
	(319, '', '', 'en', '', 'images'),
	(320, '', '', 'en', '', 'images'),
	(321, '', '', 'en', '', 'images'),
	(322, '', '', 'en', '', 'images'),
	(323, '', '', 'en', '', 'images'),
	(324, '', '', 'en', '', 'images'),
	(325, '', '', 'en', '', 'images'),
	(327, '', '', 'en', '', 'images'),
	(328, '', '', 'en', '', 'images'),
	(329, '', '', 'en', '', 'images'),
	(330, '', '', 'en', '', 'images'),
	(331, '', '', 'en', '', 'images'),
	(332, '', '', 'en', '', 'images'),
	(333, '', '', 'en', '', 'images'),
	(334, '', '', 'en', '', 'images'),
	(335, '', '', 'en', '', 'images'),
	(336, '', '', 'en', '', 'images'),
	(337, '', '', 'en', '', 'images'),
	(338, '', '', 'en', '', 'images'),
	(339, '', '', 'en', '', 'images'),
	(340, '', '', 'en', '', 'images'),
	(341, '', '', 'en', '', 'images'),
	(342, '', '', 'en', '', 'images'),
	(343, '', '', 'en', '', 'images'),
	(344, '', '', 'en', '', 'images'),
	(345, '', '', 'en', '', 'images'),
	(346, '', '', 'en', '', 'images'),
	(347, '', '', 'en', '', 'images'),
	(348, '', '', 'en', '', 'images'),
	(349, '', '', 'en', '', 'images'),
	(350, '', '', 'en', '', 'images'),
	(351, '', '', 'en', '', 'images'),
	(352, '', '', 'en', '', 'images'),
	(353, '', '', 'en', '', 'images'),
	(354, '', '', 'en', '', 'images'),
	(355, '', '', 'en', '', 'images'),
	(356, '', '', 'en', '', 'images'),
	(357, '', '', 'en', '', 'images'),
	(358, '', '', 'en', '', 'images'),
	(359, '', '', 'en', '', 'images'),
	(360, '', '', 'en', '', 'images'),
	(361, '', '', 'en', '', 'images'),
	(362, '', '', 'en', '', 'images'),
	(363, '', '', 'en', '', 'images'),
	(364, '', '', 'en', '', 'images'),
	(365, '', '', 'en', '', 'images'),
	(366, '', '', 'en', '', 'images'),
	(367, '', '', 'en', '', 'images'),
	(368, '', '', 'en', '', 'images'),
	(369, '', '', 'en', '', 'images'),
	(370, '', '', 'en', '', 'images'),
	(371, '', '', 'en', '', 'images'),
	(372, '', '', 'en', '', 'images'),
	(373, '', '', 'en', '', 'images'),
	(374, '', '', 'en', '', 'images'),
	(375, '', '', 'en', '', 'images'),
	(376, '', '', 'en', '', 'images'),
	(377, '', '', 'en', '', 'images'),
	(378, '', '', 'en', '', 'images'),
	(379, '', '', 'en', '', 'images'),
	(380, '', '', 'en', '', 'images'),
	(381, '', '', 'en', '', 'images'),
	(382, '', '', 'en', '', 'images'),
	(383, '', '', 'en', '', 'images'),
	(384, '', '', 'en', '', 'images'),
	(385, '', '', 'en', '', 'images'),
	(386, '', '', 'en', '', 'images'),
	(390, '', '', 'en', '', 'images'),
	(391, '', '', 'en', '', 'images'),
	(392, '', '', 'en', '', 'images'),
	(393, '', '', 'en', '', 'images'),
	(394, '', '', 'en', '', 'images'),
	(395, '', '', 'en', '', 'images'),
	(396, '', '', 'en', '', 'images'),
	(397, '', '', 'en', '', 'images'),
	(398, '', '', 'en', '', 'images'),
	(399, '', '', 'en', '', 'images'),
	(400, '', '', 'en', '', 'images'),
	(401, '', '', 'en', '', 'images'),
	(402, '', '', 'en', '', 'images'),
	(403, '', '', 'en', '', 'images'),
	(404, '', '', 'en', '', 'images'),
	(405, '', '', 'en', '', 'images'),
	(406, '', '', 'en', '', 'images'),
	(407, '', '', 'en', '', 'images'),
	(408, '', '', 'en', '', 'images'),
	(409, '', '', 'en', '', 'images'),
	(410, '', '', 'en', '', 'images'),
	(411, '', '', 'en', '', 'images'),
	(412, '', '', 'en', '', 'images'),
	(413, '', '', 'en', '', 'images'),
	(414, '', '', 'en', '', 'images'),
	(415, '', '', 'en', '', 'images'),
	(416, '', '', 'en', '', 'images'),
	(417, '', '', 'en', '', 'images'),
	(418, '', '', 'en', '', 'images'),
	(419, '', '', 'en', '', 'images'),
	(420, '', '', 'en', '', 'images'),
	(421, '', '', 'en', '', 'images'),
	(422, '', '', 'en', '', 'images'),
	(423, '', '', 'en', '', 'images'),
	(424, '', '', 'en', '', 'images'),
	(425, '', '', 'en', '', 'images'),
	(426, '', '', 'en', '', 'images'),
	(427, '', '', 'en', '', 'images'),
	(428, '', '', 'en', '', 'images'),
	(429, '', '', 'en', '', 'images'),
	(430, '', '', 'en', '', 'images'),
	(431, '', '', 'en', '', 'images'),
	(432, '', '', 'en', '', 'images'),
	(433, '', '', 'en', '', 'images'),
	(434, '', '', 'en', '', 'images'),
	(435, '', '', 'en', '', 'images'),
	(436, '', '', 'en', '', 'images'),
	(437, '', '', 'en', '', 'images'),
	(438, '', '', 'en', '', 'images'),
	(439, '', '', 'en', '', 'images'),
	(440, '', '', 'en', '', 'images'),
	(441, '', '', 'en', '', 'images'),
	(442, '', '', 'en', '', 'images'),
	(443, '', '', 'en', '', 'images'),
	(444, '', '', 'en', '', 'images'),
	(445, '', '', 'en', '', 'images'),
	(446, '', '', 'en', '', 'images'),
	(447, '', '', 'en', '', 'images'),
	(522, '', '', 'en', '', 'images'),
	(525, '', '', 'en', '', 'images'),
	(524, '', '', 'en', '', 'images'),
	(523, '', '', 'en', '', 'images'),
	(453, '', '', 'en', '', 'images'),
	(454, '', '', 'en', '', 'images'),
	(455, '', '', 'en', '', 'images'),
	(456, '', '', 'en', '', 'images'),
	(457, '', '', 'en', '', 'images'),
	(458, '', '', 'en', '', 'images'),
	(459, '', '', 'en', '', 'images'),
	(460, '', '', 'en', '', 'images'),
	(461, '', '', 'en', '', 'images'),
	(462, '', '', 'en', '', 'images'),
	(463, '', '', 'en', '', 'images'),
	(464, '', '', 'en', '', 'images'),
	(465, '', '', 'en', '', 'images'),
	(466, '', '', 'en', '', 'images'),
	(467, '', '', 'en', '', 'images'),
	(468, '', '', 'en', '', 'images'),
	(469, '', '', 'en', '', 'images'),
	(470, '', '', 'en', '', 'images'),
	(471, '', '', 'en', '', 'images'),
	(510, '', '', 'en', '', 'images'),
	(473, '', '', 'en', '', 'images'),
	(474, '', '', 'en', '', 'images'),
	(475, '', '', 'en', '', 'images'),
	(476, '', '', 'en', '', 'images'),
	(477, '', '', 'en', '', 'images'),
	(478, '', '', 'en', '', 'images'),
	(479, '', '', 'en', '', 'images'),
	(480, '', '', 'en', '', 'images'),
	(481, '', '', 'en', '', 'images'),
	(482, '', '', 'en', '', 'images'),
	(483, '', '', 'en', '', 'images'),
	(484, '', '', 'en', '', 'images'),
	(485, '', '', 'en', '', 'images'),
	(486, '', '', 'en', '', 'images'),
	(487, '', '', 'en', '', 'images'),
	(488, '', '', 'en', '', 'images'),
	(489, '', '', 'en', '', 'images'),
	(511, '', '', 'en', '', 'images'),
	(491, '', '', 'en', '', 'images'),
	(514, '', '', 'en', '', 'images'),
	(495, '', '', 'en', '', 'images'),
	(516, '', '', 'en', '', 'images'),
	(515, '', '', 'en', '', 'images'),
	(498, '', '', 'en', '', 'images'),
	(513, '', '', 'en', '', 'images'),
	(500, '', '', 'en', '', 'images'),
	(501, '', '', 'en', '', 'images'),
	(502, '', '', 'en', '', 'images'),
	(503, '', '', 'en', '', 'images'),
	(504, '', '', 'en', '', 'images'),
	(518, '', '', 'en', '', 'images'),
	(517, '', '', 'en', '', 'images'),
	(507, '', '', 'en', '', 'images'),
	(508, '', '', 'en', '', 'images'),
	(509, '', '', 'en', '', 'images'),
	(512, '', '', 'en', '', 'images'),
	(519, '', '', 'en', '', 'images'),
	(520, '', '', 'en', '', 'images'),
	(521, '', '', 'en', '', 'images'),
	(526, '', '', 'en', '', 'images'),
	(527, '', '', 'en', '', 'images'),
	(528, '', '', 'en', '', 'images'),
	(529, '', '', 'en', '', 'images'),
	(530, '', '', 'en', '', 'images'),
	(531, '', '', 'en', '', 'images'),
	(532, '', '', 'en', '', 'images'),
	(533, '', '', 'en', '', 'images'),
	(534, '', '', 'en', '', 'images'),
	(535, '', '', 'en', '', 'images'),
	(536, '', '', 'en', '', 'images'),
	(537, '', '', 'en', '', 'images'),
	(538, '', '', 'en', '', 'images'),
	(539, '', '', 'en', '', 'images'),
	(540, '', '', 'en', '', 'images'),
	(541, '', '', 'en', '', 'images'),
	(542, '', '', 'en', '', 'images'),
	(543, '', '', 'en', '', 'images'),
	(544, '', '', 'en', '', 'images'),
	(545, '', '', 'en', '', 'images'),
	(546, '', '', 'en', '', 'images'),
	(547, '', '', 'en', '', 'images'),
	(548, '', '', 'en', '', 'images'),
	(549, '', '', 'en', '', 'images'),
	(550, '', '', 'en', '', 'images'),
	(551, '', '', 'en', '', 'images'),
	(552, '', '', 'en', '', 'images'),
	(553, '', '', 'en', '', 'images'),
	(554, '', '', 'en', '', 'images'),
	(555, '', '', 'en', '', 'images'),
	(556, '', '', 'en', '', 'images'),
	(557, '', '', 'en', '', 'images'),
	(558, '', '', 'en', '', 'images'),
	(559, '', '', 'en', '', 'images'),
	(560, '', '', 'en', '', 'images'),
	(561, '', '', 'en', '', 'images'),
	(562, '', '', 'en', '', 'images'),
	(563, '', '', 'en', '', 'images'),
	(572, '', '', 'en', '', 'images'),
	(565, '', '', 'en', '', 'images'),
	(566, '', '', 'en', '', 'images'),
	(567, '', '', 'en', '', 'images'),
	(568, '', '', 'en', '', 'images'),
	(569, '', '', 'en', '', 'images'),
	(570, '', '', 'en', '', 'images'),
	(571, '', '', 'en', '', 'images'),
	(573, '', '', 'en', '', 'images'),
	(574, '', '', 'en', '', 'images'),
	(575, '', '', 'en', '', 'images'),
	(576, '', '', 'en', '', 'images'),
	(577, '', '', 'en', '', 'images'),
	(578, '', '', 'en', '', 'images'),
	(579, '', '', 'en', '', 'images'),
	(580, '', '', 'en', '', 'images'),
	(581, '', '', 'en', '', 'images'),
	(582, '', '', 'en', '', 'images'),
	(583, '', '', 'en', '', 'images'),
	(584, '', '', 'en', '', 'images'),
	(585, '', '', 'en', '', 'images'),
	(586, '', '', 'en', '', 'images'),
	(587, '', '', 'en', '', 'images'),
	(588, '', '', 'en', '', 'images'),
	(589, '', '', 'en', '', 'images'),
	(590, '', '', 'en', '', 'images'),
	(591, '', '', 'en', '', 'images'),
	(592, '', '', 'en', '', 'images'),
	(593, '', '', 'en', '', 'images'),
	(594, '', '', 'en', '', 'images'),
	(595, '', '', 'en', '', 'images'),
	(596, '', '', 'en', '', 'images'),
	(597, '', '', 'en', '', 'images'),
	(598, '', '', 'en', '', 'images'),
	(599, '', '', 'en', '', 'images'),
	(600, '', '', 'en', '', 'images'),
	(601, '', '', 'en', '', 'images'),
	(602, '', '', 'en', '', 'images'),
	(603, '', '', 'en', '', 'images'),
	(604, '', '', 'en', '', 'images'),
	(605, '', '', 'en', '', 'images'),
	(606, '', '', 'en', '', 'images'),
	(607, '', '', 'en', '', 'images'),
	(608, '', '', 'en', '', 'images'),
	(609, '', '', 'en', '', 'images'),
	(610, '', '', 'en', '', 'images'),
	(611, '', '', 'en', '', 'images'),
	(612, '', '', 'en', '', 'images'),
	(613, '', '', 'en', '', 'images'),
	(614, '', '', 'en', '', 'images'),
	(615, '', '', 'en', '', 'images'),
	(616, '', '', 'en', '', 'images'),
	(617, '', '', 'en', '', 'images'),
	(618, '', '', 'en', '', 'images'),
	(619, '', '', 'en', '', 'images'),
	(620, '', '', 'en', '', 'images'),
	(621, '', '', 'en', '', 'images'),
	(622, '', '', 'en', '', 'images'),
	(623, '', '', 'en', '', 'images'),
	(624, '', '', 'en', '', 'images'),
	(625, '', '', 'en', '', 'images'),
	(626, '', '', 'en', '', 'images'),
	(627, '', '', 'en', '', 'images'),
	(628, '', '', 'en', '', 'images'),
	(629, '', '', 'en', '', 'images'),
	(630, '', '', 'en', '', 'images'),
	(631, '', '', 'en', '', 'images'),
	(632, '', '', 'en', '', 'images'),
	(633, '', '', 'en', '', 'images'),
	(634, '', '', 'en', '', 'images'),
	(635, '', '', 'en', '', 'images'),
	(636, '', '', 'en', '', 'images'),
	(637, '', '', 'en', '', 'images'),
	(638, '', '', 'en', '', 'images'),
	(639, '', '', 'en', '', 'images'),
	(640, '', '', 'en', '', 'images'),
	(641, '', '', 'en', '', 'images'),
	(642, '', '', 'en', '', 'images'),
	(643, '', '', 'en', '', 'images'),
	(644, '', '', 'en', '', 'images'),
	(645, '', '', 'en', '', 'images'),
	(646, '', '', 'en', '', 'images'),
	(647, '', '', 'en', '', 'images'),
	(648, '', '', 'en', '', 'images'),
	(649, '', '', 'en', '', 'images'),
	(650, '', '', 'en', '', 'images'),
	(651, '', '', 'en', '', 'images'),
	(652, '', '', 'en', '', 'images'),
	(653, '', '', 'en', '', 'images'),
	(654, '', '', 'en', '', 'images'),
	(655, '', '', 'en', '', 'images'),
	(656, '', '', 'en', '', 'images'),
	(657, '', '', 'en', '', 'images'),
	(658, '', '', 'en', '', 'images'),
	(659, '', '', 'en', '', 'images'),
	(660, '', '', 'en', '', 'images'),
	(661, '', '', 'en', '', 'images'),
	(662, '', '', 'en', '', 'images'),
	(663, '', '', 'en', '', 'images'),
	(664, '', '', 'en', '', 'images'),
	(665, '', '', 'en', '', 'images'),
	(666, '', '', 'en', '', 'images'),
	(667, '', '', 'en', '', 'images'),
	(668, '', '', 'en', '', 'images'),
	(669, '', '', 'en', '', 'images'),
	(670, '', '', 'en', '', 'images'),
	(671, '', '', 'en', '', 'images'),
	(672, '', '', 'en', '', 'images'),
	(673, '', '', 'en', '', 'images'),
	(674, '', '', 'en', '', 'images'),
	(675, '', '', 'en', '', 'images'),
	(676, '', '', 'en', '', 'images'),
	(677, '', '', 'en', '', 'images'),
	(678, '', '', 'en', '', 'images'),
	(679, '', '', 'en', '', 'images'),
	(680, '', '', 'en', '', 'images'),
	(681, '', '', 'en', '', 'images'),
	(682, '', '', 'en', '', 'images'),
	(683, '', '', 'en', '', 'images'),
	(684, '', '', 'en', '', 'images'),
	(685, '', '', 'en', '', 'images'),
	(686, '', '', 'en', '', 'images'),
	(687, '', '', 'en', '', 'images'),
	(688, '', '', 'en', '', 'images'),
	(689, '', '', 'en', '', 'images'),
	(690, '', '', 'en', '', 'images'),
	(691, '', '', 'en', '', 'images'),
	(692, '', '', 'en', '', 'images'),
	(693, '', '', 'en', '', 'images'),
	(694, '', '', 'en', '', 'images'),
	(695, '', '', 'en', '', 'images'),
	(696, '', '', 'en', '', 'images'),
	(697, '', '', 'en', '', 'images'),
	(698, '', '', 'en', '', 'images'),
	(699, '', '', 'en', '', 'images'),
	(700, '', '', 'en', '', 'images'),
	(701, '', '', 'en', '', 'images'),
	(702, '', '', 'en', '', 'images'),
	(703, '', '', 'en', '', 'images'),
	(704, '', '', 'en', '', 'images'),
	(705, '', '', 'en', '', 'images'),
	(706, '', '', 'en', '', 'images'),
	(707, '', '', 'en', '', 'images'),
	(708, '', '', 'en', '', 'images'),
	(709, '', '', 'en', '', 'images'),
	(710, '', '', 'en', '', 'images'),
	(711, '', '', 'en', '', 'images'),
	(712, '', '', 'en', '', 'images'),
	(713, '', '', 'en', '', 'images'),
	(714, '', '', 'en', '', 'images'),
	(715, '', '', 'en', '', 'images'),
	(716, '', '', 'en', '', 'images'),
	(717, '', '', 'en', '', 'images'),
	(718, '', '', 'en', '', 'images'),
	(719, '', '', 'en', '', 'images'),
	(720, '', '', 'en', '', 'images'),
	(721, '', '', 'en', '', 'images'),
	(722, '', '', 'en', '', 'images'),
	(723, '', '', 'en', '', 'images'),
	(724, '', '', 'en', '', 'images'),
	(725, '', '', 'en', '', 'images'),
	(739, '', '', 'en', '', 'images'),
	(727, '', '', 'en', '', 'images'),
	(728, '', '', 'en', '', 'images'),
	(729, '', '', 'en', '', 'images'),
	(730, '', '', 'en', '', 'images'),
	(731, '', '', 'en', '', 'images'),
	(732, '', '', 'en', '', 'images'),
	(733, '', '', 'en', '', 'images'),
	(734, '', '', 'en', '', 'images'),
	(735, '', '', 'en', '', 'images'),
	(736, '', '', 'en', '', 'images'),
	(737, '', '', 'en', '', 'images'),
	(738, '', '', 'en', '', 'images'),
	(740, '', '', 'en', '', 'images'),
	(741, '', '', '\ne', '', 'images'),
	(742, '', '', 'en', '', 'images'),
	(743, '', '', 'en', '', 'images'),
	(744, '', '', 'en', '', 'images'),
	(745, '', '', 'en', '', 'images'),
	(746, '', '', 'en', '', 'images'),
	(747, '', '', 'en', '', 'images'),
	(748, '', '', 'en', '', 'images'),
	(749, '', '', 'en', '', 'images'),
	(750, '', '', 'en', '', 'images'),
	(751, '', '', 'en', '', 'images'),
	(752, '', '', 'en', '', 'images'),
	(753, '', '', 'en', '', 'images'),
	(754, '', '', 'en', '', 'images'),
	(755, '', '', 'en', '', 'images'),
	(756, '', '', 'en', '', 'images'),
	(757, '', '', 'en', '', 'images'),
	(758, '', '', 'en', '', 'images'),
	(759, '', '', 'en', '', 'images'),
	(760, '', '', 'en', '', 'images'),
	(761, '', '', 'en', '', 'images'),
	(762, '', '', 'en', '', 'images'),
	(763, '', '', 'en', '', 'images'),
	(764, '', '', 'en', '', 'images'),
	(765, '', '', 'en', '', 'images'),
	(766, '', '', 'en', '', 'images'),
	(767, '', '', 'en', '', 'images'),
	(768, '', '', 'en', '', 'images'),
	(769, '', '', 'en', '', 'images'),
	(833, '', '', 'en', '', 'images'),
	(771, '', '', 'en', '', 'images'),
	(772, '', '', 'en', '', 'images'),
	(773, '', '', 'en', '', 'images'),
	(774, '', '', 'en', '', 'images'),
	(775, '', '', 'en', '', 'images'),
	(776, '', '', 'en', '', 'images'),
	(777, '', '', 'en', '', 'images'),
	(778, '', '', 'en', '', 'images'),
	(779, '', '', 'en', '', 'images'),
	(780, '', '', 'en', '', 'images'),
	(781, '', '', 'en', '', 'images'),
	(782, '', '', 'en', '', 'images'),
	(783, '', '', 'en', '', 'images'),
	(784, '', '', 'en', '', 'images'),
	(785, '', '', 'en', '', 'images'),
	(786, '', '', 'en', '', 'images'),
	(787, '', '', 'en', '', 'images'),
	(788, '', '', 'en', '', 'images'),
	(789, '', '', 'en', '', 'images'),
	(790, '', '', 'en', '', 'images'),
	(791, '', '', 'en', '', 'images'),
	(792, '', '', 'en', '', 'images'),
	(793, '', '', 'en', '', 'images'),
	(794, '', '', 'en', '', 'images'),
	(795, '', '', 'en', '', 'images'),
	(796, '', '', 'en', '', 'images'),
	(797, '', '', 'en', '', 'images'),
	(798, '', '', 'en', '', 'images'),
	(799, '', '', 'en', '', 'images'),
	(800, '', '', 'en', '', 'images'),
	(801, '', '', 'en', '', 'images'),
	(802, '', '', 'en', '', 'images'),
	(803, '', '', 'en', '', 'images'),
	(804, '', '', 'en', '', 'images'),
	(805, '', '', 'en', '', 'images'),
	(806, '', '', 'en', '', 'images'),
	(807, '', '', 'en', '', 'images'),
	(808, '', '', 'en', '', 'images'),
	(809, '', '', 'en', '', 'images'),
	(810, '', '', 'en', '', 'images'),
	(811, '', '', 'en', '', 'images'),
	(812, '', '', 'en', '', 'images'),
	(813, '', '', 'en', '', 'images'),
	(814, '', '', 'en', '', 'images'),
	(815, '', '', 'en', '', 'images'),
	(816, '', '', 'en', '', 'images'),
	(817, '', '', 'en', '', 'images'),
	(818, '', '', 'en', '', 'images'),
	(819, '', '', 'en', '', 'images'),
	(820, '', '', 'en', '', 'images'),
	(821, '', '', 'en', '', 'images'),
	(822, '', '', 'en', '', 'images'),
	(823, '', '', 'en', '', 'images'),
	(824, '', '', 'en', '', 'images'),
	(825, '', '', 'en', '', 'images'),
	(826, '', '', 'en', '', 'images'),
	(827, '', '', 'en', '', 'images'),
	(828, '', '', 'en', '', 'images'),
	(829, '', '', 'en', '', 'images'),
	(830, '', '', 'en', '', 'images'),
	(831, '', '', 'en', '', 'images'),
	(832, '', '', 'en', '', 'images'),
	(834, '', '', 'en', '', 'images'),
	(835, '', '', 'en', '', 'images'),
	(836, '', '', 'en', '', 'images'),
	(837, '', '', 'en', '', 'images'),
	(838, '', '', 'en', '', 'images'),
	(839, '', '', 'en', '', 'images'),
	(840, '', '', 'en', '', 'images'),
	(841, '', '', 'en', '', 'images'),
	(842, '', '', 'en', '', 'images'),
	(843, '', '', 'en', '', 'images'),
	(844, '', '', 'en', '', 'images'),
	(845, '', '', 'en', '', 'images'),
	(846, '', '', 'en', '', 'images'),
	(847, '', '', 'en', '', 'images'),
	(848, '', '', 'en', '', 'images'),
	(849, '', '', 'en', '', 'images'),
	(850, '', '', 'en', '', 'images'),
	(851, '', '', 'en', '', 'images'),
	(852, '', '', 'en', '', 'images'),
	(853, '', '', 'en', '', 'images'),
	(854, '', '', 'en', '', 'images'),
	(855, '', '', 'en', '', 'images'),
	(856, '', '', 'en', '', 'images'),
	(857, '', '', 'en', '', 'images'),
	(858, '', '', 'en', '', 'images'),
	(862, '', '', 'en', '', 'images'),
	(861, '', '', 'en', '', 'images'),
	(863, '', '', 'en', '', 'images'),
	(864, '', '', 'en', '', 'images'),
	(865, '', '', 'en', '', 'images'),
	(866, '', '', 'en', '', 'images'),
	(867, '', '', 'en', '', 'images'),
	(868, '', '', 'en', '', 'images'),
	(869, '', '', 'en', '', 'images'),
	(870, '', '', 'en', '', 'images'),
	(871, '', '', 'en', '', 'images'),
	(872, '', '', 'en', '', 'images'),
	(873, '', '', 'en', '', 'images'),
	(874, '', '', 'en', '', 'images'),
	(875, '', '', 'en', '', 'images'),
	(876, '', '', 'en', '', 'images'),
	(877, '', '', 'en', '', 'images'),
	(878, '', '', 'en', '', 'images'),
	(879, '', '', 'en', '', 'images'),
	(898, '', '', 'en', '', 'images'),
	(881, '', '', 'en', '', 'images'),
	(882, '', '', 'en', '', 'images'),
	(883, '', '', 'en', '', 'images'),
	(884, '', '', 'en', '', 'images'),
	(885, '', '', 'en', '', 'images'),
	(886, '', '', 'en', '', 'images'),
	(887, '', '', 'en', '', 'images'),
	(888, '', '', 'en', '', 'images'),
	(889, '', '', 'en', '', 'images'),
	(890, '', '', 'en', '', 'images'),
	(891, '', '', 'en', '', 'images'),
	(892, '', '', 'en', '', 'images'),
	(900, '', '', 'en', '', 'images'),
	(899, '', '', 'en', '', 'images'),
	(903, '', '', 'en', '', 'images'),
	(902, '', '', 'en', '', 'images'),
	(901, '', '', 'en', '', 'images'),
	(905, '', '', 'en', '', 'images'),
	(906, '', '', 'en', '', 'images'),
	(908, '', '', 'en', '', 'images'),
	(909, '', '', 'en', '', 'images'),
	(904, '', '', 'en', '', 'images'),
	(907, '', '', 'en', '', 'images'),
	(926, '', '', 'en', '', 'images'),
	(1006, '', '', 'en', '', 'images'),
	(1007, '', '', 'en', '', 'images'),
	(1008, '', '', 'en', '', 'images'),
	(1009, '', '', 'en', '', 'images'),
	(1010, '', '', 'en', '', 'images'),
	(1011, '', '', 'en', '', 'images'),
	(1012, '', '', 'en', '', 'images'),
	(1013, '', '', 'en', '', 'images'),
	(1014, '', '', 'en', '', 'images'),
	(1015, '', '', 'en', '', 'images'),
	(1016, '', '', 'en', '', 'images'),
	(1017, '', '', 'en', '', 'images'),
	(1018, '', '', 'en', '', 'images'),
	(1019, '', '', 'en', '', 'images'),
	(1020, '', '', 'en', '', 'images'),
	(1021, '', '', 'en', '', 'images'),
	(1022, '', '', 'en', '', 'images'),
	(1023, '', '', 'en', '', 'images'),
	(1024, '', '', 'en', '', 'images'),
	(1025, '', '', 'en', '', 'images'),
	(1026, '', '', 'en', '', 'images'),
	(1027, '', '', 'en', '', 'images'),
	(1028, '', '', 'en', '', 'images'),
	(1029, '', '', 'en', '', 'images'),
	(1030, '', '', 'en', '', 'images'),
	(1031, '', '', 'en', '', 'images'),
	(1032, '', '', 'en', '', 'images'),
	(1033, '', '', 'en', '', 'images'),
	(1034, '', '', 'en', '', 'images'),
	(1035, '', '', 'en', '', 'images'),
	(1036, '', '', 'en', '', 'images'),
	(1037, '', '', 'en', '', 'images'),
	(1038, '', '', 'en', '', 'images'),
	(1039, '', '', 'en', '', 'images'),
	(1040, '', '', 'en', '', 'images'),
	(1041, '', '', 'en', '', 'images'),
	(1042, '', '', 'en', '', 'images'),
	(1043, '', '', 'en', '', 'images'),
	(1044, '', '', 'en', '', 'images'),
	(1045, '', '', 'en', '', 'images'),
	(1046, '', '', 'en', '', 'images'),
	(1047, '', '', 'en', '', 'images'),
	(1048, '', '', 'en', '', 'images'),
	(1051, '', '', 'en', '', 'images'),
	(1052, '', '', 'en', '', 'images'),
	(1053, '', '', 'en', '', 'images'),
	(1054, '', '', 'en', '', 'images'),
	(1055, '', '', 'en', '', 'images');
/*!40000 ALTER TABLE `cscart_common_descriptions` ENABLE KEYS */;


-- Dumping structure for table installer_skozachuk_cscart421u.cscart_companies
DROP TABLE IF EXISTS `cscart_companies`;
CREATE TABLE IF NOT EXISTS `cscart_companies` (
  `company_id` int(11) unsigned NOT NULL AUTO_INCREMENT,
  `status` char(1) NOT NULL DEFAULT 'A',
  `company` varchar(255) NOT NULL,
  `lang_code` char(2) NOT NULL DEFAULT '',
  `address` varchar(255) NOT NULL,
  `city` varchar(64) NOT NULL,
  `state` varchar(32) NOT NULL,
  `country` char(2) NOT NULL,
  `zipcode` varchar(16) NOT NULL,
  `email` varchar(128) NOT NULL,
  `phone` varchar(32) NOT NULL,
  `fax` varchar(32) NOT NULL,
  `url` varchar(128) NOT NULL,
  `storefront` varchar(255) NOT NULL DEFAULT '',
  `secure_storefront` varchar(255) NOT NULL DEFAULT '',
  `entry_page` varchar(50) NOT NULL DEFAULT 'none',
  `redirect_customer` char(1) NOT NULL DEFAULT 'Y',
  `countries_list` text NOT NULL,
  `timestamp` int(11) NOT NULL,
  `categories` text NOT NULL,
  `shippings` text NOT NULL,
  `logos` text NOT NULL,
  `commission` decimal(12,2) NOT NULL DEFAULT '0.00',
  `commission_type` char(1) NOT NULL DEFAULT 'A',
  `request_user_id` mediumint(8) unsigned NOT NULL DEFAULT '0',
  `request_account_name` varchar(255) NOT NULL DEFAULT '',
  `request_account_data` text NOT NULL,
  PRIMARY KEY (`company_id`)
) ENGINE=MyISAM AUTO_INCREMENT=2 DEFAULT CHARSET=utf8;

-- Dumping data for table installer_skozachuk_cscart421u.cscart_companies: 1 rows
/*!40000 ALTER TABLE `cscart_companies` DISABLE KEYS */;
INSERT INTO `cscart_companies` (`company_id`, `status`, `company`, `lang_code`, `address`, `city`, `state`, `country`, `zipcode`, `email`, `phone`, `fax`, `url`, `storefront`, `secure_storefront`, `entry_page`, `redirect_customer`, `countries_list`, `timestamp`, `categories`, `shippings`, `logos`, `commission`, `commission_type`, `request_user_id`, `request_account_name`, `request_account_data`) VALUES
	(1, 'A', 'Simtech', 'en', 'Boston street', 'Boston', 'MA', 'US', '02125', 'simtech@example.com', '555555555', '+555555555', 'http://example.com', '_web_server_/_cat_', '_web_server_/_cat_', 'none', 'Y', '', 1269610461, '', '1', '', 0.00, 'A', 0, '', '');
/*!40000 ALTER TABLE `cscart_companies` ENABLE KEYS */;


-- Dumping structure for table installer_skozachuk_cscart421u.cscart_company_descriptions
DROP TABLE IF EXISTS `cscart_company_descriptions`;
CREATE TABLE IF NOT EXISTS `cscart_company_descriptions` (
  `company_id` int(11) unsigned NOT NULL,
  `lang_code` char(2) NOT NULL,
  `company_description` text NOT NULL,
  PRIMARY KEY (`company_id`,`lang_code`)
) ENGINE=MyISAM DEFAULT CHARSET=utf8;

-- Dumping data for table installer_skozachuk_cscart421u.cscart_company_descriptions: 0 rows
/*!40000 ALTER TABLE `cscart_company_descriptions` DISABLE KEYS */;
/*!40000 ALTER TABLE `cscart_company_descriptions` ENABLE KEYS */;


-- Dumping structure for table installer_skozachuk_cscart421u.cscart_countries
DROP TABLE IF EXISTS `cscart_countries`;
CREATE TABLE IF NOT EXISTS `cscart_countries` (
  `code` char(2) NOT NULL DEFAULT '',
  `code_A3` char(3) NOT NULL DEFAULT '',
  `code_N3` char(3) NOT NULL DEFAULT '',
  `region` char(2) NOT NULL DEFAULT '',
  `lat` float NOT NULL DEFAULT '0',
  `lon` float NOT NULL DEFAULT '0',
  `status` char(1) NOT NULL DEFAULT 'A',
  PRIMARY KEY (`code`),
  KEY `status` (`status`)
) ENGINE=MyISAM DEFAULT CHARSET=utf8;

-- Dumping data for table installer_skozachuk_cscart421u.cscart_countries: 247 rows
/*!40000 ALTER TABLE `cscart_countries` DISABLE KEYS */;
INSERT INTO `cscart_countries` (`code`, `code_A3`, `code_N3`, `region`, `lat`, `lon`, `status`) VALUES
	('AF', 'AFG', '004', 'AS', 33, 65, 'A'),
	('AL', 'ALB', '008', 'EU', 41, 20, 'A'),
	('DZ', 'DZA', '012', 'AF', 28, 3, 'A'),
	('AS', 'ASM', '016', 'AU', -14.2, -170, 'A'),
	('AD', 'AND', '020', 'EU', 42.3, 1.3, 'A'),
	('AO', 'AGO', '024', 'AF', -12.3, 18.3, 'A'),
	('AI', 'AIA', '660', 'LA', 18.15, -63.1, 'A'),
	('AQ', 'ATA', '010', 'AN', -90, 0, 'A'),
	('AG', 'ATG', '028', 'LA', 17.03, -61.48, 'A'),
	('AR', 'ARG', '032', 'LA', -34, -64, 'A'),
	('AM', 'ARM', '051', 'AS', 40, 45, 'A'),
	('AW', 'ABW', '533', 'LA', 12.3, -69.58, 'A'),
	('AU', 'AUS', '036', 'AU', -27, 133, 'A'),
	('AT', 'AUT', '040', 'EU', 47.2, 13.2, 'A'),
	('AZ', 'AZE', '031', 'AS', 40.3, 47.3, 'A'),
	('BS', 'BHS', '044', 'LA', 24.15, -76, 'A'),
	('BH', 'BHR', '048', 'AS', 26, 50.33, 'A'),
	('BD', 'BGD', '050', 'AS', 24, 90, 'A'),
	('BB', 'BRB', '052', 'LA', 13.1, -59.32, 'A'),
	('BY', 'BLR', '112', 'EU', 53, 28, 'A'),
	('BE', 'BEL', '056', 'EU', 50.5, 4, 'A'),
	('BZ', 'BLZ', '084', 'LA', 17.15, -88.45, 'A'),
	('BJ', 'BEN', '204', 'AF', 9.3, 2.15, 'A'),
	('BM', 'BMU', '060', 'LA', 32.2, -64.45, 'A'),
	('BT', 'BTN', '064', 'AS', 27.3, 90.3, 'A'),
	('BO', 'BOL', '068', 'LA', -17, -65, 'A'),
	('BA', 'BIH', '070', 'EU', 44, 18, 'A'),
	('BW', 'BWA', '072', 'AF', -22, 24, 'A'),
	('BV', 'BVT', '074', 'AN', -54.26, 3.24, 'A'),
	('BR', 'BRA', '076', 'LA', -10, -55, 'A'),
	('IO', 'IOT', '086', 'AS', -6, 71.3, 'A'),
	('VG', 'VGB', '092', 'LA', 18.2, -64.5, 'A'),
	('BN', 'BRN', '096', 'AS', 4.3, 114.4, 'A'),
	('BG', 'BGR', '100', 'EU', 43, 25, 'A'),
	('BF', 'BFA', '854', 'AF', 13, -2, 'A'),
	('BI', 'BDI', '108', 'AF', -3.3, 30, 'A'),
	('KH', 'KHM', '116', 'AS', 13, 105, 'A'),
	('CM', 'CMR', '120', 'AF', 6, 12, 'A'),
	('CA', 'CAN', '124', 'NA', 60, -95, 'A'),
	('CV', 'CPV', '132', 'AF', 16, -24, 'A'),
	('KY', 'CYM', '136', 'LA', 19.3, -80.3, 'A'),
	('CF', 'CAF', '140', 'AF', 7, 21, 'A'),
	('TD', 'TCD', '148', 'AF', 15, 19, 'A'),
	('CL', 'CHL', '152', 'LA', -30, -71, 'A'),
	('CN', 'CHN', '156', 'AS', 35, 105, 'A'),
	('CX', 'CXR', '162', 'AU', -10.3, 105.4, 'A'),
	('CC', 'CCK', '166', 'AU', -12.3, 96.5, 'A'),
	('CO', 'COL', '170', 'LA', 4, -72, 'A'),
	('KM', 'COM', '174', 'AF', -12.1, 44.15, 'A'),
	('CG', 'COG', '178', 'AF', 0, 25, 'A'),
	('CK', 'COK', '184', 'AU', -21.14, -159.46, 'A'),
	('CR', 'CRI', '188', 'LA', 10, -84, 'A'),
	('CI', 'CIV', '384', 'AF', 7.64, -4.93, 'A'),
	('HR', 'HRV', '191', 'EU', 45.1, 15.3, 'A'),
	('CU', 'CUB', '192', 'LA', 21.3, -80, 'A'),
	('CY', 'CYP', '196', 'EU', 35, 33, 'A'),
	('CZ', 'CZE', '203', 'EU', 49.45, 15.3, 'A'),
	('DK', 'DNK', '208', 'EU', 56, 10, 'A'),
	('DJ', 'DJI', '262', 'AF', 11.3, 43, 'A'),
	('DM', 'DMA', '212', 'LA', 15.25, -61.2, 'A'),
	('DO', 'DOM', '214', 'LA', 19, -70.4, 'A'),
	('TL', 'TLS', '626', 'AS', -8.5, 125.55, 'A'),
	('EC', 'ECU', '218', 'LA', -2, -77.3, 'A'),
	('EG', 'EGY', '818', 'AF', 27, 30, 'A'),
	('SV', 'SLV', '222', 'LA', 13.5, -88.55, 'A'),
	('GQ', 'GNQ', '226', 'AF', 2, 10, 'A'),
	('ER', 'ERI', '232', 'AF', 15, 39, 'A'),
	('EE', 'EST', '233', 'EU', 59, 26, 'A'),
	('ET', 'ETH', '210', 'AF', 8, 38, 'A'),
	('FK', 'FLK', '238', 'LA', -51.45, -59, 'A'),
	('FO', 'FRO', '234', 'EU', 62, -7, 'A'),
	('FJ', 'FJI', '242', 'AU', -18, 175, 'A'),
	('FI', 'FIN', '246', 'EU', 64, 26, 'A'),
	('FR', 'FRA', '250', 'EU', 46, 2, 'A'),
	('FX', 'FXX', '249', 'EU', 0, 0, 'A'),
	('GF', 'GUF', '254', 'LA', 4, -53, 'A'),
	('PF', 'PYF', '258', 'AU', -15, -140, 'A'),
	('TF', 'ATF', '260', 'AN', -43, 67, 'A'),
	('GA', 'GAB', '266', 'AF', -1, 11.45, 'A'),
	('GE', 'GEO', '268', 'AS', 42, 43.3, 'A'),
	('GM', 'GMB', '270', 'AF', 13.28, -16.34, 'A'),
	('PS', 'PSE', '275', 'AS', 31.89, 34.9, 'A'),
	('DE', 'DEU', '276', 'EU', 51, 9, 'A'),
	('GH', 'GHA', '288', 'AF', 8, -2, 'A'),
	('GI', 'GIB', '292', 'EU', 36.8, -5.21, 'A'),
	('GR', 'GRC', '300', 'EU', 39, 22, 'A'),
	('GL', 'GRL', '304', 'NA', 72, -40, 'A'),
	('GD', 'GRD', '308', 'LA', 12.07, -61.4, 'A'),
	('GP', 'GLP', '312', 'LA', 16.15, -61.35, 'A'),
	('GU', 'GUM', '316', 'AU', 13.28, 144.47, 'A'),
	('GT', 'GTM', '320', 'LA', 15.3, -90.15, 'A'),
	('GN', 'GIN', '324', 'AF', 11, -10, 'A'),
	('GW', 'GNB', '624', 'AF', 12, -15, 'A'),
	('GY', 'GUY', '328', 'LA', 5, -59, 'A'),
	('HT', 'HTI', '332', 'LA', 19, -72.25, 'A'),
	('HM', 'HMD', '334', 'AU', -53.06, 72.31, 'A'),
	('HN', 'HND', '340', 'LA', 15, -86.3, 'A'),
	('HK', 'HKG', '344', 'AS', 22.15, 114.1, 'A'),
	('HU', 'HUN', '348', 'EU', 47, 20, 'A'),
	('IS', 'ISL', '352', 'EU', 65, -18, 'A'),
	('IN', 'IND', '356', 'AS', 20, 77, 'A'),
	('ID', 'IDN', '360', 'AS', -5, 120, 'A'),
	('IQ', 'IRQ', '368', 'AS', 33, 44, 'A'),
	('IE', 'IRL', '372', 'EU', 53, -8, 'A'),
	('IR', 'IRN', '364', 'AS', 32, 53, 'A'),
	('IL', 'ISR', '376', 'AS', 31.3, 34.45, 'A'),
	('IT', 'ITA', '380', 'EU', 42.5, 12.5, 'A'),
	('JM', 'JAM', '388', 'LA', 18.15, -77.3, 'A'),
	('JP', 'JPN', '392', 'AS', 36, 138, 'A'),
	('JO', 'JOR', '400', 'AS', 31, 36, 'A'),
	('KZ', 'KAZ', '398', 'AS', 48, 68, 'A'),
	('KE', 'KEN', '404', 'AF', 1, 38, 'A'),
	('KI', 'KIR', '296', 'AU', 1.25, 173, 'A'),
	('KP', 'PRK', '408', 'AS', 40, 127, 'A'),
	('KR', 'KOR', '410', 'AS', 37, 127.3, 'A'),
	('KW', 'KWT', '414', 'AS', 29.3, 45.45, 'A'),
	('KG', 'KGZ', '417', 'AS', 41, 75, 'A'),
	('LA', 'LAO', '418', 'AS', 18, 105, 'A'),
	('LV', 'LVA', '428', 'EU', 57, 25, 'A'),
	('LB', 'LBN', '422', 'AS', 33.5, 35.5, 'A'),
	('LS', 'LSO', '426', 'AF', -29.3, 28.3, 'A'),
	('LR', 'LBR', '430', 'AF', 6.3, -9.3, 'A'),
	('LY', 'LBY', '434', 'AF', 25, 17, 'A'),
	('LI', 'LIE', '438', 'EU', 47.16, 9.32, 'A'),
	('LT', 'LTU', '440', 'EU', 56, 24, 'A'),
	('LU', 'LUX', '442', 'EU', 49.45, 6.1, 'A'),
	('MO', 'MAC', '446', 'AS', 22.1, 113.33, 'A'),
	('MK', 'MKD', '807', 'EU', 41.5, 22, 'A'),
	('MG', 'MDG', '450', 'AF', -20, 47, 'A'),
	('MW', 'MWI', '454', 'AF', -13.3, 34, 'A'),
	('MY', 'MYS', '458', 'AS', 2.3, 112.3, 'A'),
	('MV', 'MDV', '462', 'AS', 3.15, 73, 'A'),
	('ML', 'MLI', '466', 'AF', 17, -4, 'A'),
	('MT', 'MLT', '470', 'EU', 35.5, 14.35, 'A'),
	('MH', 'MHL', '584', 'AU', 9, 168, 'A'),
	('MQ', 'MTQ', '474', 'LA', 14.4, -61, 'A'),
	('MR', 'MRT', '478', 'AF', 20, -12, 'A'),
	('MU', 'MUS', '480', 'AF', -20.17, 57.33, 'A'),
	('YT', 'MYT', '175', 'AF', -12.5, 45.1, 'A'),
	('MX', 'MEX', '484', 'LA', 23, -102, 'A'),
	('FM', 'FSM', '583', 'AU', 6.55, 158.15, 'A'),
	('MD', 'MDA', '498', 'EU', 47, 29, 'A'),
	('MC', 'MCO', '492', 'EU', 43.44, 7.24, 'A'),
	('MN', 'MNG', '496', 'AS', 46, 105, 'A'),
	('MS', 'MSR', '500', 'LA', 16.45, -62.12, 'A'),
	('MA', 'MAR', '504', 'AF', 32, -5, 'A'),
	('MZ', 'MOZ', '508', 'AF', -18.15, 35, 'A'),
	('MM', 'MMR', '104', 'AS', 22, 98, 'A'),
	('NA', 'NAM', '516', 'AF', -22, 17, 'A'),
	('NR', 'NRU', '520', 'AU', -0.32, 166.55, 'A'),
	('NP', 'NPL', '524', 'AS', 28, 84, 'A'),
	('NL', 'NLD', '528', 'EU', 52.3, 5.45, 'A'),
	('NC', 'NCL', '540', 'AU', -21.3, 165.3, 'A'),
	('NZ', 'NZL', '554', 'AU', -41, 174, 'A'),
	('NI', 'NIC', '558', 'LA', 13, -85, 'A'),
	('NE', 'NER', '562', 'AF', 16, 8, 'A'),
	('NG', 'NGA', '566', 'AF', 10, 8, 'A'),
	('NU', 'NIU', '570', 'AU', -19.02, -169.52, 'A'),
	('NF', 'NFK', '574', 'AU', -29.02, 167.57, 'A'),
	('MP', 'MNP', '580', 'AU', 15.12, 145.45, 'A'),
	('NO', 'NOR', '578', 'EU', 62, 10, 'A'),
	('OM', 'OMN', '512', 'AS', 21, 57, 'A'),
	('PK', 'PAK', '586', 'AS', 30, 70, 'A'),
	('PW', 'PLW', '585', 'AU', 7.3, 134.3, 'A'),
	('PA', 'PAN', '591', 'LA', 9, -80, 'A'),
	('PG', 'PNG', '598', 'AS', -6, 147, 'A'),
	('PY', 'PRY', '600', 'LA', -23, -58, 'A'),
	('PE', 'PER', '604', 'LA', -10, -76, 'A'),
	('PH', 'PHL', '608', 'AS', 13, 122, 'A'),
	('PN', 'PCN', '612', 'AU', -25.04, -130.06, 'A'),
	('PL', 'POL', '616', 'EU', 52, 20, 'A'),
	('PT', 'PRT', '620', 'EU', 39.3, -8, 'A'),
	('PR', 'PRI', '630', 'LA', 18.15, -66.3, 'A'),
	('QA', 'QAT', '634', 'AS', 25.3, 51.15, 'A'),
	('RE', 'REU', '638', 'AF', -21.06, 55.36, 'A'),
	('RO', 'ROU', '642', 'EU', 46, 25, 'A'),
	('RU', 'RUS', '643', 'EU', 60, 100, 'A'),
	('RW', 'RWA', '646', 'AF', -2, 30, 'A'),
	('LC', 'LCA', '662', 'LA', 13.53, -60.68, 'A'),
	('WS', 'WSM', '685', 'AU', -13.35, -172.2, 'A'),
	('SM', 'SMR', '674', 'EU', 43.46, 12.25, 'A'),
	('ST', 'STP', '678', 'AF', 1, 7, 'A'),
	('SA', 'SAU', '682', 'AS', 25, 45, 'A'),
	('SN', 'SEN', '686', 'AF', 14, -14, 'A'),
	('SC', 'SYC', '690', 'AF', -4.35, 55.4, 'A'),
	('SL', 'SLE', '694', 'AF', 8.3, -11.3, 'A'),
	('SG', 'SGP', '702', 'AS', 1.22, 103.48, 'A'),
	('SK', 'SVK', '703', 'EU', 48.4, 19.3, 'A'),
	('SI', 'SVN', '705', 'EU', 46.07, 14.49, 'A'),
	('SB', 'SLB', '090', 'AU', -8, 159, 'A'),
	('SO', 'SOM', '706', 'AF', 10, 49, 'A'),
	('ZA', 'ZAF', '710', 'AF', -29, 24, 'A'),
	('ES', 'ESP', '724', 'EU', 40, -4, 'A'),
	('LK', 'LKA', '144', 'AS', 7, 81, 'A'),
	('SH', 'SHN', '654', 'AF', -15.56, -5.42, 'A'),
	('KN', 'KNA', '659', 'LA', 17.2, -62.45, 'A'),
	('PM', 'SPM', '666', 'NA', 46.5, -56.2, 'A'),
	('VC', 'VCT', '670', 'LA', 13.15, -61.12, 'A'),
	('SD', 'SDN', '736', 'AF', 15, 30, 'A'),
	('SR', 'SUR', '740', 'LA', 4, -56, 'A'),
	('SJ', 'SJM', '744', 'EU', 78, 20, 'A'),
	('SZ', 'SWZ', '748', 'AF', -26.3, 31.3, 'A'),
	('SE', 'SWE', '752', 'EU', 62, 15, 'A'),
	('CH', 'CHE', '756', 'EU', 47, 8, 'A'),
	('SY', 'SYR', '760', 'AS', 35, 38, 'A'),
	('TW', 'TWN', '158', 'AS', 23.3, 121, 'A'),
	('TJ', 'TJK', '762', 'AS', 39, 71, 'A'),
	('TZ', 'TZA', '834', 'AF', -6, 35, 'A'),
	('TH', 'THA', '764', 'AS', 15, 100, 'A'),
	('TG', 'TGO', '768', 'AF', 8, 1.1, 'A'),
	('TK', 'TKL', '772', 'AU', -9, -172, 'A'),
	('TO', 'TON', '776', 'AU', -20, -175, 'A'),
	('TT', 'TTO', '780', 'LA', 11, -61, 'A'),
	('TN', 'TUN', '788', 'AF', 34, 9, 'A'),
	('TR', 'TUR', '792', 'EU', 39, 35, 'A'),
	('TM', 'TKM', '795', 'AS', 40, 60, 'A'),
	('TC', 'TCA', '796', 'LA', 21.45, -71.35, 'A'),
	('TV', 'TUV', '798', 'AU', -8, 178, 'A'),
	('UG', 'UGA', '800', 'AF', 1, 32, 'A'),
	('UA', 'UKR', '804', 'EU', 49, 32, 'A'),
	('AE', 'ARE', '784', 'AS', 24, 54, 'A'),
	('GB', 'GBR', '826', 'EU', 54, -2, 'A'),
	('US', 'USA', '840', 'NA', 38, -97, 'A'),
	('VI', 'VIR', '850', 'LA', 18.2, -64.5, 'A'),
	('UY', 'URY', '858', 'LA', -33, -56, 'A'),
	('UZ', 'UZB', '860', 'AS', 41, 64, 'A'),
	('VU', 'VUT', '548', 'AU', -16, 167, 'A'),
	('VA', 'VAT', '336', 'EU', 41.54, 12.27, 'A'),
	('VE', 'VEN', '862', 'LA', 8, -66, 'A'),
	('VN', 'VNM', '704', 'AS', 16, 106, 'A'),
	('WF', 'WLF', '876', 'AU', -13.18, -176.12, 'A'),
	('EH', 'ESH', '732', 'AF', 24.3, -13, 'A'),
	('YE', 'YEM', '887', 'AS', 15, 48, 'A'),
	('CS', 'SCG', '891', 'EU', 43.57, 21.41, 'A'),
	('ZR', 'ZAR', '180', 'AF', 0, 0, 'A'),
	('ZM', 'ZMB', '894', 'AF', -15, 30, 'A'),
	('ZW', 'ZWE', '716', 'AF', -20, 30, 'A'),
	('AP', '', '', '', -2.81, 128.5, 'A'),
	('RS', 'SRB', '688', 'EU', 44.02, 21.01, 'A'),
	('AX', 'ALA', '248', 'EU', 60.21, 20.16, 'A'),
	('EU', '', '', '', 0, 0, 'A'),
	('ME', 'MNE', '499', 'EU', 42.47, 19.28, 'A'),
	('GG', 'GGY', '831', 'EU', 49.27, 2.33, 'A'),
	('JE', 'JEY', '832', 'EU', 49.11, 2.06, 'A'),
	('IM', 'IMN', '833', 'EU', 54.09, 4.29, 'A'),
	('CW', 'CUW', '531', 'LA', 12.18, -69, 'A'),
	('SX', 'SXM', '534', 'LA', 18.07, -63.05, 'A');
/*!40000 ALTER TABLE `cscart_countries` ENABLE KEYS */;


-- Dumping structure for table installer_skozachuk_cscart421u.cscart_country_descriptions
DROP TABLE IF EXISTS `cscart_country_descriptions`;
CREATE TABLE IF NOT EXISTS `cscart_country_descriptions` (
  `code` char(2) NOT NULL DEFAULT '',
  `lang_code` char(2) NOT NULL DEFAULT '',
  `country` varchar(128) NOT NULL DEFAULT '',
  PRIMARY KEY (`code`,`lang_code`)
) ENGINE=MyISAM DEFAULT CHARSET=utf8;

-- Dumping data for table installer_skozachuk_cscart421u.cscart_country_descriptions: 248 rows
/*!40000 ALTER TABLE `cscart_country_descriptions` DISABLE KEYS */;
INSERT INTO `cscart_country_descriptions` (`code`, `lang_code`, `country`) VALUES
	('AD', 'en', 'Andorra'),
	('AE', 'en', 'United Arab Emirates'),
	('AF', 'en', 'Afghanistan'),
	('AG', 'en', 'Antigua and Barbuda'),
	('AI', 'en', 'Anguilla'),
	('AL', 'en', 'Albania'),
	('AM', 'en', 'Armenia'),
	('AO', 'en', 'Angola'),
	('AQ', 'en', 'Antarctica'),
	('AR', 'en', 'Argentina'),
	('AS', 'en', 'American Samoa'),
	('AT', 'en', 'Austria'),
	('AU', 'en', 'Australia'),
	('AW', 'en', 'Aruba'),
	('AZ', 'en', 'Azerbaijan'),
	('BA', 'en', 'Bosnia and Herzegowina'),
	('BB', 'en', 'Barbados'),
	('BD', 'en', 'Bangladesh'),
	('BE', 'en', 'Belgium'),
	('BF', 'en', 'Burkina Faso'),
	('BG', 'en', 'Bulgaria'),
	('BH', 'en', 'Bahrain'),
	('BI', 'en', 'Burundi'),
	('BJ', 'en', 'Benin'),
	('BM', 'en', 'Bermuda'),
	('BN', 'en', 'Brunei Darussalam'),
	('BO', 'en', 'Bolivia'),
	('BR', 'en', 'Brazil'),
	('BS', 'en', 'Bahamas'),
	('BT', 'en', 'Bhutan'),
	('BV', 'en', 'Bouvet Island'),
	('BW', 'en', 'Botswana'),
	('BY', 'en', 'Belarus'),
	('BZ', 'en', 'Belize'),
	('CA', 'en', 'Canada'),
	('CC', 'en', 'Cocos (Keeling) Islands'),
	('CF', 'en', 'Central African Republic'),
	('CG', 'en', 'Congo'),
	('CH', 'en', 'Switzerland'),
	('CI', 'en', 'Cote D\'ivoire'),
	('CK', 'en', 'Cook Islands'),
	('CL', 'en', 'Chile'),
	('CM', 'en', 'Cameroon'),
	('CN', 'en', 'China'),
	('CO', 'en', 'Colombia'),
	('CR', 'en', 'Costa Rica'),
	('CU', 'en', 'Cuba'),
	('CV', 'en', 'Cape Verde'),
	('CX', 'en', 'Christmas Island'),
	('CY', 'en', 'Cyprus'),
	('CZ', 'en', 'Czech Republic'),
	('DE', 'en', 'Germany'),
	('DJ', 'en', 'Djibouti'),
	('DK', 'en', 'Denmark'),
	('DM', 'en', 'Dominica'),
	('DO', 'en', 'Dominican Republic'),
	('DZ', 'en', 'Algeria'),
	('EC', 'en', 'Ecuador'),
	('EE', 'en', 'Estonia'),
	('EG', 'en', 'Egypt'),
	('EH', 'en', 'Western Sahara'),
	('ER', 'en', 'Eritrea'),
	('ES', 'en', 'Spain'),
	('ET', 'en', 'Ethiopia'),
	('FI', 'en', 'Finland'),
	('FJ', 'en', 'Fiji'),
	('FK', 'en', 'Falkland Islands (Malvinas)'),
	('FM', 'en', 'Micronesia'),
	('FO', 'en', 'Faroe Islands'),
	('FR', 'en', 'France'),
	('FX', 'en', 'France, Metropolitan'),
	('GA', 'en', 'Gabon'),
	('GB', 'en', 'United Kingdom (Great Britain)'),
	('GD', 'en', 'Grenada'),
	('GE', 'en', 'Georgia'),
	('GF', 'en', 'French Guiana'),
	('GH', 'en', 'Ghana'),
	('GI', 'en', 'Gibraltar'),
	('GL', 'en', 'Greenland'),
	('GM', 'en', 'Gambia'),
	('GN', 'en', 'Guinea'),
	('GP', 'en', 'Guadeloupe'),
	('GQ', 'en', 'Equatorial Guinea'),
	('GR', 'en', 'Greece'),
	('GT', 'en', 'Guatemala'),
	('GU', 'en', 'Guam'),
	('GW', 'en', 'Guinea-Bissau'),
	('GY', 'en', 'Guyana'),
	('HK', 'en', 'Hong Kong'),
	('HM', 'en', 'Heard and McDonald Islands'),
	('HN', 'en', 'Honduras'),
	('HR', 'en', 'Croatia'),
	('HT', 'en', 'Haiti'),
	('HU', 'en', 'Hungary'),
	('ID', 'en', 'Indonesia'),
	('IE', 'en', 'Ireland'),
	('IL', 'en', 'Israel'),
	('IN', 'en', 'India'),
	('IO', 'en', 'British Indian Ocean Territory'),
	('IQ', 'en', 'Iraq'),
	('IR', 'en', 'Islamic Republic of Iran'),
	('IS', 'en', 'Iceland'),
	('IT', 'en', 'Italy'),
	('IM', 'en', 'Isle of Man'),
	('JM', 'en', 'Jamaica'),
	('JO', 'en', 'Jordan'),
	('JP', 'en', 'Japan'),
	('KE', 'en', 'Kenya'),
	('KG', 'en', 'Kyrgyzstan'),
	('KH', 'en', 'Cambodia'),
	('KI', 'en', 'Kiribati'),
	('KM', 'en', 'Comoros'),
	('KN', 'en', 'St. Kitts and Nevis'),
	('KP', 'en', 'Korea'),
	('KR', 'en', 'Korea, Republic of'),
	('KW', 'en', 'Kuwait'),
	('KY', 'en', 'Cayman Islands'),
	('KZ', 'en', 'Kazakhstan'),
	('LA', 'en', 'Laos'),
	('LB', 'en', 'Lebanon'),
	('LC', 'en', 'Saint Lucia'),
	('LI', 'en', 'Liechtenstein'),
	('LK', 'en', 'Sri Lanka'),
	('LR', 'en', 'Liberia'),
	('LS', 'en', 'Lesotho'),
	('LT', 'en', 'Lithuania'),
	('LU', 'en', 'Luxembourg'),
	('LV', 'en', 'Latvia'),
	('LY', 'en', 'Libyan Arab Jamahiriya'),
	('MA', 'en', 'Morocco'),
	('MC', 'en', 'Monaco'),
	('MD', 'en', 'Moldova, Republic of'),
	('MG', 'en', 'Madagascar'),
	('MH', 'en', 'Marshall Islands'),
	('MK', 'en', 'Macedonia'),
	('ML', 'en', 'Mali'),
	('MM', 'en', 'Myanmar'),
	('MN', 'en', 'Mongolia'),
	('ME', 'en', 'Montenegro'),
	('MO', 'en', 'Macau'),
	('MP', 'en', 'Northern Mariana Islands'),
	('MQ', 'en', 'Martinique'),
	('MR', 'en', 'Mauritania'),
	('MS', 'en', 'Montserrat'),
	('MT', 'en', 'Malta'),
	('MU', 'en', 'Mauritius'),
	('MV', 'en', 'Maldives'),
	('MW', 'en', 'Malawi'),
	('MX', 'en', 'Mexico'),
	('MY', 'en', 'Malaysia'),
	('MZ', 'en', 'Mozambique'),
	('NA', 'en', 'Namibia'),
	('NC', 'en', 'New Caledonia'),
	('NE', 'en', 'Niger'),
	('NF', 'en', 'Norfolk Island'),
	('NG', 'en', 'Nigeria'),
	('NI', 'en', 'Nicaragua'),
	('NL', 'en', 'Netherlands'),
	('NO', 'en', 'Norway'),
	('NP', 'en', 'Nepal'),
	('NR', 'en', 'Nauru'),
	('NU', 'en', 'Niue'),
	('NZ', 'en', 'New Zealand'),
	('OM', 'en', 'Oman'),
	('PA', 'en', '\nPanama'),
	('PE', 'en', 'Peru'),
	('PF', 'en', 'French Polynesia'),
	('PG', 'en', 'Papua New Guinea'),
	('PH', 'en', 'Philippines'),
	('PK', 'en', 'Pakistan'),
	('PL', 'en', 'Poland'),
	('PM', 'en', 'St. Pierre and Miquelon'),
	('PN', 'en', 'Pitcairn'),
	('PR', 'en', 'Puerto Rico'),
	('PS', 'en', 'Palestine Authority'),
	('PT', 'en', 'Portugal'),
	('PW', 'en', 'Palau'),
	('PY', 'en', 'Paraguay'),
	('QA', 'en', 'Qatar'),
	('RE', 'en', 'Reunion'),
	('RO', 'en', 'Romania'),
	('RU', 'en', 'Russian Federation'),
	('RW', 'en', 'Rwanda'),
	('SA', 'en', 'Saudi Arabia'),
	('CS', 'en', 'Serbia'),
	('SB', 'en', 'Solomon Islands'),
	('SC', 'en', 'Seychelles'),
	('SD', 'en', 'Sudan'),
	('SE', 'en', 'Sweden'),
	('SG', 'en', 'Singapore'),
	('SH', 'en', 'St. Helena'),
	('SI', 'en', 'Slovenia'),
	('SJ', 'en', 'Svalbard and Jan Mayen Islands'),
	('SK', 'en', 'Slovakia'),
	('SL', 'en', 'Sierra Leone'),
	('SM', 'en', 'San Marino'),
	('SN', 'en', 'Senegal'),
	('SO', 'en', 'Somalia'),
	('SR', 'en', 'Suriname'),
	('ST', 'en', 'Sao Tome and Principe'),
	('SV', 'en', 'El Salvador'),
	('SY', 'en', 'Syrian Arab Republic'),
	('SZ', 'en', 'Swaziland'),
	('TC', 'en', 'Turks and Caicos Islands'),
	('TD', 'en', 'Chad'),
	('TF', 'en', 'French Southern Territories'),
	('TG', 'en', 'Togo'),
	('TH', 'en', 'Thailand'),
	('TJ', 'en', 'Tajikistan'),
	('TK', 'en', 'Tokelau'),
	('TM', 'en', 'Turkmenistan'),
	('TN', 'en', 'Tunisia'),
	('TO', 'en', 'Tonga'),
	('TL', 'en', 'East Timor'),
	('TR', 'en', 'Turkey'),
	('TT', 'en', 'Trinidad and Tobago'),
	('TV', 'en', 'Tuvalu'),
	('TW', 'en', 'Taiwan'),
	('TZ', 'en', 'Tanzania, United Republic of'),
	('UA', 'en', 'Ukraine'),
	('UG', 'en', 'Uganda'),
	('US', 'en', 'United States'),
	('UY', 'en', 'Uruguay'),
	('UZ', 'en', 'Uzbekistan'),
	('VA', 'en', 'Vatican City State'),
	('VC', 'en', 'St. Vincent and the Grenadines'),
	('VE', 'en', 'Venezuela'),
	('VG', 'en', 'British Virgin Islands'),
	('VI', 'en', 'United States Virgin Islands'),
	('VN', 'en', 'Viet Nam'),
	('VU', 'en', 'Vanuatu'),
	('WF', 'en', 'Wallis And Futuna Islands'),
	('WS', 'en', 'Samoa'),
	('YE', 'en', 'Yemen'),
	('YT', 'en', 'Mayotte'),
	('ZA', 'en', 'South Africa'),
	('ZM', 'en', 'Zambia'),
	('ZR', 'en', 'Zaire'),
	('ZW', 'en', 'Zimbabwe'),
	('CD', 'en', 'Democratic Republic of Congo'),
	('AP', 'en', 'Asia-Pacific'),
	('RS', 'en', 'Republic of Serbia'),
	('AX', 'en', 'Aland Islands'),
	('EU', 'en', 'Europe'),
	('GG', 'en', 'Guernsey'),
	('JE', 'en', 'Jersey'),
	('CW', 'en', 'Curaçao'),
	('SX', 'en', 'Sint Maarten');
/*!40000 ALTER TABLE `cscart_country_descriptions` ENABLE KEYS */;


-- Dumping structure for table installer_skozachuk_cscart421u.cscart_currencies
DROP TABLE IF EXISTS `cscart_currencies`;
CREATE TABLE IF NOT EXISTS `cscart_currencies` (
  `currency_id` mediumint(8) unsigned NOT NULL AUTO_INCREMENT,
  `currency_code` varchar(10) NOT NULL DEFAULT '',
  `after` char(1) NOT NULL DEFAULT 'N',
  `symbol` varchar(30) NOT NULL DEFAULT '',
  `coefficient` double(12,5) NOT NULL DEFAULT '1.00000',
  `is_primary` char(1) NOT NULL DEFAULT 'N',
  `position` smallint(5) NOT NULL,
  `decimals_separator` char(1) NOT NULL DEFAULT '.',
  `thousands_separator` char(1) NOT NULL DEFAULT ',',
  `decimals` smallint(5) NOT NULL DEFAULT '2',
  `status` char(1) NOT NULL DEFAULT 'A',
  PRIMARY KEY (`currency_id`),
  UNIQUE KEY `currency_code` (`currency_code`)
) ENGINE=MyISAM AUTO_INCREMENT=4 DEFAULT CHARSET=utf8;

-- Dumping data for table installer_skozachuk_cscart421u.cscart_currencies: 3 rows
/*!40000 ALTER TABLE `cscart_currencies` DISABLE KEYS */;
INSERT INTO `cscart_currencies` (`currency_id`, `currency_code`, `after`, `symbol`, `coefficient`, `is_primary`, `position`, `decimals_separator`, `thousands_separator`, `decimals`, `status`) VALUES
	(1, 'USD', 'N', '$', 1.00000, 'Y', 10, '.', ',', 2, 'A'),
	(2, 'EUR', 'N', '€', 1.28000, 'N', 20, '.', ',', 2, 'A'),
	(3, 'GBP', 'N', '£', 1.88000, 'N', 30, '.', ',', 2, 'A');
/*!40000 ALTER TABLE `cscart_currencies` ENABLE KEYS */;


-- Dumping structure for table installer_skozachuk_cscart421u.cscart_currency_descriptions
DROP TABLE IF EXISTS `cscart_currency_descriptions`;
CREATE TABLE IF NOT EXISTS `cscart_currency_descriptions` (
  `currency_code` varchar(10) NOT NULL DEFAULT '',
  `description` varchar(255) NOT NULL DEFAULT '',
  `lang_code` char(2) NOT NULL DEFAULT '',
  PRIMARY KEY (`currency_code`,`lang_code`)
) ENGINE=MyISAM DEFAULT CHARSET=utf8;

-- Dumping data for table installer_skozachuk_cscart421u.cscart_currency_descriptions: 3 rows
/*!40000 ALTER TABLE `cscart_currency_descriptions` DISABLE KEYS */;
INSERT INTO `cscart_currency_descriptions` (`currency_code`, `description`, `lang_code`) VALUES
	('usd', 'US Dollars', 'en'),
	('eur', 'Euro', 'en'),
	('gbp', 'GB Pound', 'en');
/*!40000 ALTER TABLE `cscart_currency_descriptions` ENABLE KEYS */;


-- Dumping structure for table installer_skozachuk_cscart421u.cscart_data_feeds
DROP TABLE IF EXISTS `cscart_data_feeds`;
CREATE TABLE IF NOT EXISTS `cscart_data_feeds` (
  `datafeed_id` int(11) unsigned NOT NULL AUTO_INCREMENT,
  `company_id` int(11) unsigned NOT NULL DEFAULT '0',
  `categories` text NOT NULL,
  `products` text NOT NULL,
  `fields` text NOT NULL,
  `export_location` char(1) NOT NULL DEFAULT 'L',
  `export_by_cron` char(1) NOT NULL DEFAULT 'N',
  `ftp_url` varchar(255) NOT NULL DEFAULT '',
  `ftp_user` varchar(50) NOT NULL DEFAULT '',
  `ftp_pass` varchar(50) NOT NULL DEFAULT '',
  `file_name` varchar(50) NOT NULL DEFAULT '',
  `enclosure` char(1) NOT NULL DEFAULT '',
  `csv_delimiter` char(1) NOT NULL DEFAULT '',
  `exclude_disabled_products` char(1) NOT NULL DEFAULT 'N',
  `export_options` text NOT NULL,
  `save_dir` varchar(255) NOT NULL DEFAULT '',
  `status` char(1) NOT NULL DEFAULT '',
  PRIMARY KEY (`datafeed_id`)
) ENGINE=MyISAM DEFAULT CHARSET=utf8;

-- Dumping data for table installer_skozachuk_cscart421u.cscart_data_feeds: 0 rows
/*!40000 ALTER TABLE `cscart_data_feeds` DISABLE KEYS */;
/*!40000 ALTER TABLE `cscart_data_feeds` ENABLE KEYS */;


-- Dumping structure for table installer_skozachuk_cscart421u.cscart_data_feed_descriptions
DROP TABLE IF EXISTS `cscart_data_feed_descriptions`;
CREATE TABLE IF NOT EXISTS `cscart_data_feed_descriptions` (
  `datafeed_id` int(11) unsigned NOT NULL DEFAULT '0',
  `datafeed_name` varchar(255) NOT NULL DEFAULT '',
  `lang_code` char(2) NOT NULL DEFAULT '',
  PRIMARY KEY (`datafeed_id`,`lang_code`)
) ENGINE=MyISAM DEFAULT CHARSET=utf8;

-- Dumping data for table installer_skozachuk_cscart421u.cscart_data_feed_descriptions: 0 rows
/*!40000 ALTER TABLE `cscart_data_feed_descriptions` DISABLE KEYS */;
/*!40000 ALTER TABLE `cscart_data_feed_descriptions` ENABLE KEYS */;


-- Dumping structure for table installer_skozachuk_cscart421u.cscart_destinations
DROP TABLE IF EXISTS `cscart_destinations`;
CREATE TABLE IF NOT EXISTS `cscart_destinations` (
  `destination_id` mediumint(8) unsigned NOT NULL AUTO_INCREMENT,
  `localization` varchar(255) NOT NULL DEFAULT '',
  `status` char(1) NOT NULL DEFAULT 'A',
  PRIMARY KEY (`destination_id`),
  KEY `localization` (`localization`),
  KEY `c_status` (`destination_id`,`status`)
) ENGINE=MyISAM AUTO_INCREMENT=9 DEFAULT CHARSET=utf8;

-- Dumping data for table installer_skozachuk_cscart421u.cscart_destinations: 3 rows
/*!40000 ALTER TABLE `cscart_destinations` DISABLE KEYS */;
INSERT INTO `cscart_destinations` (`destination_id`, `localization`, `status`) VALUES
	(1, '', 'A'),
	(7, '', 'A'),
	(8, '', 'A');
/*!40000 ALTER TABLE `cscart_destinations` ENABLE KEYS */;


-- Dumping structure for table installer_skozachuk_cscart421u.cscart_destination_descriptions
DROP TABLE IF EXISTS `cscart_destination_descriptions`;
CREATE TABLE IF NOT EXISTS `cscart_destination_descriptions` (
  `destination_id` mediumint(8) unsigned NOT NULL DEFAULT '0',
  `lang_code` char(2) NOT NULL DEFAULT '',
  `destination` varchar(255) NOT NULL DEFAULT '',
  PRIMARY KEY (`destination_id`,`lang_code`)
) ENGINE=MyISAM DEFAULT CHARSET=utf8;

-- Dumping data for table installer_skozachuk_cscart421u.cscart_destination_descriptions: 3 rows
/*!40000 ALTER TABLE `cscart_destination_descriptions` DISABLE KEYS */;
INSERT INTO `cscart_destination_descriptions` (`destination_id`, `lang_code`, `destination`) VALUES
	(7, 'en', 'USA'),
	(8, 'en', 'Canada'),
	(1, 'en', 'Default destination (all countries)');
/*!40000 ALTER TABLE `cscart_destination_descriptions` ENABLE KEYS */;


-- Dumping structure for table installer_skozachuk_cscart421u.cscart_destination_elements
DROP TABLE IF EXISTS `cscart_destination_elements`;
CREATE TABLE IF NOT EXISTS `cscart_destination_elements` (
  `element_id` mediumint(8) unsigned NOT NULL AUTO_INCREMENT,
  `destination_id` mediumint(8) unsigned NOT NULL DEFAULT '0',
  `element` varchar(36) NOT NULL DEFAULT '',
  `element_type` char(1) NOT NULL DEFAULT 'S',
  PRIMARY KEY (`element_id`),
  KEY `c_status` (`destination_id`)
) ENGINE=MyISAM AUTO_INCREMENT=355 DEFAULT CHARSET=utf8;

-- Dumping data for table installer_skozachuk_cscart421u.cscart_destination_elements: 295 rows
/*!40000 ALTER TABLE `cscart_destination_elements` DISABLE KEYS */;
INSERT INTO `cscart_destination_elements` (`element_id`, `destination_id`, `element`, `element_type`) VALUES
	(59, 7, '13', 'S'),
	(60, 7, '12', 'S'),
	(61, 7, '11', 'S'),
	(62, 7, '10', 'S'),
	(63, 7, '15', 'S'),
	(64, 7, '16', 'S'),
	(65, 7, '17', 'S'),
	(66, 7, '18', 'S'),
	(67, 7, '19', 'S'),
	(68, 7, '20', 'S'),
	(69, 7, '21', 'S'),
	(70, 7, '22', 'S'),
	(71, 7, '23', 'S'),
	(72, 7, '24', 'S'),
	(73, 7, '25', 'S'),
	(74, 7, '26', 'S'),
	(75, 7, '27', 'S'),
	(76, 7, '28', 'S'),
	(77, 7, '29', 'S'),
	(78, 7, '30', 'S'),
	(79, 7, '31', 'S'),
	(80, 7, '32', 'S'),
	(81, 7, '33', 'S'),
	(82, 7, '34', 'S'),
	(83, 7, '35', 'S'),
	(84, 7, '36', 'S'),
	(85, 7, '37', 'S'),
	(86, 7, '38', 'S'),
	(87, 7, '39', 'S'),
	(88, 7, '40', 'S'),
	(89, 7, '41', 'S'),
	(90, 7, '42', 'S'),
	(91, 7, '43', 'S'),
	(92, 7, '44', 'S'),
	(93, 7, '45', 'S'),
	(94, 7, '46', 'S'),
	(95, 7, '47', 'S'),
	(96, 7, '48', 'S'),
	(97, 7, '49', 'S'),
	(98, 7, '50', 'S'),
	(99, 7, '51', 'S'),
	(100, 7, '52', 'S'),
	(101, 7, '53', 'S'),
	(102, 7, '54', 'S'),
	(103, 7, '55', 'S'),
	(104, 7, '56', 'S'),
	(105, 7, '57', 'S'),
	(106, 7, '58', 'S'),
	(107, 7, '59', 'S'),
	(108, 7, '60', 'S'),
	(109, 7, '61', 'S'),
	(110, 7, '62', 'S'),
	(111, 7, '63', 'S'),
	(112, 7, '64', 'S'),
	(113, 7, 'US', 'C'),
	(114, 1, 'AF', 'C'),
	(115, 1, 'AL', 'C'),
	(116, 1, 'DZ', 'C'),
	(117, 1, 'AS', 'C'),
	(118, 1, 'AD', 'C'),
	(119, 1, 'AO', 'C'),
	(120, 1, 'AI', 'C'),
	(121, 1, 'AQ', 'C'),
	(122, 1, 'AG', 'C'),
	(123, 1, 'AR', 'C'),
	(124, 1, 'AM', 'C'),
	(125, 1, 'AW', 'C'),
	(126, 1, 'AU', 'C'),
	(127, 1, 'AT', 'C'),
	(128, 1, 'AZ', 'C'),
	(129, 1, 'BS', 'C'),
	(130, 1, 'BH', 'C'),
	(131, 1, 'BD', 'C'),
	(132, 1, 'BB', 'C'),
	(133, 1, 'BY', 'C'),
	(134, 1, 'BE', 'C'),
	(135, 1, 'BZ', 'C'),
	(136, 1, 'BJ', 'C'),
	(137, 1, 'BM', 'C'),
	(138, 1, 'BT', 'C'),
	(139, 1, 'BO', 'C'),
	(140, 1, 'BA', 'C'),
	(141, 1, 'BW', 'C'),
	(142, 1, 'BV', 'C'),
	(143, 1, 'BR', 'C'),
	(144, 1, 'IO', 'C'),
	(145, 1, 'VG', 'C'),
	(146, 1, 'BN', 'C'),
	(147, 1, 'BG', 'C'),
	(148, 1, 'BF', 'C'),
	(149, 1, 'BI', 'C'),
	(150, 1, 'KH', 'C'),
	(151, 1, 'CM', 'C'),
	(152, 1, 'CA', 'C'),
	(153, 1, 'CV', 'C'),
	(154, 1, 'KY', 'C'),
	(155, 1, 'CF', 'C'),
	(156, 1, 'TD', 'C'),
	(157, 1, 'CL', 'C'),
	(158, 1, 'CN', 'C'),
	(159, 1, 'CX', 'C'),
	(160, 1, 'CC', 'C'),
	(161, 1, 'CO', 'C'),
	(162, 1, 'KM', 'C'),
	(163, 1, 'CG', 'C'),
	(164, 1, 'CK', 'C'),
	(165, 1, 'CR', 'C'),
	(166, 1, 'CI', 'C'),
	(167, 1, 'HR', 'C'),
	(168, 1, 'CU', 'C'),
	(169, 1, 'CY', 'C'),
	(170, 1, 'CZ', 'C'),
	(171, 1, 'DK', 'C'),
	(172, 1, 'DJ', 'C'),
	(173, 1, 'DM', 'C'),
	(174, 1, 'DO', 'C'),
	(175, 1, 'TP', 'C'),
	(176, 1, 'EC', 'C'),
	(177, 1, 'EG', 'C'),
	(178, 1, 'SV', 'C'),
	(179, 1, 'GQ', 'C'),
	(180, 1, 'ER', 'C'),
	(181, 1, 'EE', 'C'),
	(182, 1, 'ET', 'C'),
	(183, 1, 'FK', 'C'),
	(184, 1, 'FO', 'C'),
	(185, 1, 'FJ', 'C'),
	(186, 1, 'FI', 'C'),
	(187, 1, 'FR', 'C'),
	(188, 1, 'FX', 'C'),
	(189, 1, 'GF', 'C'),
	(190, 1, 'PF', 'C'),
	(191, 1, 'TF', 'C'),
	(192, 1, 'GA', 'C'),
	(193, 1, 'GM', 'C'),
	(194, 1, 'GE', 'C'),
	(195, 1, 'DE', 'C'),
	(196, 1, 'GH', 'C'),
	(197, 1, 'GI', 'C'),
	(198, 1, 'GR', 'C'),
	(199, 1, 'GL', 'C'),
	(200, 1, 'GD', 'C'),
	(201, 1, 'GP', 'C'),
	(202, 1, 'GU', 'C'),
	(203, 1, 'GT', 'C'),
	(204, 1, 'GN', 'C'),
	(205, 1, 'GW', 'C'),
	(206, 1, 'GY', 'C'),
	(207, 1, 'HT', 'C'),
	(208, 1, 'HM', 'C'),
	(209, 1, 'HN', 'C'),
	(210, 1, 'HK', 'C'),
	(211, 1, 'HU', 'C'),
	(212, 1, 'IS', 'C'),
	(213, 1, 'IN', 'C'),
	(214, 1, 'ID', 'C'),
	(215, 1, 'IQ', 'C'),
	(216, 1, 'IE', 'C'),
	(217, 1, 'IR', 'C'),
	(218, 1, 'IL', 'C'),
	(219, 1, 'IT', 'C'),
	(220, 1, 'JM', 'C'),
	(221, 1, 'JP', 'C'),
	(222, 1, 'JO', 'C'),
	(223, 1, 'KZ', 'C'),
	(224, 1, 'KE', 'C'),
	(225, 1, 'KI', 'C'),
	(226, 1, 'KP', 'C'),
	(227, 1, 'KR', 'C'),
	(228, 1, 'KW', 'C'),
	(229, 1, 'KG', 'C'),
	(230, 1, 'LA', 'C'),
	(231, 1, 'LV', 'C'),
	(232, 1, 'LB', 'C'),
	(233, 1, 'LS', 'C'),
	(234, 1, 'LR', 'C'),
	(235, 1, 'LY', 'C'),
	(236, 1, 'LI', 'C'),
	(237, 1, 'LT', 'C'),
	(238, 1, 'LU', 'C'),
	(239, 1, 'MO', 'C'),
	(240, 1, 'MK', 'C'),
	(241, 1, 'MG', 'C'),
	(242, 1, 'MW', 'C'),
	(243, 1, 'MY', 'C'),
	(244, 1, 'MV', 'C'),
	(245, 1, 'ML', 'C'),
	(246, 1, 'MT', 'C'),
	(247, 1, 'MH', 'C'),
	(248, 1, 'MQ', 'C'),
	(249, 1, 'MR', 'C'),
	(250, 1, 'MU', 'C'),
	(251, 1, 'YT', 'C'),
	(252, 1, 'MX', 'C'),
	(253, 1, 'FM', 'C'),
	(254, 1, 'MD', 'C'),
	(255, 1, 'MC', 'C'),
	(256, 1, 'MN', 'C'),
	(257, 1, 'MS', 'C'),
	(258, 1, 'MA', 'C'),
	(259, 1, 'MZ', 'C'),
	(260, 1, 'MM', 'C'),
	(261, 1, 'NA', 'C'),
	(262, 1, 'NR', 'C'),
	(263, 1, 'NP', 'C'),
	(264, 1, 'NL', 'C'),
	(266, 1, 'NC', 'C'),
	(267, 1, 'NZ', 'C'),
	(268, 1, 'NI', 'C'),
	(269, 1, 'NE', 'C'),
	(270, 1, 'NG', 'C'),
	(271, 1, 'NU', 'C'),
	(272, 1, 'NF', 'C'),
	(273, 1, 'MP', 'C'),
	(274, 1, 'NO', 'C'),
	(275, 1, 'OM', 'C'),
	(276, 1, 'PK', 'C'),
	(277, 1, 'PW', 'C'),
	(278, 1, 'PA', 'C'),
	(279, 1, 'PG', 'C'),
	(280, 1, 'PY', 'C'),
	(281, 1, 'PE', 'C'),
	(282, 1, 'PH', 'C'),
	(283, 1, 'PN', 'C'),
	(284, 1, 'PL', 'C'),
	(285, 1, 'PT', 'C'),
	(286, 1, 'PR', 'C'),
	(287, 1, 'QA', 'C'),
	(288, 1, 'RE', 'C'),
	(289, 1, 'RO', 'C'),
	(290, 1, 'RU', 'C'),
	(291, 1, 'RW', 'C'),
	(292, 1, 'LC', 'C'),
	(293, 1, 'WS', 'C'),
	(294, 1, 'SM', 'C'),
	(295, 1, 'ST', 'C'),
	(296, 1, 'SA', 'C'),
	(297, 1, 'SN', 'C'),
	(298, 1, 'SC', 'C'),
	(299, 1, 'SL', 'C'),
	(300, 1, '\nSG', 'C'),
	(301, 1, 'SK', 'C'),
	(302, 1, 'SI', 'C'),
	(303, 1, 'SB', 'C'),
	(304, 1, 'SO', 'C'),
	(305, 1, 'ZA', 'C'),
	(306, 1, 'ES', 'C'),
	(307, 1, 'LK', 'C'),
	(308, 1, 'SH', 'C'),
	(309, 1, 'KN', 'C'),
	(310, 1, 'PM', 'C'),
	(311, 1, 'VC', 'C'),
	(312, 1, 'SD', 'C'),
	(313, 1, 'SR', 'C'),
	(314, 1, 'SJ', 'C'),
	(315, 1, 'SZ', 'C'),
	(316, 1, 'SE', 'C'),
	(317, 1, 'CH', 'C'),
	(318, 1, 'SY', 'C'),
	(319, 1, 'TW', 'C'),
	(320, 1, 'TJ', 'C'),
	(321, 1, 'TZ', 'C'),
	(322, 1, 'TH', 'C'),
	(323, 1, 'TG', 'C'),
	(324, 1, 'TK', 'C'),
	(325, 1, 'TO', 'C'),
	(326, 1, 'TT', 'C'),
	(327, 1, 'TN', 'C'),
	(328, 1, 'TR', 'C'),
	(329, 1, 'TM', 'C'),
	(330, 1, 'TC', 'C'),
	(331, 1, 'TV', 'C'),
	(332, 1, 'UG', 'C'),
	(333, 1, 'UA', 'C'),
	(334, 1, 'AE', 'C'),
	(335, 1, 'GB', 'C'),
	(336, 1, 'US', 'C'),
	(337, 1, 'VI', 'C'),
	(338, 1, 'UY', 'C'),
	(339, 1, 'UZ', 'C'),
	(340, 1, 'VU', 'C'),
	(341, 1, 'VA', 'C'),
	(342, 1, 'VE', 'C'),
	(343, 1, 'VN', 'C'),
	(344, 1, 'WF', 'C'),
	(345, 1, 'EH', 'C'),
	(346, 1, 'YE', 'C'),
	(347, 1, 'YU', 'C'),
	(348, 1, 'ZR', 'C'),
	(349, 1, 'ZM', 'C'),
	(350, 1, 'ZW', 'C'),
	(351, 8, 'CA', 'C'),
	(352, 1, 'IM', 'C'),
	(353, 1, 'CW', 'C'),
	(354, 1, 'SX', 'C');
/*!40000 ALTER TABLE `cscart_destination_elements` ENABLE KEYS */;


-- Dumping structure for table installer_skozachuk_cscart421u.cscart_discussion
DROP TABLE IF EXISTS `cscart_discussion`;
CREATE TABLE IF NOT EXISTS `cscart_discussion` (
  `thread_id` mediumint(8) unsigned NOT NULL AUTO_INCREMENT,
  `object_id` mediumint(8) unsigned NOT NULL DEFAULT '0',
  `object_type` char(1) NOT NULL DEFAULT '',
  `type` char(1) NOT NULL DEFAULT 'D',
  `company_id` int(11) unsigned NOT NULL DEFAULT '0',
  PRIMARY KEY (`thread_id`),
  UNIQUE KEY `object_id` (`object_id`,`object_type`,`company_id`),
  KEY `company_id` (`company_id`)
) ENGINE=MyISAM DEFAULT CHARSET=utf8;

-- Dumping data for table installer_skozachuk_cscart421u.cscart_discussion: 0 rows
/*!40000 ALTER TABLE `cscart_discussion` DISABLE KEYS */;
/*!40000 ALTER TABLE `cscart_discussion` ENABLE KEYS */;


-- Dumping structure for table installer_skozachuk_cscart421u.cscart_discussion_messages
DROP TABLE IF EXISTS `cscart_discussion_messages`;
CREATE TABLE IF NOT EXISTS `cscart_discussion_messages` (
  `message` mediumtext NOT NULL,
  `post_id` mediumint(8) unsigned NOT NULL DEFAULT '0',
  `thread_id` mediumint(8) unsigned NOT NULL DEFAULT '0',
  PRIMARY KEY (`post_id`),
  KEY `thread_id` (`thread_id`)
) ENGINE=MyISAM DEFAULT CHARSET=utf8;

-- Dumping data for table installer_skozachuk_cscart421u.cscart_discussion_messages: 0 rows
/*!40000 ALTER TABLE `cscart_discussion_messages` DISABLE KEYS */;
/*!40000 ALTER TABLE `cscart_discussion_messages` ENABLE KEYS */;


-- Dumping structure for table installer_skozachuk_cscart421u.cscart_discussion_posts
DROP TABLE IF EXISTS `cscart_discussion_posts`;
CREATE TABLE IF NOT EXISTS `cscart_discussion_posts` (
  `post_id` mediumint(8) unsigned NOT NULL AUTO_INCREMENT,
  `thread_id` mediumint(8) unsigned NOT NULL DEFAULT '0',
  `name` varchar(128) NOT NULL DEFAULT '',
  `timestamp` int(11) unsigned NOT NULL DEFAULT '0',
  `user_id` mediumint(8) unsigned NOT NULL DEFAULT '0',
  `ip_address` varchar(15) NOT NULL DEFAULT '',
  `status` char(1) NOT NULL DEFAULT 'D',
  PRIMARY KEY (`post_id`),
  KEY `thread_id` (`thread_id`,`ip_address`),
  KEY `thread_id_2` (`thread_id`,`status`)
) ENGINE=MyISAM DEFAULT CHARSET=utf8;

-- Dumping data for table installer_skozachuk_cscart421u.cscart_discussion_posts: 0 rows
/*!40000 ALTER TABLE `cscart_discussion_posts` DISABLE KEYS */;
/*!40000 ALTER TABLE `cscart_discussion_posts` ENABLE KEYS */;


-- Dumping structure for table installer_skozachuk_cscart421u.cscart_discussion_rating
DROP TABLE IF EXISTS `cscart_discussion_rating`;
CREATE TABLE IF NOT EXISTS `cscart_discussion_rating` (
  `rating_value` tinyint(4) unsigned NOT NULL DEFAULT '0',
  `post_id` mediumint(8) unsigned NOT NULL DEFAULT '0',
  `thread_id` mediumint(8) unsigned NOT NULL DEFAULT '0',
  PRIMARY KEY (`post_id`),
  KEY `thread_id` (`thread_id`)
) ENGINE=MyISAM DEFAULT CHARSET=utf8;

-- Dumping data for table installer_skozachuk_cscart421u.cscart_discussion_rating: 0 rows
/*!40000 ALTER TABLE `cscart_discussion_rating` DISABLE KEYS */;
/*!40000 ALTER TABLE `cscart_discussion_rating` ENABLE KEYS */;


-- Dumping structure for table installer_skozachuk_cscart421u.cscart_ekeys
DROP TABLE IF EXISTS `cscart_ekeys`;
CREATE TABLE IF NOT EXISTS `cscart_ekeys` (
  `object_id` mediumint(8) unsigned NOT NULL DEFAULT '0',
  `object_string` varchar(128) NOT NULL DEFAULT '',
  `object_type` char(1) NOT NULL DEFAULT 'R',
  `ekey` varchar(32) NOT NULL DEFAULT '',
  `ttl` int(11) unsigned NOT NULL DEFAULT '0',
  PRIMARY KEY (`object_id`,`object_type`,`ekey`),
  UNIQUE KEY `object_string` (`object_string`,`object_type`,`ekey`),
  KEY `c_status` (`ekey`,`object_type`,`ttl`)
) ENGINE=MyISAM DEFAULT CHARSET=utf8;

-- Dumping data for table installer_skozachuk_cscart421u.cscart_ekeys: 0 rows
/*!40000 ALTER TABLE `cscart_ekeys` DISABLE KEYS */;
/*!40000 ALTER TABLE `cscart_ekeys` ENABLE KEYS */;


-- Dumping structure for table installer_skozachuk_cscart421u.cscart_em_subscribers
DROP TABLE IF EXISTS `cscart_em_subscribers`;
CREATE TABLE IF NOT EXISTS `cscart_em_subscribers` (
  `subscriber_id` mediumint(8) unsigned NOT NULL AUTO_INCREMENT,
  `email` varchar(128) NOT NULL DEFAULT '',
  `name` varchar(128) NOT NULL DEFAULT '',
  `timestamp` int(11) unsigned NOT NULL DEFAULT '0',
  `ip_address` varchar(15) NOT NULL DEFAULT '',
  `lang_code` char(2) NOT NULL DEFAULT '',
  `status` char(1) NOT NULL DEFAULT 'A',
  `unsubscribe_key` varchar(32) NOT NULL DEFAULT '',
  PRIMARY KEY (`subscriber_id`),
  UNIQUE KEY `email` (`email`)
) ENGINE=MyISAM DEFAULT CHARSET=utf8;

-- Dumping data for table installer_skozachuk_cscart421u.cscart_em_subscribers: 0 rows
/*!40000 ALTER TABLE `cscart_em_subscribers` DISABLE KEYS */;
/*!40000 ALTER TABLE `cscart_em_subscribers` ENABLE KEYS */;


-- Dumping structure for table installer_skozachuk_cscart421u.cscart_exim_layouts
DROP TABLE IF EXISTS `cscart_exim_layouts`;
CREATE TABLE IF NOT EXISTS `cscart_exim_layouts` (
  `layout_id` mediumint(8) unsigned NOT NULL AUTO_INCREMENT,
  `name` varchar(128) NOT NULL DEFAULT '',
  `cols` text NOT NULL,
  `options` text NOT NULL,
  `pattern_id` varchar(128) NOT NULL DEFAULT '',
  `active` char(1) NOT NULL DEFAULT 'N',
  PRIMARY KEY (`layout_id`),
  KEY `pattern_id` (`pattern_id`)
) ENGINE=MyISAM AUTO_INCREMENT=27 DEFAULT CHARSET=utf8;

-- Dumping data for table installer_skozachuk_cscart421u.cscart_exim_layouts: 12 rows
/*!40000 ALTER TABLE `cscart_exim_layouts` DISABLE KEYS */;
INSERT INTO `cscart_exim_layouts` (`layout_id`, `name`, `cols`, `options`, `pattern_id`, `active`) VALUES
	(18, 'general', 'Product code,Language,Product id,Category,List price,Price,Weight,Available,Quantity,Min quantity,Shipping freight,Date added,Downloadable,Files,Ship downloadable,Inventory tracking,Free shipping,Feature comparison,Zero price action,Thumbnail,Detailed image,Product name,Description,Meta keywords,Meta description,Search words,Page title,Taxes,Features,Options,Secondary categories,Pay by points,Override points,Override exchange rate,Supplier,SEO name,Short description,Localizations,Status', '', 'products', 'Y'),
	(17, 'general', 'Product code,Pair type,Thumbnail,Detailed image', '', 'product_images', 'Y'),
	(7, 'general', 'Product code,Language,Price,Lower limit,User group,Percentage discount', '', 'qty_discounts', 'Y'),
	(15, 'general', 'id,product_type,quantity,price,upc,title,description,link,image_link,brand,condition,weight', '', 'google', 'Y'),
	(19, 'general', 'E-mail,Login,User type,Active,User group ID,Password,Salt,Title,First name,Last name,Company,Fax,Phone,Web site,Tax exempt,Language,Billing: title,Billing: first name,Billing: last name,Billing: address,Billing: address (line 2),Billing: city,Billing: state,Billing: country,Billing: zipcode,Shipping: title,Shipping: first name,Shipping: last name,Shipping: address,Shipping: address (line 2),Shipping: city,Shipping: state,Shipping: country,Shipping: zipcode,Extra fields', '', 'users', 'Y'),
	(22, 'general', 'Order ID,E-mail,Store,User ID,Total,Subtotal,Discount,Payment surcharge,Shipping cost,Date,Status,Notes,Payment ID,IP address,Details,Payment information,Taxes,Coupons,Shipping,First name,Last name,Company,Fax,Phone,Web site,Tax exempt,Language,Billing: first name,Billing: last name,Billing: address,Billing: address (line 2),Billing: city,Billing: state,Billing: country,Billing: zipcode,Shipping: first name,Shipping: last name,Shipping: address,Shipping: address (line 2),Shipping: city,Shipping: state,Shipping: country,Shipping: zipcode', '', 'orders', 'Y'),
	(20, 'general', 'Order ID,Item ID,Product ID,Product code,Price,Quantity,Supplier,Extra', '', 'order_items', 'Y'),
	(21, 'general', 'Name,Value,Language', '', 'language_variables', 'Y'),
	(23, 'general', 'State,Code,Country code', '', 'states', 'Y'),
	(24, 'general', 'Product ID,Combination code,Combination,Amount', '', 'product_combinations', 'Y'),
	(25, 'general', 'Feature name,Feature ID,Language,Type,Group,Description,Categories,Show on the features tab,Show in product list,Show in product header,Position,Status,Store', '', 'features', 'Y'),
	(26, 'general', 'Variant,Variant ID,Language,Feature name,Feature group,Position', '', 'feature_variants', 'Y');
/*!40000 ALTER TABLE `cscart_exim_layouts` ENABLE KEYS */;


-- Dumping structure for table installer_skozachuk_cscart421u.cscart_form_descriptions
DROP TABLE IF EXISTS `cscart_form_descriptions`;
CREATE TABLE IF NOT EXISTS `cscart_form_descriptions` (
  `object_id` mediumint(8) unsigned NOT NULL DEFAULT '0',
  `description` text NOT NULL,
  `lang_code` char(2) NOT NULL DEFAULT '',
  PRIMARY KEY (`object_id`,`lang_code`)
) ENGINE=MyISAM DEFAULT CHARSET=utf8;

-- Dumping data for table installer_skozachuk_cscart421u.cscart_form_descriptions: 0 rows
/*!40000 ALTER TABLE `cscart_form_descriptions` DISABLE KEYS */;
/*!40000 ALTER TABLE `cscart_form_descriptions` ENABLE KEYS */;


-- Dumping structure for table installer_skozachuk_cscart421u.cscart_form_options
DROP TABLE IF EXISTS `cscart_form_options`;
CREATE TABLE IF NOT EXISTS `cscart_form_options` (
  `element_id` mediumint(8) unsigned NOT NULL AUTO_INCREMENT,
  `page_id` mediumint(8) unsigned NOT NULL DEFAULT '0',
  `parent_id` mediumint(8) unsigned NOT NULL DEFAULT '0',
  `element_type` char(1) NOT NULL DEFAULT 'I',
  `value` varchar(255) NOT NULL DEFAULT '',
  `position` smallint(5) unsigned NOT NULL DEFAULT '0',
  `required` char(1) NOT NULL DEFAULT 'N',
  `status` char(1) NOT NULL DEFAULT 'A',
  PRIMARY KEY (`element_id`),
  KEY `page_id` (`page_id`,`status`),
  KEY `position` (`position`)
) ENGINE=MyISAM DEFAULT CHARSET=utf8;

-- Dumping data for table installer_skozachuk_cscart421u.cscart_form_options: 0 rows
/*!40000 ALTER TABLE `cscart_form_options` DISABLE KEYS */;
/*!40000 ALTER TABLE `cscart_form_options` ENABLE KEYS */;


-- Dumping structure for table installer_skozachuk_cscart421u.cscart_gift_certificates
DROP TABLE IF EXISTS `cscart_gift_certificates`;
CREATE TABLE IF NOT EXISTS `cscart_gift_certificates` (
  `gift_cert_id` mediumint(8) unsigned NOT NULL AUTO_INCREMENT,
  `company_id` int(11) unsigned NOT NULL DEFAULT '0',
  `gift_cert_code` varchar(255) NOT NULL DEFAULT '',
  `sender` varchar(64) NOT NULL DEFAULT '',
  `recipient` varchar(64) NOT NULL DEFAULT '',
  `send_via` char(1) NOT NULL DEFAULT 'E',
  `amount` decimal(12,2) NOT NULL DEFAULT '0.00',
  `email` varchar(64) NOT NULL DEFAULT '',
  `address` varchar(255) NOT NULL DEFAULT '',
  `address_2` varchar(255) NOT NULL DEFAULT '',
  `city` varchar(255) NOT NULL DEFAULT '',
  `state` varchar(32) NOT NULL DEFAULT '',
  `country` char(2) NOT NULL DEFAULT '',
  `zipcode` varchar(10) NOT NULL DEFAULT '',
  `status` char(1) NOT NULL DEFAULT 'P',
  `timestamp` int(11) unsigned NOT NULL DEFAULT '0',
  `phone` varchar(32) NOT NULL DEFAULT '',
  `order_ids` varchar(255) NOT NULL DEFAULT '',
  `template` varchar(128) NOT NULL DEFAULT '',
  `message` mediumtext NOT NULL,
  `products` text NOT NULL,
  PRIMARY KEY (`gift_cert_id`),
  KEY `status` (`status`),
  KEY `timestamp` (`timestamp`)
) ENGINE=MyISAM DEFAULT CHARSET=utf8;

-- Dumping data for table installer_skozachuk_cscart421u.cscart_gift_certificates: 0 rows
/*!40000 ALTER TABLE `cscart_gift_certificates` DISABLE KEYS */;
/*!40000 ALTER TABLE `cscart_gift_certificates` ENABLE KEYS */;


-- Dumping structure for table installer_skozachuk_cscart421u.cscart_gift_certificates_log
DROP TABLE IF EXISTS `cscart_gift_certificates_log`;
CREATE TABLE IF NOT EXISTS `cscart_gift_certificates_log` (
  `log_id` mediumint(8) unsigned NOT NULL AUTO_INCREMENT,
  `gift_cert_id` mediumint(8) unsigned NOT NULL DEFAULT '0',
  `area` char(1) NOT NULL DEFAULT 'C',
  `user_id` mediumint(8) unsigned NOT NULL DEFAULT '0',
  `order_id` mediumint(8) unsigned NOT NULL DEFAULT '0',
  `timestamp` int(11) unsigned NOT NULL DEFAULT '0',
  `amount` decimal(12,2) NOT NULL DEFAULT '0.00',
  `debit` decimal(12,2) NOT NULL DEFAULT '0.00',
  `products` text NOT NULL,
  `debit_products` text NOT NULL,
  PRIMARY KEY (`log_id`),
  KEY `area` (`area`),
  KEY `user_id` (`user_id`),
  KEY `order_id` (`order_id`),
  KEY `timestamp` (`timestamp`)
) ENGINE=MyISAM DEFAULT CHARSET=utf8;

-- Dumping data for table installer_skozachuk_cscart421u.cscart_gift_certificates_log: 0 rows
/*!40000 ALTER TABLE `cscart_gift_certificates_log` DISABLE KEYS */;
/*!40000 ALTER TABLE `cscart_gift_certificates_log` ENABLE KEYS */;


-- Dumping structure for table installer_skozachuk_cscart421u.cscart_images
DROP TABLE IF EXISTS `cscart_images`;
CREATE TABLE IF NOT EXISTS `cscart_images` (
  `image_id` mediumint(8) NOT NULL AUTO_INCREMENT,
  `image_path` varchar(255) NOT NULL DEFAULT '',
  `image_x` int(5) NOT NULL DEFAULT '0',
  `image_y` int(5) NOT NULL DEFAULT '0',
  PRIMARY KEY (`image_id`),
  KEY `image_path` (`image_path`)
) ENGINE=MyISAM AUTO_INCREMENT=1006 DEFAULT CHARSET=utf8;

-- Dumping data for table installer_skozachuk_cscart421u.cscart_images: 11 rows
/*!40000 ALTER TABLE `cscart_images` DISABLE KEYS */;
INSERT INTO `cscart_images` (`image_id`, `image_path`, `image_x`, `image_y`) VALUES
	(1000, 'cart.png', 158, 25),
	(1001, 'invoice_logo.png', 176, 42),
	(1002, 'favicon.ico', 13, 13),
	(1003, 'cart_g8jp-tx.png', 158, 25),
	(1004, 'favicon_dp0m-yp.ico', 13, 13),
	(189, 'common_image_1.jpg', 171, 149),
	(190, 'common_image_2.gif', 171, 170),
	(233, 'banner_1.jpg', 940, 400),
	(234, 'banner_2.jpg', 940, 400),
	(235, 'banner_3.jpg', 940, 400),
	(1005, 'gift_cert_logo.png', 176, 42);
/*!40000 ALTER TABLE `cscart_images` ENABLE KEYS */;


-- Dumping structure for table installer_skozachuk_cscart421u.cscart_images_links
DROP TABLE IF EXISTS `cscart_images_links`;
CREATE TABLE IF NOT EXISTS `cscart_images_links` (
  `pair_id` mediumint(8) unsigned NOT NULL AUTO_INCREMENT,
  `object_id` int(11) unsigned NOT NULL DEFAULT '0',
  `object_type` varchar(24) NOT NULL DEFAULT '',
  `image_id` mediumint(8) unsigned NOT NULL DEFAULT '0',
  `detailed_id` mediumint(8) unsigned NOT NULL DEFAULT '0',
  `type` char(1) NOT NULL DEFAULT 'M',
  `position` int(11) NOT NULL DEFAULT '0',
  PRIMARY KEY (`pair_id`),
  KEY `object_id` (`object_id`,`object_type`,`type`)
) ENGINE=MyISAM AUTO_INCREMENT=185 DEFAULT CHARSET=utf8;

-- Dumping data for table installer_skozachuk_cscart421u.cscart_images_links: 15 rows
/*!40000 ALTER TABLE `cscart_images_links` DISABLE KEYS */;
INSERT INTO `cscart_images_links` (`pair_id`, `object_id`, `object_type`, `image_id`, `detailed_id`, `type`, `position`) VALUES
	(1, 1, 'logos', 1000, 0, 'M', 0),
	(2, 2, 'logos', 1001, 0, 'M', 0),
	(3, 3, 'logos', 1002, 0, 'M', 0),
	(4, 4, 'logos', 1003, 0, 'M', 0),
	(5, 5, 'logos', 1004, 0, 'M', 0),
	(136, 1, 'promo', 189, 0, 'M', 0),
	(137, 2, 'promo', 190, 0, 'M', 0),
	(177, 3, 'promo', 233, 0, 'M', 0),
	(178, 4, 'promo', 234, 0, 'M', 0),
	(179, 5, 'promo', 235, 0, 'M', 0),
	(180, 6, 'promo', 190, 0, 'M', 0),
	(181, 7, 'promo', 233, 0, 'M', 0),
	(182, 8, 'promo', 234, 0, 'M', 0),
	(183, 9, 'promo', 235, 0, 'M', 0),
	(184, 6, 'logos', 1005, 0, 'M', 0);
/*!40000 ALTER TABLE `cscart_images_links` ENABLE KEYS */;


-- Dumping structure for table installer_skozachuk_cscart421u.cscart_languages
DROP TABLE IF EXISTS `cscart_languages`;
CREATE TABLE IF NOT EXISTS `cscart_languages` (
  `lang_id` mediumint(8) unsigned NOT NULL AUTO_INCREMENT,
  `lang_code` char(2) NOT NULL DEFAULT '',
  `name` varchar(64) NOT NULL DEFAULT '',
  `status` char(1) NOT NULL DEFAULT 'A',
  `country_code` char(2) NOT NULL DEFAULT '',
  PRIMARY KEY (`lang_id`),
  UNIQUE KEY `lang_code` (`lang_code`)
) ENGINE=MyISAM AUTO_INCREMENT=2 DEFAULT CHARSET=utf8;

-- Dumping data for table installer_skozachuk_cscart421u.cscart_languages: 1 rows
/*!40000 ALTER TABLE `cscart_languages` DISABLE KEYS */;
INSERT INTO `cscart_languages` (`lang_id`, `lang_code`, `name`, `status`, `country_code`) VALUES
	(1, 'en', 'English', 'A', 'US');
/*!40000 ALTER TABLE `cscart_languages` ENABLE KEYS */;


-- Dumping structure for table installer_skozachuk_cscart421u.cscart_language_values
DROP TABLE IF EXISTS `cscart_language_values`;
CREATE TABLE IF NOT EXISTS `cscart_language_values` (
  `lang_code` char(2) NOT NULL DEFAULT '',
  `name` varchar(128) NOT NULL DEFAULT '',
  `value` text NOT NULL,
  PRIMARY KEY (`lang_code`,`name`)
) ENGINE=MyISAM DEFAULT CHARSET=utf8;

-- Dumping data for table installer_skozachuk_cscart421u.cscart_language_values: 4,149 rows
/*!40000 ALTER TABLE `cscart_language_values` DISABLE KEYS */;
INSERT INTO `cscart_language_values` (`lang_code`, `name`, `value`) VALUES
	('en', '2co_enable_fraud_verification', 'Enable support of fraud notification'),
	('en', '2co_fraud_fail', 'Status for orders with failed fraud review'),
	('en', '2co_fraud_wait', 'Status for orders waiting for fraud review'),
	('en', '3d_secure', '3-D Secure'),
	('en', '404', 'The 404 Not Found error message'),
	('en', 'absolute', 'Absolute'),
	('en', 'accept', 'Accept'),
	('en', 'access_denied', 'Access denied'),
	('en', 'access_denied_text', 'You don\'t have permission to access the page.'),
	('en', 'account', 'Account'),
	('en', 'account_name', 'Account name'),
	('en', 'account_number', 'Account number'),
	('en', 'account_type', 'Account type'),
	('en', 'acquirerid', 'Acquirer ID'),
	('en', 'action', 'Action'),
	('en', 'actions', 'Actions'),
	('en', 'activate_menu_tab_for', 'Activate menu item for dispatch'),
	('en', 'activate_selected', 'Activate selected'),
	('en', 'activate_skrill_merchant_tools', 'Activate Skrill Merchant Tools'),
	('en', 'activation_link', 'Activation link'),
	('en', 'activation_mode', 'Activation mode'),
	('en', 'active', 'Active'),
	('en', 'active_categories', 'Active categories'),
	('en', 'active_style', 'Active style'),
	('en', 'active_products', 'Active products'),
	('en', 'active_promotions', 'Active promotions'),
	('en', 'act_on_behalf', 'Act on behalf of'),
	('en', 'add', 'Add'),
	('en', 'added', 'added'),
	('en', 'adding_block_to_grid', 'Adding block to grid'),
	('en', 'adding_grid', 'Adding grid'),
	('en', 'additional_data', 'Additional data'),
	('en', 'additional_images', 'Additional images'),
	('en', 'additional_options', 'Additional options'),
	('en', 'additional_parameter_not_correct', 'Additional parameter is incorrect'),
	('en', 'additional_popup_larger_image', 'Popup larger images of additional thumbnails'),
	('en', 'additional_thumbnail', 'Additional thumbnails'),
	('en', 'additional__option_thumbnail', 'Additional option thumbnail'),
	('en', 'addon', 'Add-on'),
	('en', 'addons', 'Add-ons'),
	('en', 'addon_sql_error', 'An error in an SQL query occurred during the add-on installation. The add-on will not be installed.'),
	('en', 'address', 'Address'),
	('en', 'addresses', 'Addresses'),
	('en', 'address_2', 'Address (line 2)'),
	('en', 'address_commercial', 'Commercial'),
	('en', 'address_residential', 'Residential'),
	('en', 'address_type', 'Address type'),
	('en', 'add_administrator', 'Add administrator'),
	('en', 'add_block', 'Add block'),
	('en', 'add_bonus', 'Add bonus'),
	('en', 'add_cart_promotion', 'Add cart promotion'),
	('en', 'add_catalog_promotion', 'Add catalog promotion'),
	('en', 'add_categories', 'Add categories'),
	('en', 'add_categories_and_close', 'Add categories and close'),
	('en', 'add_category', 'Add category'),
	('en', 'add_chart', 'Add chart'),
	('en', 'add_combination', 'Add combination'),
	('en', 'add_companies', 'Add stores'),
	('en', 'add_companies_and_close', 'Add stores and close'),
	('en', 'add_condition', 'Add condition'),
	('en', 'add_currency', 'Add currency'),
	('en', 'add_customer', 'Add customer'),
	('en', 'add_elements', 'Add elements'),
	('en', 'add_empty_item', 'Add empty item'),
	('en', 'add_feature', 'Add feature'),
	('en', 'add_field', 'Add field'),
	('en', 'add_file', 'Add file'),
	('en', 'add_filter', 'Add filter'),
	('en', 'add_filters', 'Add filters'),
	('en', 'add_filters_and_close', 'Add filters and close'),
	('en', 'add_folder', 'Add folder'),
	('en', 'add_global_option', 'Add global option'),
	('en', 'add_grid_block', 'Add grid or block'),
	('en', 'add_group', 'Add group'),
	('en', 'add_item', 'Add item'),
	('en', 'add_items', 'Add [items]'),
	('en', 'add_language', 'Add language'),
	('en', 'add_language_variable', 'Add language variable'),
	('en', 'add_layout', 'Add layout'),
	('en', 'add_link', 'Add link'),
	('en', 'add_localization', 'Add localization'),
	('en', 'add_location', 'Add location'),
	('en', 'add_menu', 'Add menu'),
	('en', 'add_new', 'Add new'),
	('en', 'add_new_field', 'Add new field'),
	('en', 'add_new_order', 'Adding new order'),
	('en', 'add_new_variant', 'Add new variant'),
	('en', 'add_option', 'Add option'),
	('en', 'add_order', 'Add order'),
	('en', 'add_orders', 'Add orders'),
	('en', 'add_orders_and_close', 'Add orders and close'),
	('en', 'add_page', 'Add page'),
	('en', 'add_pages', 'Add pages'),
	('en', 'add_pages_and_close', 'Add pages and close'),
	('en', 'add_payment', 'Add payment'),
	('en', 'add_payout', 'Add payout'),
	('en', '\nadd_product', 'Add product'),
	('en', 'add_products', 'Add products'),
	('en', 'add_products_and_close', 'Add products and close'),
	('en', 'add_products_to_section', 'Add product(s) to this section'),
	('en', 'add_product_filter', 'Add product filter'),
	('en', 'add_promotions', 'Add promotions'),
	('en', 'add_report', 'Add report'),
	('en', 'add_section', 'Add section'),
	('en', 'add_selected_to_cart', 'Add selected to cart'),
	('en', 'add_shipping_method', 'Add shipping method'),
	('en', 'add_site_map_section', 'Add sitemap section'),
	('en', 'add_state', 'Add state'),
	('en', 'add_status', 'Add status'),
	('en', 'add_subcategory', 'Add subcategory'),
	('en', 'add_subscriber', 'Add subscriber'),
	('en', 'add_subscribers_from_users', 'Add subscribers from the list of users'),
	('en', 'add_tab', 'Add tab'),
	('en', 'add_tax', 'Add tax'),
	('en', 'add_to_cart', 'Add to cart'),
	('en', 'add_to_compare_list', 'Add to compare list'),
	('en', 'add_user', 'Add user'),
	('en', 'add_users', 'Add users'),
	('en', 'add_users_and_close', 'Add users and close'),
	('en', 'add_vendor', 'Add store'),
	('en', 'admin2', 'You can not perform an import to this store because you are using an expired trial version'),
	('en', 'administration', 'Administration'),
	('en', 'administration_panel', 'Administration panel'),
	('en', 'administrator', 'Administrator'),
	('en', 'administrators', 'Administrators'),
	('en', 'administrators_menu_description', 'List of store administrators, registered users with an administrator account.'),
	('en', 'administrators_notified', '[count] administrators notified.'),
	('en', 'admin_panel', 'Administration panel'),
	('en', 'admin_text_letter_footer', 'E-shop of [company_name].'),
	('en', 'advanced', 'Advanced'),
	('en', 'advanced_filter', 'Advanced filter'),
	('en', 'advanced_search', 'Advanced search'),
	('en', 'advanced_search_options', 'Advanced search options'),
	('en', 'after_full_payment', 'After full payment'),
	('en', 'after_sum', 'After sum'),
	('en', 'agent_id', 'Agent ID'),
	('en', 'agreement_required', 'Agreement required'),
	('en', 'all', 'All'),
	('en', 'allowed', 'Allowed'),
	('en', 'allowed_combinations', 'Allowed combinations'),
	('en', 'allowed_extensions', 'Allowed extensions'),
	('en', 'allowed_extensions_hint', 'Leave this field empty to allow uploading of all file types, or input allowed extensions separated by comma (e.g. jpg,bmp,gif,pdf)'),
	('en', 'allow_api_access', 'Yes, allow this user to use the API'),
	('en', 'allow_return_registration', 'Allow return registration'),
	('en', 'all_categories', 'All categories'),
	('en', 'all_downloads', 'All downloads'),
	('en', 'all_features', 'All features'),
	('en', 'all_filters', 'All product filters'),
	('en', 'all_pages', 'All pages'),
	('en', 'all_products_have_been_updated', 'All products have been updated successfully.'),
	('en', 'all_vendors', 'All stores'),
	('en', 'all_words', 'All of these words'),
	('en', 'also_bought', 'Also bought'),
	('en', 'alt_text', 'Alternative text/title'),
	('en', 'american_express', 'American Express'),
	('en', 'american_express_info', 'CVV is on the front of the card above he credit card number (either on the right or on the left side of the credit card).'),
	('en', 'amount', 'Amount'),
	('en', 'amount_decreased', 'Quantity has been decreased by'),
	('en', 'amount_increased', 'Quantity has been increased by'),
	('en', 'anonymous', 'Anonymous'),
	('en', 'answer', 'Answer'),
	('en', 'any', 'Any'),
	('en', 'any_date', 'Any date'),
	('en', 'any_option_combinations', 'Any option combinations'),
	('en', 'any_status', 'Any status'),
	('en', 'any_words', 'Any of these words'),
	('en', 'api', 'API'),
	('en', 'api_access', 'API access'),
	('en', 'api_key', 'API key'),
	('en', 'need_company_id', 'Company ID is required (the company_id param)'),
	('en', 'api_need_correct_company_id', 'Company by passed ID not found'),
	('en', 'api_need_id', 'Object ID undefined'),
	('en', 'api_need_params', 'Missing parameters'),
	('en', 'api_need_store', 'Store is required (the company_id param or entity stores)'),
	('en', 'api_not_need_id', 'ID must not be defined'),
	('en', 'api_partner', 'API partner'),
	('en', 'api_password', 'API password'),
	('en', 'api_shipments_not_allow_update', 'Only the tracking_number and carrier params can be updated with the setting \'Allow multiple shipments for a single order\' set'),
	('en', 'api_user', 'API user'),
	('en', '\nappearance', 'Appearance'),
	('en', 'appearance_settings', 'Appearance settings'),
	('en', 'appearance_type', 'Appearance type'),
	('en', 'application_id', 'Application ID'),
	('en', 'application_login', 'Application login'),
	('en', 'apply', 'Apply'),
	('en', 'apply_as_link', 'Apply as link'),
	('en', 'apply_tax_to_products', 'Apply selected taxes to all products'),
	('en', 'apply_to_all_languages', 'Apply to all languages'),
	('en', 'apply_to_products', 'Apply to products'),
	('en', 'approve', 'Approve'),
	('en', 'approved', 'Approved'),
	('en', 'approve_selected', 'Approve selected'),
	('en', 'arabic', 'Arabic'),
	('en', 'arrows', 'Arrows'),
	('en', 'asc', 'asc.'),
	('en', 'attention', 'Attention!'),
	('en', 'audience', 'Audience'),
	('en', 'australia_post', 'Australia Post'),
	('en', 'authentication_failed', 'Authentication failed'),
	('en', 'authentication_key', 'Authentication key'),
	('en', 'authentication_password', 'Authentication password'),
	('en', 'author', 'Author'),
	('en', 'authorization', 'Authorization'),
	('en', 'authorize_capture', 'Authorize and capture'),
	('en', 'authorize_only', 'Authorize only'),
	('en', 'auth_code', 'Auth code'),
	('en', 'auth_info', 'Authentication information'),
	('en', 'auto', 'Auto'),
	('en', 'auto_set_permissions_via_ftp', 'Auto-set permissions via FTP'),
	('en', 'avail', 'Available'),
	('en', 'availability', 'Availability'),
	('en', 'available', 'Available'),
	('en', 'available_fields', 'Available fields'),
	('en', 'available_for_vendor', 'Available for store'),
	('en', 'available_items', 'Available items'),
	('en', 'available_languages', 'Available'),
	('en', 'available_views', 'Available views'),
	('en', 'available_since', 'Avail since'),
	('en', 'available_themes', 'Available themes'),
	('en', 'currently_in_use', 'Currently in use'),
	('en', 'avail_from', 'Available from'),
	('en', 'avail_till', 'Available till'),
	('en', 'average', 'Average'),
	('en', 'avs', 'AVS'),
	('en', 'awaiting', 'Awaiting'),
	('en', 'awaiting_approval', 'Awaiting approval'),
	('en', 'backtrace', 'Backtrace'),
	('en', 'backup', 'Backup'),
	('en', 'backupping_data', 'Backing up data for'),
	('en', 'backupping_schema', 'Backing up schema for'),
	('en', 'backup_data', 'Backup database data'),
	('en', 'backup_filename', 'Backup file name'),
	('en', 'backup_files', 'Backup files'),
	('en', 'backup_options', 'Backup options'),
	('en', 'backup_schema', 'Backup database schema'),
	('en', 'back_in_stock_notification_footer', 'Welcome to purchase!'),
	('en', 'back_in_stock_notification_header', 'We are writing to inform you that the following product is back in stock in our store:'),
	('en', 'balance', 'Balance'),
	('en', 'balance_account', 'Account balance'),
	('en', 'bank', 'Bank'),
	('en', 'ground_only', 'Ground only'),
	('en', 'bank_cic', 'Groupe CIC'),
	('en', 'bank_cm', 'Credit Mutuel'),
	('en', 'bank_obc', 'OBC'),
	('en', 'bank_routing_number', 'Bank routing number'),
	('en', 'bar', 'Bar'),
	('en', 'base_currency', 'Base'),
	('en', 'base_currency_not_deleted', 'The currency has not been deleted because it is the base currency of the store.'),
	('en', 'base_price', 'Base price'),
	('en', 'bestsellers', 'Bestsellers'),
	('en', 'biller_code', 'Biller code'),
	('en', 'billing_address', 'Billing address'),
	('en', 'billing_options', 'Billing Options'),
	('en', 'billing_shipping_address', 'Billing and Shipping Address'),
	('en', 'bill_to', 'Bill to'),
	('en', 'block', 'Block'),
	('en', 'blocks', 'Blocks'),
	('en', 'block_already_exists_in_grid', 'This block already exists in this grid'),
	('en', 'block_breadcrumbs', 'Breadcrumbs'),
	('en', 'block_breadcrumbs_description', 'Navigation breadcrumbs'),
	('en', 'block_categories_description', 'Category trees'),
	('en', 'block_products_description', 'Product showcase'),
	('en', 'block_cart_content', 'Cart content'),
	('en', 'block_cart_content_description', 'Current cart content'),
	('en', 'block_categories', 'Categories'),
	('en', 'block_checkout', 'Checkout'),
	('en', 'block_checkout_description', 'Current order information'),
	('en', 'block_content', 'Block content'),
	('en', 'block_currencies', 'Currencies'),
	('en', 'block_currencies_description', 'Currency selector'),
	('en', 'block_disabled', 'Block was disabled for this location'),
	('en', 'block_enabled', 'Block was enabled for this location'),
	('en', 'block_html_block', 'HTML block'),
	('en', 'block_html_block_description', 'Any HTML content'),
	('en', 'block_ip_after', '\nBlock IP after a number of unsuccessful attempts'),
	('en', 'block_languages', 'Languages'),
	('en', 'block_languages_description', 'Language selector'),
	('en', 'block_localizations', 'Localizations'),
	('en', 'block_localizations_description', 'Localization selector'),
	('en', 'block_main', 'Main'),
	('en', 'block_main_description', 'Main content (loaded by controller)'),
	('en', 'block_manager', 'Block manager'),
	('en', 'block_manager.fixed_layout', 'Fixed width'),
	('en', 'block_manager.fluid_layout', 'Fluid'),
	('en', 'block_manager.full_width_layout', 'Full width'),
	('en', 'block_manager.grid_columns', 'Grid columns'),
	('en', 'block_manager.layout_width', 'Layout width'),
	('en', 'block_manager.max_width', 'Maximal width'),
	('en', 'block_manager.min_width', 'Minimal width'),
	('en', 'block_manager.error_changing_layout_in_css_mode', 'Changing layout when the theme is converted to CSS is not permitted. Please enable LESS mode in the <a target="_blank" href="[url]">Theme editor</a>.'),
	('en', 'block_menu', 'Menu'),
	('en', 'block_menu_description', 'Different types of menus'),
	('en', 'block_my_account', 'My account'),
	('en', 'block_my_account_description', 'Customer profile access'),
	('en', 'block_name', 'Block name'),
	('en', 'block_options', 'Block options'),
	('en', 'block_order', 'Block order'),
	('en', 'block_our_brands', 'Brands'),
	('en', 'block_our_brands_description', 'Product brands presented in the store'),
	('en', 'block_pages', 'Pages'),
	('en', 'block_pages_description', 'Store pages'),
	('en', 'block_payment_methods', 'Payment methods'),
	('en', 'block_payment_methods_description', 'Available payment methods'),
	('en', 'block_products', 'Products'),
	('en', 'block_product_filters', 'Product filters'),
	('en', 'block_product_filters_description', 'Product filtering options'),
	('en', 'block_settings', 'Block settings'),
	('en', 'block_shipping_methods', 'Shipping methods'),
	('en', 'block_shipping_methods_description', 'Available shipping methods'),
	('en', 'block_smarty_block', 'HTML block with Smarty support'),
	('en', 'block_smarty_block_description', 'Any HTML/Smarty content'),
	('en', 'block_template', 'Template'),
	('en', 'block_template_description', 'Block with a particular template'),
	('en', 'block_text', 'Block text'),
	('en', 'block_time', 'Time for which IP should be blocked'),
	('en', 'block_width', 'Block width'),
	('en', 'block_wrapper_updated', 'Block wrapper was updated'),
	('en', 'bm_confirm', 'Performing this action will [action] this block on all the [location_name] pages. Do you want to continue?'),
	('en', 'body', 'Body'),
	('en', 'bonus', 'Bonus'),
	('en', 'bonuses', 'Bonuses'),
	('en', 'both', 'Both'),
	('en', 'bought', 'Already bought'),
	('en', 'bought_amount', 'Bought quantity'),
	('en', 'box_height', 'Box height'),
	('en', 'box_length', 'Box length'),
	('en', 'box_width', 'Box width'),
	('en', 'brand', 'Brand'),
	('en', 'brand_type', 'Brand/Manufacturer'),
	('en', 'breadcrumbs', 'Breadcrumbs'),
	('en', 'broken_addon_pack', 'Incorrect add-on structure. The uploaded pack cannot be installed.'),
	('en', 'broken_po_pack', 'Incorrect PO-pack structure. The uploaded pack cannot be installed.'),
	('en', 'browse', 'Browse...'),
	('en', 'browser_upgrade_notice', '<p>We have detected that the browser you are using is not fully supported by our Admin Panel. You can view this site using your current browser but it may not display properly, and you may not be able to fully use all features.</p><br><p>Admin Panel is best viewed using the following browsers:</p><br><ul><li>&ndash; <a href="http://windows.microsoft.com/en-US/internet-explorer/products/ie/home" target="_blank">Internet Explorer 9 and above</a></li><li>&ndash; <a href="http://www.mozilla.org/en-US/" target="_blank">Mozilla Firefox (latest version)</a></li><li>&ndash; <a href="https://www.google.com/intl/en/chrome/browser/" target="_blank">Google Chrome (latest version)</a></li></ul><br><p>Click on one of the links to download the browser of your choice. Once the download has completed, install the browser by running the setup program.</p><br><p>If you cannot upgrade your browser now, you can still access Admin Panel, but you may not be able to fully use all features.<br><br><a href="[url]">Continue</a></p>'),
	('en', 'browser_upgrade_\nnotice_title', 'Browser Upgrade Notice'),
	('en', 'bucket', 'Bucket'),
	('en', 'bulk_category_addition', 'Bulk category addition'),
	('en', 'bulk_print_invoice', 'Invoice bulk print'),
	('en', 'bulk_product_addition', 'Bulk product addition'),
	('en', 'button_bgcolor', 'Button background color'),
	('en', 'button_text_color', 'Button text color'),
	('en', 'but_change', 'Change'),
	('en', 'buyer_name', 'Buyer\'s name'),
	('en', 'buy_in_advance', 'Buy in advance'),
	('en', 'buy_now', 'Buy now'),
	('en', 'by', 'by'),
	('en', 'bytes', 'bytes'),
	('en', 'by_fixed', 'by fixed amount'),
	('en', 'by_percentage', 'by percentage of the original price'),
	('en', 'C128A', 'Code 128 is a high-density barcode symbology.<br/>Used extensively worldwide.<br/>Code 128 is designed to encode 128 full ASCII characters.<br/>Code 128-A - 0-9, A-Z, ASCII control codes, special characters.<br/>Code 128-B - 0-9, A-Z, a-z, special characters.<br/>Code 128-C - 00-99 (double density encoding of numeric only data).<br/>'),
	('en', 'C128B', 'Code 128 is a high-density barcode symbology.<br/>Used extensively worldwide.<br/>Code 128 is designed to encode 128 full ASCII characters.<br/>Code 128-A - 0-9, A-Z, ASCII control codes, special characters.<br/>Code 128-B - 0-9, A-Z, a-z, special characters.<br/>Code 128-C - 00-99 (double density encoding of numeric only data).<br/>'),
	('en', 'C128C', 'Code 128 is a high-density barcode symbology.<br/>Used extensively worldwide.<br/>Code 128 is designed to encode 128 full ASCII characters.<br/>Code 128-A - 0-9, A-Z, ASCII control codes, special characters.<br/>Code 128-B - 0-9, A-Z, a-z, special characters.<br/>Code 128-C - 00-99 (double density encoding of numeric only data).<br/>'),
	('en', 'C39', 'Known also as USS Code 39, 3 of 9.<br/>Code 39 can encode alphanumeric characters.<br/>The symbology is used in non-retail environment.<br/>Code 39 is designed to encode 26 upper case letters, 10 digits and 7 special characters.'),
	('en', 'cache_cleared', 'Cache has been cleared'),
	('en', 'calculate', 'Calculate'),
	('en', 'calculate_shipping_cost', 'Calculate shipping cost'),
	('en', 'calendar', 'Calendar'),
	('en', 'canada_post', 'Canada Post'),
	('en', 'canada_post_activation_error', 'To activate the Canada post shipping processor, you must have the Canadian Dollar currency enabled.'),
	('en', 'cancel', 'Cancel'),
	('en', 'canceled_reversal', 'Canceled reversal'),
	('en', 'cancelled', 'Canceled'),
	('en', 'cancel_url_target', 'Cancel URL target'),
	('en', 'cannot_buy', 'You cannot buy the product with these option variants'),
	('en', 'cannot_proccess_checkout', 'Your cart is empty, so you cannot proceed to checkout.'),
	('en', 'cannot_proccess_checkout_without_payment_methods', 'There are no payment methods available, so you cannot proceed to checkout.'),
	('en', 'cannot_write_file', 'Cannot write to the file <b>[file]</b>. Please check the file and directory permissions.'),
	('en', 'cant_save_percentage_price', 'You can not use percentage value for base price.'),
	('en', 'cant_upload_file', 'File could not be uploaded'),
	('en', 'capture', 'Capture'),
	('en', 'card', 'Card'),
	('en', 'cardholder_name', 'Cardholder\'s name'),
	('en', 'card_number', 'Card number'),
	('en', 'carousel', 'Carousel'),
	('en', 'carrier', 'Carrier'),
	('en', 'carrier_aup', 'AUP'),
	('en', 'carrier_can', 'CAN'),
	('en', 'carrier_dhl', 'DHL'),
	('en', 'carrier_fedex', 'FedEx'),
	('en', 'carrier_swisspost', 'SwissPost'),
	('en', 'carrier_temando', 'Temando'),
	('en', 'carrier_ups', 'UPS'),
	('en', 'carrier_usps', 'USPS'),
	('en', 'cart', 'Cart'),
	('en', 'cart_content', 'Cart content'),
	('en', 'cart_contents', 'Cart contents'),
	('en', 'cart_info', 'Site info'),
	('en', 'cart_is_empty', 'Cart is empty'),
	('en', 'cart_items', 'Cart items'),
	('en', 'cart_subtotal', 'Cart subtotal'),
	('en', 'cash_on_delivery', 'Cash on delivery'),
	('en', 'catalog', 'Catalog'),
	('en', 'catalog_pages', 'Catalog pages'),
	('en', 'categories', 'Categories'),
	('en', 'categories_have_been_added', 'Categories have been added'),
	('en', 'categories_menu_description', 'View product categories which are used to group products in your store.'),
	('en', 'category', 'Category'),
	('en', 'category_delimiter', 'Category delimiter'),
	('en', 'category_description', 'Category description'),
	('en', 'category_is_empty', '\nPlease specify a category.'),
	('en', 'category_location', 'Category location'),
	('en', 'category_name', 'Category name'),
	('en', 'cdn_settings', 'CDN settings'),
	('en', 'central', 'Central'),
	('en', 'central_content', 'Central content'),
	('en', 'certificate', 'Certificate'),
	('en', 'certificate_filename', 'Certificate filename'),
	('en', 'change', 'Change'),
	('en', 'changed', 'Changed'),
	('en', 'changes', 'Changes'),
	('en', 'change_access_permission_to_config', 'Also it is recommended to change the access permissions for the config.local.php file. It should have 644 (read/write for the owner and read for others) permissions.'),
	('en', 'change_addons_initialization', 'Change addons initialization'),
	('en', 'change_language', 'Change language'),
	('en', 'change_password_notification', 'Please change your password'),
	('en', 'change_password_notification_body', 'Your password to access the admin panel of the [store] store was last changed [days] days ago. For security reasons, please change your password. In order to do this, please follow the link:'),
	('en', 'change_permissions', 'Change permissions'),
	('en', 'change_range', 'Change range'),
	('en', 'change_language_in_free_mode', 'The shop is running in the Free mode. In this mode, you can use only one language. Just change the status to Active in order to activate the language you want.'),
	('en', 'change_currency_in_free_mode', 'The shop is running in the Free mode. In this mode, you can use only one currency. Just change the status to Active in order to activate the currency you want.'),
	('en', 'charged_amount', 'Charged amount'),
	('en', 'charset', 'Character set'),
	('en', 'chart', 'Chart'),
	('en', 'charts', 'Charts'),
	('en', 'chart_type', 'Chart type'),
	('en', 'check', 'Check'),
	('en', 'checkbox', 'Check box'),
	('en', 'checking_account_number', 'Checking account number'),
	('en', 'checkout', 'Checkout'),
	('en', 'checkout_as_guest', 'Checkout as guest'),
	('en', 'checkout_edp_terms_n_conditions', 'I accept the terms in the'),
	('en', 'checkout_terms_n_conditions', 'Select this check box to accept the Terms and Conditions.'),
	('en', 'checkout_terms_n_conditions_alert', 'In order to proceed, you need to accept our Terms and Conditions.'),
	('en', 'check_again', 'Recheck and correct'),
	('en', 'check_all', 'All'),
	('en', 'check_disabled', 'Disabled'),
	('en', 'check_items_text', 'To include Order statuses, Payment methods and Locations in the conditions list, check the necessary item and click on the "Save" button.'),
	('en', 'check_none', 'None'),
	('en', 'check_active', 'Active'),
	('en', 'check_hidden', 'Hidden'),
	('en', 'check_pending', 'Pending'),
	('en', 'check_number', 'Check Number'),
	('en', 'check_ssl', 'Check SSL'),
	('en', 'check_uncheck_all', 'Check / uncheck all'),
	('en', 'chinese', 'Chinese'),
	('en', 'choose', 'Choose'),
	('en', 'choose_action', 'Choose action'),
	('en', 'choose_category', 'Choose category'),
	('en', 'choose_user', 'Choose user'),
	('en', 'choose_your_country', 'Choose your country'),
	('en', 'choose_your_store_mode', 'Please choose your licensing mode'),
	('en', 'chp', 'SwissPost'),
	('en', 'cities', 'Cities'),
	('en', 'city', 'City'),
	('en', 'classes', 'classes'),
	('en', 'clean', 'clean'),
	('en', 'cleanup_history', 'Clean up history'),
	('en', 'clean_logs', 'Clean logs'),
	('en', 'clean_up_all_locations_on_import', 'Clean up locations before import'),
	('en', 'clear', 'Clear'),
	('en', 'clear_cache', 'Clear cache'),
	('en', 'clear_cart', 'Clear cart'),
	('en', 'clear_conditions', 'Clear conditions'),
	('en', 'clear_fields', 'Clear fields'),
	('en', 'clear_list', 'Clear list'),
	('en', 'clear_thumbnails', 'Clean up generated thumbnails'),
	('en', 'clicks', 'Clicks'),
	('en', 'client_id', 'Client ID'),
	('en', 'clone', 'Clone'),
	('en', 'clone_from', 'Clone from'),
	('en', 'clone_selected', 'Clone selected'),
	('en', 'clone_table', 'Clone table'),
	('en', 'clone_theme', 'Clone theme'),
	('en', 'clone_this_item', 'Clone this item'),
	('en', 'clone_this_page', 'Clone this page'),
	('en', 'close', 'Close'),
	('en', 'cmcic_societe', 'Societe'),
	('en', 'cname', 'CNAME'),
	('en', 'code', 'Code'),
	('en', 'coefficient', 'Coefficient'),
	('en', 'collapse_bg_color', 'Collapse background color'),
	('en', 'collapse_sublist_of_items', 'Collapse the sublist of items'),
	('en', 'collapse_text_color', 'Collapse text color'),
	('en', 'color', '\nColor'),
	('en', 'combination', 'Combination'),
	('en', 'comma', 'Comma'),
	('en', 'comment', 'Comment'),
	('en', 'comments', 'Comments'),
	('en', 'comment_hint', 'Enter your comment to appear below the option'),
	('en', 'commission', 'Commission'),
	('en', 'commissions', 'Commissions'),
	('en', 'commissions_of_last_periods', 'Commissions of latest periods'),
	('en', 'commission_rates', 'Commission rates'),
	('en', 'compact_list', 'Compact list'),
	('en', 'company', 'Company'),
	('en', 'company_address', 'Company address'),
	('en', 'company_name', 'Company name'),
	('en', 'company_not_found', 'Selected company not found.'),
	('en', 'company_phone', 'Company phone'),
	('en', 'company_settings', 'Company settings'),
	('en', 'compare', 'Compare'),
	('en', 'compare_list', 'Compare list'),
	('en', 'compare_list_note', 'Go to the compare products list'),
	('en', 'compare_product_features', 'Compare product features'),
	('en', 'comparison_list', 'Comparison list'),
	('en', 'compatible_class', 'Compatible class'),
	('en', 'completed', 'Completed'),
	('en', 'compressing_backup', 'Compressing backup file'),
	('en', 'compress_dump', 'Compress backup file'),
	('en', 'condition', 'Condition'),
	('en', 'conditions', 'Conditions'),
	('en', 'configure', 'Configure'),
	('en', 'confirm', 'Confirm'),
	('en', 'confirmation_dialog', 'Confirmation dialog'),
	('en', 'confirm_password', 'Confirm password'),
	('en', 'conflicts', 'Conflicts'),
	('en', 'congratulations', 'Congratulations!'),
	('en', 'connection_ticket', 'Connection ticket'),
	('en', 'contact_information', 'Contact information'),
	('en', 'contact_us_for_price', 'Contact us for a price'),
	('en', 'container_options', 'Container options'),
	('en', 'content', 'Content'),
	('en', 'content_alignment', 'Content alignment'),
	('en', 'content_changed_for', 'This block instances have different content for'),
	('en', 'content_menu_description', 'Create and publish pages, polls, forms and links.'),
	('en', 'continue', 'Continue'),
	('en', 'continue_shopping', 'Continue shopping'),
	('en', 'controller', 'Replace with'),
	('en', 'converting_data_in_table', 'Converting data in table [table]'),
	('en', 'copyright_shopping_cart', '[product] - Shopping Cart Software'),
	('en', 'copy_from_layout', 'Copy data from layout'),
	('en', 'core', 'Core'),
	('en', 'cost', 'Cost'),
	('en', 'cost_dependences', 'Cost dependencies'),
	('en', 'could_not_open_file', 'File preview is not available'),
	('en', 'countries', 'Countries'),
	('en', 'countries_menu_description', 'Manage the set of countries that are supported in your store.'),
	('en', 'country', 'Country'),
	('en', 'coupon', 'Coupon'),
	('en', 'coupons', 'Coupons'),
	('en', 'coupon_already_used', 'This coupon is already in use'),
	('en', 'coupon_code', 'Coupon code'),
	('en', 'cpi_hash_key', 'CPI Hash Key'),
	('en', 'create', 'Create'),
	('en', 'created', 'Created'),
	('en', 'create_account', 'Create account'),
	('en', 'create_administrator_account', 'Create administrator account'),
	('en', 'create_and_close', 'Create and close'),
	('en', 'create_file', 'Create file'),
	('en', 'create_folder', 'Create folder'),
	('en', 'create_guest_account', 'Quick checkout with no account creating required'),
	('en', 'create_new_account', 'Create a permanent account and use it for checkout'),
	('en', 'create_new_block', 'Create New Block'),
	('en', 'create_new_order', 'Create a new order'),
	('en', 'create_process_payment', 'Create and process payment'),
	('en', 'create_profile', 'Create a new profile'),
	('en', 'create_profile_notification_header', 'Thank you for becoming a registered user at'),
	('en', 'create_table', 'Create New Table'),
	('en', 'creating', 'Creating'),
	('en', 'creating_table', 'Creating table'),
	('en', 'creation_date', 'Creation date'),
	('en', 'credit_card', 'Credit card'),
	('en', 'credit_card_info', 'This number is printed in the signature area on the back of the card. It is the 3 digits AFTER the credit card number.'),
	('en', 'credit_memo', 'Credit memo'),
	('en', 'credit_memo_id', 'Credit memo ID'),
	('en', 'cresecureapitoken', 'CRE SecureAPIToken'),
	('en', 'cresecureid', 'CRE SecureID'),
	('en', 'cresecure_allowed_types', 'Allowed card types'),
	('en', 'csv_delimiter', 'CSV delimiter'),
	('en', 'csv_file', 'CSV file'),
	('en', 'currencies', 'Currencies'),
	('en', 'currency', 'Currency'),
	('en', 'currencycode', 'Currency code'),
	('en', 'currency_code_aed', 'United Arab Emirates Dirham'),
	('\ne', 'currency_code_ang', 'ANG'),
	('en', 'currency_code_ars', 'ARS'),
	('en', 'currency_code_aud', 'Australian Dollar'),
	('en', 'currency_code_awg', 'AWG'),
	('en', 'currency_code_bgn', 'BGN'),
	('en', 'currency_code_brl', 'Brazilian Real'),
	('en', 'currency_code_byr', 'BYR'),
	('en', 'currency_code_cad', 'Canadian Dollar'),
	('en', 'currency_code_chf', 'Swiss Franc'),
	('en', 'currency_code_cny', 'CNY'),
	('en', 'currency_code_cyr', 'Cyprus Pound'),
	('en', 'currency_code_czk', 'Czech Koruna'),
	('en', 'currency_code_dkk', 'Danish Kroner'),
	('en', 'currency_code_eek', 'Estonian Kroon'),
	('en', 'currency_code_egp', 'EGP'),
	('en', 'currency_code_eur', 'Euro'),
	('en', 'currency_code_fjd', 'Fiji Dollar'),
	('en', 'currency_code_frf', 'French Franc'),
	('en', 'currency_code_gbp', 'UK Pound'),
	('en', 'currency_code_gel', 'GEL'),
	('en', 'currency_code_hkd', 'Hong Kong Dollar'),
	('en', 'currency_code_hrk', 'HRK'),
	('en', 'currency_code_huf', 'Hungarian Forint'),
	('en', 'currency_code_ils', 'Israel New Shequel'),
	('en', 'currency_code_inr', 'Indian Rupee'),
	('en', 'currency_code_isk', 'Iceland Krona'),
	('en', 'currency_code_jpy', 'Japanese Yen'),
	('en', 'currency_code_kpw', 'North Korean Won'),
	('en', 'currency_code_krw', 'South Korean Won'),
	('en', 'currency_code_kwd', 'Kuwaiti Dinar'),
	('en', 'currency_code_ltl', 'Lithuanian Litas'),
	('en', 'currency_code_lvl', 'Latvian Lat'),
	('en', 'currency_code_mad', 'MAD'),
	('en', 'currency_code_mxn', 'Mexican Peso'),
	('en', 'currency_code_myr', 'Malaysian Ringgit'),
	('en', 'currency_code_nok', 'Norwegian Kroner'),
	('en', 'currency_code_nzd', 'New Zealand Dollar'),
	('en', 'currency_code_php', 'Philippine Peso'),
	('en', 'currency_code_pln', 'Polish Zlotych'),
	('en', 'currency_code_png', 'Papua New Guinea Kina'),
	('en', 'currency_code_ron', 'RON'),
	('en', 'currency_code_rub', 'RUB'),
	('en', 'currency_code_rur', 'Russian Ruble'),
	('en', 'currency_code_sar', 'Saudi Riyal'),
	('en', 'currency_code_sbd', 'Solomon Islands Dollar'),
	('en', 'currency_code_sek', 'Sweden Kroner'),
	('en', 'currency_code_sgd', 'Singapore Dollar'),
	('en', 'currency_code_sit', 'Slovenian Tolar'),
	('en', 'currency_code_skk', 'Slovak Koruna'),
	('en', 'currency_code_thb', 'Thai Baht'),
	('en', 'currency_code_top', 'Tongan Pa\'anga'),
	('en', 'currency_code_try', 'Turkish Lira'),
	('en', 'currency_code_twd', 'New Taiwan dollar'),
	('en', 'currency_code_uah', 'UAH'),
	('en', 'currency_code_usd', 'US Dollar'),
	('en', 'currency_code_vuv', 'Vanuatu Vatu'),
	('en', 'currency_code_wst', 'Samoan Tala'),
	('en', 'currency_code_xaf', 'XAF'),
	('en', 'currency_code_xof', 'XOF'),
	('en', 'currency_code_xpf', 'XPF'),
	('en', 'currency_code_zar', 'Rand'),
	('en', 'currency_deleted', 'The currency has been deleted successfully.'),
	('en', 'currency_rate', 'Rate'),
	('en', 'currency_rate_greater_than_null', 'Currency exchange rate should be higher than 0.'),
	('en', 'currency_sign', 'Sign'),
	('en', 'current_database_size', 'Current database size'),
	('en', 'currency_hidden_status_free', 'The status <b>Hidden</b> for currency cannot be used in the free mode.'),
	('en', 'language_hidden_status_free', 'The status <b>Hidden</b> for language cannot be used in the free mode.'),
	('en', 'current_path', 'Current path'),
	('en', 'text_file_editor_notice', 'You can upload and download files via <a href="[href]">File Editor</a>'),
	('en', 'current_period', 'Current Period'),
	('en', 'current_theme', 'Current theme'),
	('en', 'custom', 'Custom'),
	('en', 'customer', 'Customer'),
	('en', 'customers', 'Customers'),
	('en', 'customers_menu_description', 'List of store customers, registered users with a customer account.'),
	('en', 'customer_details', 'Customer details'),
	('en', 'customer_email', 'Customer email'),
	('en', 'customer_id', 'Customer ID'),
	('en', 'customer_info', 'Customer information'),
	('en', 'customer_information', 'Customer information'),
	('en', 'customer_notes', 'Customer notes'),
	('en', 'customer_signature', 'Customer\'s signature'),
	('en', 'customer_text_letter_footer', 'Thank you for using our shopping cart.'),
	('en', 'customize', 'Customize'),
	('en', 'visual_editor', 'Visual Editor'),
	('en', 'theme_no_styles_text', 'This theme doesn\'t have styles.'),
	('en', 'custom_range', 'Custom Range'),
	('en', 'cutted_product_codes', 'The following product codes are too long and were cut to 32 figures:'),
	('en', 'cvv2', 'CVV/CVC'),
	('en', '\nczech', 'Czech'),
	('en', 'danish', 'Danish'),
	('en', 'dashboard', 'Dashboard'),
	('en', 'database', 'Database'),
	('en', 'database_data_changes', 'Database data changes'),
	('en', 'database_maintenance', 'Database maintenance'),
	('en', 'database_structure_changes', 'Database structure changes'),
	('en', 'datatrans_caa', 'Authorization with immediate settlement'),
	('en', 'datatrans_noa', 'Authorization only'),
	('en', 'datatrans_sign', 'Digital signature'),
	('en', 'date', 'Date'),
	('en', 'date_added', 'Date added'),
	('en', 'date_of_birth', 'Date of birth'),
	('en', 'day', 'day'),
	('en', 'days', 'days'),
	('en', 'db_backup_restore', 'DB Backup/Restore'),
	('en', 'db_name', 'Database name'),
	('en', 'dear', 'Dear'),
	('en', 'debit', 'Debit'),
	('en', 'decimals', 'Decimals'),
	('en', 'decline', 'Decline'),
	('en', 'declined', 'Declined'),
	('en', 'decline_selected', 'Decline selected'),
	('en', 'decorator', 'Decorator'),
	('en', 'decrease', 'Decrease'),
	('en', 'dec_sign', 'Dec sign'),
	('en', 'default', 'Default'),
	('en', 'default_category_view', 'Default category view'),
	('en', 'default_language', 'Default language'),
	('en', 'default_layout', 'Default layout'),
	('en', 'default_long_options_template', 'Default template (long product option names)'),
	('en', 'default_product_details_view', 'Parent ([default])'),
	('en', 'default_template', 'Default template'),
	('en', 'default_value', 'Default value'),
	('en', 'deferred', 'Deferred'),
	('en', 'defined', 'Defined'),
	('en', 'defined_desired_products', 'List of desired products'),
	('en', 'defined_items', 'defined items'),
	('en', 'delay', 'Delay (in seconds)'),
	('en', 'delete', 'Delete'),
	('en', 'deleted', 'Deleted'),
	('en', 'deleted_product', 'DELETED PRODUCT'),
	('en', 'delete_all_found', 'Delete all found'),
	('en', 'delete_block', 'Delete block'),
	('en', 'delete_confirmation', 'Are you sure you want to delete the selected items?'),
	('en', 'delete_grid', 'Delete grid'),
	('en', 'delete_image', 'Delete image'),
	('en', 'delete_image_pair', 'Delete image pair'),
	('en', 'delete_install_folder', 'Please remove the install directory.<br /><br />Keeping the install directory on the server is insecure.'),
	('en', 'delete_range', 'Delete range'),
	('en', 'delete_selected', 'Delete selected'),
	('en', 'delete_this_category', 'Delete this category'),
	('en', 'delete_this_page', 'Delete this page'),
	('en', 'delivery_time', 'Delivery time'),
	('en', 'delivery_times_text', 'Delivery time is calculated in business days.'),
	('en', 'demo', 'Demo'),
	('en', 'demo_mode', 'Demo mode is enabled'),
	('en', 'demo_mode_content_text', '<p>The cart is working in the <b>DEMO</b> mode and this functionality is disabled.</p>'),
	('en', 'demo_panel.demo_store_panel', 'Demo store panel'),
	('en', 'demo_panel.go_admin_panel', 'Go to Administration panel'),
	('en', 'demo_panel.go_storefront', 'Go to Storefront'),
	('en', 'demo_panel.demo_will_be_reset_in', 'Demo will be reset in:'),
	('en', 'denied', 'Denied'),
	('en', 'dependence', 'Select values by'),
	('en', 'deposit_amount', 'Deposit amount'),
	('en', 'desc', 'desc.'),
	('en', 'description', 'Description'),
	('en', 'descr_avs', 'AVS verification response'),
	('en', 'descr_cvv', 'CVV2 verification response'),
	('en', 'design', 'Design'),
	('en', 'design_mode', 'Design mode'),
	('en', 'desired_amount', 'Desired quantity'),
	('en', 'destination', 'Destination'),
	('en', 'detailed_description', 'Detailed description'),
	('en', 'detailed_images', 'Detailed images'),
	('en', 'details', 'details'),
	('en', 'dhl', 'DHL'),
	('en', 'diff', 'File changes'),
	('en', 'different_only', 'Different only'),
	('en', 'directory', 'Directory'),
	('en', 'direct_download', 'Direct download'),
	('en', 'disable', 'Disable'),
	('en', 'disabled', 'Disabled'),
	('en', 'disabled_categories', 'Disabled categories'),
	('en', 'disable_for', 'Disable for'),
	('en', 'disable_selected', 'Disable selected'),
	('en', 'disapprove', 'Disapprove'),
	('en', 'disapproved', 'Disapproved'),
	('en', 'disapprove_selected', 'Disapprove selected'),
	('en', 'discount', 'Discount'),
	('en', 'discounted_price', 'Discounted price'),
	('en', 'discounts', 'Discounts'),
	('en', 'discount_coupon', 'Discount coupon'),
	('en', 'discount_coupon_code', 'Discount coupon code'),
	('en', 'dispatch', 'Dispatch'),
	('en', 'displayed_vendors', 'Displayed stores'),
	('en', 'display_bottom_buttons', 'Display bottom buttons'),
	('en', 'display_delete_icons', 'Display delete \nicons'),
	('en', 'display_message', 'Display message'),
	('en', 'display_more_variants_count', 'Number of displayed filter variants  before the "view all" link'),
	('en', 'display_on', 'Display on'),
	('en', 'display_type', 'Display type'),
	('en', 'display_variants_count', 'Number of displayed filter variants before the "more" link'),
	('en', 'domains', 'Domains'),
	('en', 'domestic_usps', 'Domestic U.S.P.S.'),
	('en', 'done', 'Done'),
	('en', 'dont_track', 'Do not track'),
	('en', 'dont_use_cardinal', 'Don\'t use Cardinal Centinel&reg; for 3-D Secure Payer Authentication'),
	('en', 'dots', 'Dots'),
	('en', 'down', 'Down'),
	('en', 'download', 'Download'),
	('en', 'downloadable', 'Downloadable'),
	('en', 'downloadable_shipping', 'Enable shipping if downloadable'),
	('en', 'downloads', 'Downloads'),
	('en', 'downloads_max_left', 'Downloads (max./left)'),
	('en', 'download_key_expiry', 'Download key expiry'),
	('en', 'download_link_expired', 'The download link is expired or is not ready.'),
	('en', 'do_not_change', 'Do not change'),
	('en', 'do_not_pass_logo', 'Do not pass the shopping cart logo to the merchant'),
	('en', 'do_not_use', 'Do not use'),
	('en', 'drlicense_number', 'Driving License Number'),
	('en', 'dropdown_horizontal', 'Dropdown horizontal'),
	('en', 'dropdown_limit', 'Minimal number if items to be placed in a dropdown list.'),
	('en', 'dropdown_second_level_elements', 'Second level elements'),
	('en', 'dropdown_third_level_elements', 'Third level elements'),
	('en', 'dropdown_vertical', 'Dropdown vertical'),
	('en', 'drop_existing_data', 'Delete all existing product files before import'),
	('en', 'dump_cant_create_file', 'Cannot create file for database dump. Please check permissions for the "var/database" directory of your installation.'),
	('en', 'dump_file_not_writable', 'Please set write permissions on the database backup file.'),
	('en', 'duplicate', 'Duplicate transactions'),
	('en', 'dutch', 'Dutch'),
	('en', 'dynamic', 'Dynamic'),
	('en', 'dynamic_content', 'This block content will be shown on <a href="[url]">this page</a> only.'),
	('en', 'dynamic_tree_cat', 'Dynamic tree'),
	('en', 'dynamic_tree_pages', 'Dynamic tree'),
	('en', 'easing', 'Easing'),
	('en', 'edit', 'Edit'),
	('en', 'editing', 'Editing'),
	('en', 'editing_block', 'Editing block'),
	('en', 'editing_category', 'Editing category'),
	('en', 'editing_chart', 'Editing chart'),
	('en', 'editing_container', 'Editing container'),
	('en', 'editing_currency', 'Editing currency'),
	('en', 'editing_defined_products', 'Editing defined products'),
	('en', 'editing_file', 'Editing file'),
	('en', 'editing_filter', 'Editing filter'),
	('en', 'editing_folder', 'Editing folder'),
	('en', 'editing_grid', 'Editing grid'),
	('en', 'editing_group', 'Editing group'),
	('en', 'editing_item', 'Editing item'),
	('en', 'editing_language', 'Editing language'),
	('en', 'editing_layout', 'Editing layout'),
	('en', 'editing_link', 'Editing link'),
	('en', 'editing_localization', 'Editing localization'),
	('en', 'editing_location', 'Editing location'),
	('en', 'editing_menu', 'Editing menus'),
	('en', 'editing_option', 'Editing option'),
	('en', 'editing_order', 'Editing order'),
	('en', 'editing_page', 'Editing page'),
	('en', 'editing_payment', 'Editing payment'),
	('en', 'editing_product', 'Editing product'),
	('en', 'editing_product_feature', 'Editing product feature'),
	('en', 'editing_profile', 'Editing profile'),
	('en', 'editing_profile_field', 'Editing profile field'),
	('en', 'editing_promotion', 'Editing promotion'),
	('en', 'editing_quick_menu_link', 'Editing quick menu link'),
	('en', 'editing_quick_menu_section', 'Editing quick menu section'),
	('en', 'editing_report', 'Editing report'),
	('en', 'editing_shipping_method', 'Editing shipping method'),
	('en', 'editing_sitemap_section', 'Editing sitemap section'),
	('en', 'editing_status', 'Editing status'),
	('en', 'editing_tab', 'Editing tab'),
	('en', 'editing_tax', 'Editing tax'),
	('en', 'editing_vendor', 'Editing store'),
	('en', 'edition_type', 'Edition type'),
	('en', 'edit_files', 'Edit files'),
	('en', 'edit_layout', 'Edit layout'),
	('en', 'edit_order', 'Edit order'),
	('en', 'edit_products', 'Edit products'),
	('en', 'edit_profile', 'Edit profile'),
	('en', 'edit_profile_note', 'Change email, password, shipping/billing info, and other profile settings'),
	('en', 'edit_report', 'Edit report'),
	('en', 'edit_\nselected', 'Edit selected'),
	('en', 'edp_access_granted', 'Now you can download the purchased products.'),
	('en', 'edp_access_subj', 'Access to electronically distributed products is granted'),
	('en', 'edp_enable_shipping', 'Enable shipping for downloadable products'),
	('en', 'email', 'Email'),
	('en', 'emails', 'Emails'),
	('en', 'email_address', 'E-mail address'),
	('en', 'email_header', 'E-mail header'),
	('en', 'email_subject', 'E-mail subject'),
	('en', 'empty', 'Empty'),
	('en', 'empty_key_value', 'Empty table key value'),
	('en', 'enable', 'Enable'),
	('en', 'enabled', 'Enabled'),
	('en', 'enable_cdn', 'Enable CDN'),
	('en', 'enable_for', 'Enable for'),
	('en', 'enable_or_disable_block', 'Activate/Deactivate Block'),
	('en', 'enable_or_disable_container', 'Activate/Deactivate Container'),
	('en', 'enable_or_disable_grid', 'Activate/Deactivate Grid'),
	('en', 'enable_quick_view', 'Enable quick view'),
	('en', 'encryption', 'Encryption'),
	('en', 'encryption_key', 'Encryption Key'),
	('en', 'end_date', 'End date'),
	('en', 'english', 'English'),
	('en', 'enter_code', 'Enter code'),
	('en', 'enter_data', 'Enter data'),
	('en', 'enter_email', 'Enter e-mail address'),
	('en', 'enter_new_lang_code', 'Enter a new language code'),
	('en', 'enter_other', 'Enter other'),
	('en', 'enter_your_price', 'Enter your price'),
	('en', 'entity', 'Entity'),
	('en', 'entry_page', 'Global entry page'),
	('en', 'entry_point', 'Entry point'),
	('en', 'envelope', 'Envelope'),
	('en', 'epdq_3ds_main', 'Main window'),
	('en', 'epdq_3ds_popup', 'Popup'),
	('en', 'error', 'Error'),
	('en', 'errorCode', 'Error Code'),
	('en', 'errorName', 'Error Name'),
	('en', 'error_account_disabled', 'Your account is disabled. Please contact the store administration.'),
	('en', 'error_admin_not_created_email_already_used', 'Administrator account was not created. The email address belongs to another user. You can add the administrator for this company manually.'),
	('en', 'error_ajax', 'Oops, something went wrong ([error]). Please try again.'),
	('en', 'error_area_access_denied', 'You are not allowed to login to this area.'),
	('en', 'error_confirmation_code_invalid', 'Incorrect or missing confirmation code.'),
	('en', 'error_curl_not_exists', '<b>Warning!</b><br />Your server <b>does not</b> support the PHP cURL extension. <b>[method]</b> will not be operational. Please contact your hosting provider.'),
	('en', 'error_curl_ssl_not_exists', '<b>Warning!</b><br />The PHP cURL extension is compiled <b>without</b> SSL support on your server. <b>[method]</b> will not be operational. Please contact your hosting provider.'),
	('en', 'error_currency_exists', 'Currency with code <b>[code]</b> already exists'),
	('en', 'error_delete_theme_company', 'Another storefront is using this theme. Please change theme before deleting it.'),
	('en', 'error_delete_theme_layout', 'Layout that uses this theme is set as 	default. Please set another layout as default.'),
	('en', 'error_demo_mode', 'The cart is working in the <b>DEMO</b> mode and this functionality is disabled.'),
	('en', 'error_empty_company_name', 'Company name cannot be empty'),
	('en', 'error_exim_cant_open_file', 'Cannot open uploaded file'),
	('en', 'error_exim_cant_read_file', 'Cannot read uploaded file'),
	('en', 'error_exim_fields_not_selected', 'No fields selected for export'),
	('en', 'error_exim_file_doesnt_exist', 'File doesn\'t exist'),
	('en', 'error_exim_incorrect_lines', 'Your CSV file has incorrect data formatting (incorrect delimiter, missed/missing fields, etc.) in the following lines: <b>[lines]</b>'),
	('en', 'error_exim_incorrent_delimiter', 'The delimiter in CSV file differs from the one selected by you'),
	('en', 'error_exim_invalid_count_langs', 'Multi-language line count mismatch: different number of lines for different languages provided.'),
	('en', 'error_exim_layout_required_fields', 'The following fields are mandatory and cannot be removed from the layout:'),
	('en', 'error_exim_no_data_exported', 'No data exported'),
	('en', 'error_exim_no_file_uploaded', 'No file uploaded'),
	('en', 'error_exim_pattern_definition_alt_keys', 'Invalid pattern definition: alternative key is missing'),
	('en', 'error_exim_pattern_definition_references', 'Invalid pattern definition: missing table references'),
	('en', 'error_exim_pattern_dont_\nmatch', 'Your import file does not match the selected pattern'),
	('en', 'error_exim_pattern_not_found', 'Pattern not found'),
	('en', 'error_exim_pattern_required_fields', 'Your import file MUST have the following fields: <b>[fields]</b>'),
	('en', 'error_hash_generation', 'Error in hash generation. Please choose another payment method.'),
	('en', 'error_images_need_located_root_dir', 'Please specify the images directory within the store root directory. Put the images to import in this directory.'),
	('en', 'error_image_format_not_supported', 'The image format <b>[format]</b> is not supported by GD library installed on your server. The thumbnail was not created.'),
	('en', 'error_incorrect_login', 'The username or password you have entered is invalid. Please try again.'),
	('en', 'error_invalid_emails', 'The following email addresses are invalid: <b>[emails]</b>'),
	('en', 'error_lang_code_exists', 'The provided language ([code]) code already exists'),
	('en', 'error_login_not_exists', 'The username you have entered does not match any account in our store. Please make sure you have entered the correct username and try again.'),
	('en', 'error_message_not_sent', 'Message could not be sent.<br />Mailer Error:'),
	('en', 'error_not_logged', 'You must log in before you can access this resource!'),
	('en', 'error_no_items_selected', 'No items selected! At least one check box must be selected to perform this action.'),
	('en', 'error_occured', 'Error occurred.'),
	('en', 'error_occurred', 'Error occurred'),
	('en', 'error_passwords_dont_match', 'The passwords do not match.'),
	('en', 'error_password_content', 'The password must contain both letters and numbers.'),
	('en', 'error_password_expired', 'Your password has expired. You must change your password now.'),
	('en', 'error_password_expired_change', 'Your password has expired. <p><a href="[link]" class="underlined"><b>Change password &#155;&#155;</b></a></p>'),
	('en', 'error_password_min_symbols', 'The password must contain at least <b>[number]</b> characters.'),
	('en', 'error_password_was_used', 'Your new password must not coincide with any of those four passwords used before. Please use another password.'),
	('en', 'error_permissions_not_changed', 'Cannot change permissions'),
	('en', 'error_status_not_changed', 'Error while updating the status. Status was not changed.'),
	('en', 'error_theme_manifest_missed', 'Theme description file ("manifest") was not found. Installation canceled.'),
	('en', 'error_user_exists', 'The username or email you have chosen already exists. Please try another one.'),
	('en', 'error_validator_color', 'The color code in the <b>[field]</b> field is invalid.'),
	('en', 'error_validator_email', 'The email address in the <b>[field]</b> field is invalid.'),
	('en', 'error_validator_integer', 'The value of the <b>[field]</b> field is invalid. It should be integer.'),
	('en', 'error_validator_message', 'The value of the <b>[field]</b> field is invalid.'),
	('en', 'error_validator_multiple', 'The <b>[field]</b> field does not contain the selected options.'),
	('en', 'error_validator_password', 'The passwords in the <b>[field2]</b> and <b>[field]</b> fields do not match.'),
	('en', 'error_validator_phone', 'The phone number in the <b>[field]</b> field is invalid. The correct format is (555) 555-55-55 or 55 55 555 5555.'),
	('en', 'error_validator_phone_number', 'It is required to use the following format for this payment method: 555 555 5555.'),
	('en', 'error_validator_required', 'The <b>[field]</b> field is mandatory.'),
	('en', 'error_validator_zipcode', 'The ZIP / Postal code in the <b>[field]</b> field is incorrect. The correct format is [extra].'),
	('en', 'error_vendor_exists', 'The company with e-mail you have chosen already exists, please try another.'),
	('en', 'exact_phrase', 'The exact phrase'),
	('en', 'excellent', 'Excellent!'),
	('en', 'exception', 'Exception'),
	('en', 'exceptions', 'Exceptions'),
	('en', 'exceptions_type', 'Exceptions type'),
	('en', 'exception_disabled', 'No variant can be selected'),
	('en', 'exception_disregard', 'Any variant'),
	('en', 'exception_error', 'ERROR'),
	('en', 'exception_error_code', 'Error code:'),
	('en', 'exception_exist', 'This exception combination already exists'),
	('\ne', 'exception_title', 'Oops!<br />We were unable to find what you were looking for.'),
	('en', 'exchange_rate', 'Live exchange rates'),
	('en', 'exec', 'Execute'),
	('en', 'exim_remove_additional_images', 'Clean up'),
	('en', 'exit_point', 'Exit point'),
	('en', 'exp', 'Exp'),
	('en', 'expanded', 'Expanded'),
	('en', 'expand_collapse_list', 'Expand / collapse the list of items'),
	('en', 'expand_sublist_of_items', 'Expand the sublist of items'),
	('en', 'expired', 'Expired'),
	('en', 'expirepreauth', 'Preauthorization'),
	('en', 'expirepreauth_description', 'Preauthorization hold limit in days. The maximum value is 30 days. With the "Sale" request type, leave this field empty.'),
	('en', 'expiry_date', 'Expiration date'),
	('en', 'export', 'Export'),
	('en', 'exported_fields', 'Exported fields'),
	('en', 'exported_files', 'Exported files'),
	('en', 'exporting_data', 'Exporting data'),
	('en', 'export_data', 'Export data'),
	('en', 'export_locations', 'Export locations'),
	('en', 'export_options', 'Export options'),
	('en', 'export_selected', 'Export selected'),
	('en', 'extended', 'Extended'),
	('en', 'extra', 'Extra'),
	('en', 'extra_services', 'Extra services'),
	('en', 'fail', 'Fail'),
	('en', 'failed', 'Failed'),
	('en', 'fair', 'Fair'),
	('en', 'false', 'False'),
	('en', 'faroese', 'Faroese'),
	('en', 'fast', 'Fast'),
	('en', 'fax', 'Fax'),
	('en', 'feature', 'Feature'),
	('en', 'features', 'Features'),
	('en', 'features_delimiter', 'Features delimiter'),
	('en', 'features_menu_description', 'Add and manage extra product fields.'),
	('en', 'feature_code', 'Feature code'),
	('en', 'feature_comparison', 'Feature comparison'),
	('en', 'feature_display_on_catalog', 'Show in product list'),
	('en', 'feature_display_on_header', 'Show in product header'),
	('en', 'feature_display_on_product', 'Show on the Features tab'),
	('en', 'fedex', 'FedEx'),
	('en', 'feedback_is_sent_successfully', 'The feedback has been sent successfully.'),
	('en', 'feedback_values', 'Feedback values'),
	('en', 'field', 'Field'),
	('en', 'field_editor', 'Field Editor'),
	('en', 'file', 'File'),
	('en', 'filename', 'File name'),
	('en', 'files', 'Files'),
	('en', 'filesize', 'File size'),
	('en', 'files_changes', 'File changes'),
	('en', 'files_directory', 'Files directory'),
	('en', 'file_avail_after_payment', 'This file will be available after the order is paid in full.'),
	('en', 'file_browser', 'File browser'),
	('en', 'file_doesnt_have_key', 'This file doesn\'t have a download key.'),
	('en', 'file_download_limit_exceeded', 'The file cannot be downloaded because the download limit equal to [limit] is exceeded.'),
	('en', 'file_is_too_large', 'File is too large. Max uploading size is [size].'),
	('en', 'file_tree', 'File tree'),
	('en', 'filling', 'Filling'),
	('en', 'filter', 'Filter'),
	('en', 'filters', 'Filters'),
	('en', 'filters_menu_description', 'Product filters are displayed on the storefront and enable your customers to quickly find the products.'),
	('en', 'filter_by', 'Filter by'),
	('en', 'filter_description', 'Filter description'),
	('en', 'filter_name', 'Filter name'),
	('en', 'finance_product_code', 'Finance product code'),
	('en', 'financial_state', 'Financial state'),
	('en', 'find_results_with', 'Find results with'),
	('en', 'finish', 'Finish'),
	('en', 'finished', 'Finished'),
	('en', 'finnish', 'Finnish'),
	('en', 'first_name', 'First name'),
	('en', 'flemish', 'Flemish'),
	('en', 'folder', 'Folder'),
	('en', 'folder_is_empty', 'Folder is empty'),
	('en', 'footer', 'Footer'),
	('en', 'footer_container_not_used', 'This container is NOT used. Footer container from the default location will be used instead. Set this location as default to use this container as footer for all locations.'),
	('en', 'for', 'for'),
	('en', 'forbidden', 'Forbidden'),
	('en', 'forbidden_combinations', 'Forbidden combinations'),
	('en', 'forgot_password_question', 'Forgot your password?'),
	('en', 'form', 'Form'),
	('en', 'format', 'Format'),
	('en', 'forms', 'Forms'),
	('en', 'form_id', 'Form ID'),
	('en', 'for_all_found_orders', 'For orders on ALL pages'),
	('en', 'for_this_page_orders', 'For orders on THIS page'),
	('en', 'fragile', 'Fragile'),
	('en', 'free', 'Free'),
	('en', 'free_products', 'Free products'),
	('en', 'free_shipping', 'Free shipping'),
	('en', 'french', 'French'),
	('en', 'from', 'from'),
	('en', 'from_date', 'Date from'),
	('en', 'fulfillment_state', 'Fulfillment state'),
	('en', 'full', 'Full'),
	('en', 'fullauth', 'Fullauth'),
	('en', 'full_description', 'Full description'),
	('en', 'full_list', 'Full list'),
	('en', 'full_tree_cat', 'Full tree'),
	('en', 'full_tree_pages', 'Full tree'),
	('en', 'full_width', 'Full width'),
	('en', 'function', 'Core'),
	('en', 'function_deprecated', 'Function [old_function] is deprecated and will be removed in next version. Please use [new_function] instead of it.'),
	('en', 'gateway', 'Gateway'),
	('en', 'gateways', 'Gateways'),
	('en', 'general', 'General'),
	('en', 'general_info', 'General information'),
	('en', 'general_statistics', 'General statistics'),
	('en', 'generate', 'Generate'),
	('en', 'generate_submenu', 'Generate submenu'),
	('en', 'geography', 'Geography'),
	('en', 'german', 'German'),
	('en', 'get_rates', 'Get rates'),
	('en', 'give_coupon_subj', 'you have new promotion'),
	('en', 'global', 'Global'),
	('en', 'global_options', 'Global options'),
	('en', 'global_status', 'Global status'),
	('en', 'global_update', 'Global update'),
	('en', 'global_update_description', 'Positive or negative values can be entered in the fields below (e.g. -5).'),
	('en', 'go', 'Go'),
	('en', 'google', 'Google'),
	('en', 'google_base', 'Google Base'),
	('en', 'google_base_export_notice', '<b>Note:</b> You can setup Tax and Shipping rates on the <a href="http://www.google.com/merchants/taxshippingsettings">Tax and shipping summary</a> page in your Google merchant center.'),
	('en', 'goto_theme_configuration', 'Browse themes'),
	('en', 'remove_theme', 'Remove theme'),
	('en', 'go_back', 'Go back'),
	('en', 'go_to_the_admin_homepage', 'Go to the admin homepage'),
	('en', 'go_to_the_homepage', 'Go to the homepage'),
	('en', 'grams_in_the_unit_of_weight', 'Grams in the unit of weight defined by the weight symbol'),
	('en', 'graphic', 'Graphic'),
	('en', 'greek', 'Greek'),
	('en', 'grid', 'Grid'),
	('en', 'tmpl_grid2', 'Grid2'),
	('en', 'grid_options', 'Grid options'),
	('en', 'gross_total', 'Gross total'),
	('en', 'group', 'Group'),
	('en', 'groups', 'Groups'),
	('en', 'guest', 'Guest'),
	('en', 'has_credit_memo', 'Has credit memo'),
	('en', 'has_invoice', 'Has invoice'),
	('en', 'header', 'Header'),
	('en', 'header_container_not_used', 'This container is NOT used. Header container from the default location will be used instead. Set this location as default to use this container as header for all locations.'),
	('en', 'header_image', 'Header image'),
	('en', 'hebrew', 'Hebrew'),
	('en', 'height', 'Height'),
	('en', 'hello', 'Hello'),
	('en', 'help', 'Help'),
	('en', 'hidden', 'Hidden'),
	('en', 'hide', 'Hide'),
	('en', 'hide_add_to_cart_button', 'Hide add to cart button'),
	('en', 'hide_options', 'Hide options'),
	('en', 'hide_option_completely', 'Hide option completely'),
	('en', 'home', 'Home'),
	('en', 'home_page', 'Home page'),
	('en', 'horizontal', 'Horizontal'),
	('en', 'host', 'Host name'),
	('en', 'host_code', 'Host code'),
	('en', 'hour', 'Hour'),
	('en', 'how_to_send', 'How to send?'),
	('en', 'html_block', 'HTML block'),
	('en', 'hungarian', 'Hungarian'),
	('en', 'I25', 'Interleaved 2 of 5 is based on Standard 2 of 5 symbology.<br/>Interleaved 2 of 5 is designed to encode only 10 digits.'),
	('en', 'icon', 'Icon'),
	('en', 'id', 'ID'),
	('en', 'identifier', 'PayBox identifier'),
	('en', 'iframe_mode', 'iFrame mode'),
	('en', 'illegal_item_weight', 'Illegal item weight'),
	('en', 'image', 'Image'),
	('en', 'images', 'Images'),
	('en', 'images_directory', 'Images directory'),
	('en', 'image_pair', 'Image pair'),
	('en', 'image_verification', 'Image verification'),
	('en', 'image_verification_body', 'Type the characters you see in the picture above.'),
	('en', 'image_verification_label', 'Anti-bot validation'),
	('en', 'immediately', 'Immediately'),
	('en', 'import', 'Import'),
	('en', 'important', 'Important'),
	('en', 'importing_data', 'Importing data'),
	('en', 'import_data', 'Import data'),
	('en', 'import_locations', 'Import locations'),
	('en', 'import_options', 'Import options'),
	('en', 'in', 'In'),
	('en', 'included', 'included'),
	('en', 'include_cvn', 'Include CVN'),
	('en', 'including_discount', 'Including discount'),
	('en', 'including_tax', 'Including tax'),
	('en', 'incompleted', 'Incomplete'),
	('en', 'incompleted_orders', 'Incomplete orders'),
	('en', 'incorrect_filling_message', 'Incorrect filling message'),
	('en', 'incorrect_price_warning', 'Product has not been added to the cart. Please enter the correct price.'),
	('en', '\nincrease', 'Increase'),
	('en', 'inc_tax', 'inc tax'),
	('en', 'index', 'Home page'),
	('en', 'information', 'Information'),
	('en', 'inner_hint', 'Inner hint'),
	('en', 'input_field', 'Input field'),
	('en', 'insert_block', 'Add block'),
	('en', 'insert_grid', 'Add grid'),
	('en', 'install', 'Install'),
	('en', 'installation_id', 'Installation ID'),
	('en', 'installed', 'Installed'),
	('en', 'installed_languages', 'Installed'),
	('en', 'installed_upgrades', 'Installed upgrades'),
	('en', 'welcome_screen.administrator_info', 'To access the administrator area, use the e-mail (<b>[email]</b>) and the password you have entered earlier.'),
	('en', 'welcome_screen.go_admin_panel', 'Go to the administration panel'),
	('en', 'welcome_screen.go_storefront', 'Go to the storefront'),
	('en', 'welcome_screen.go_settings_wizard', 'Go to the Settings wizard for basic store setup'),
	('en', 'welcome_screen.knowledge_base', 'Knowledge base'),
	('en', 'welcome_screen.run_settings_wizard', 'Run Settings wizard'),
	('en', 'welcome_screen.learn_more_configuration', 'Learn more about storefront configuration in our'),
	('en', 'welcome_screen.thanks', 'Thank you for choosing [product]. Happy selling!'),
	('en', 'installer_complete_title', 'Installation successfully finished'),
	('en', 'international_settings', 'International settings'),
	('en', 'international_usps', 'International U.S.P.S.'),
	('en', 'inventory', 'Inventory'),
	('en', 'invitees', 'Invitees'),
	('en', 'invoice', 'Invoice'),
	('en', 'invoices', 'Invoices'),
	('en', 'invoice_credit_memo', 'Invoice/Credit memo'),
	('en', 'invoice_id', 'Invoice ID'),
	('en', 'invoice_title', 'INVOICE'),
	('en', 'in_progress', 'In progress'),
	('en', 'in_stock', 'In stock'),
	('en', 'ip', 'IP'),
	('en', 'ip_address', 'IP address'),
	('en', 'issuer', 'Issuer'),
	('en', 'issuer_info', 'Issuer information'),
	('en', 'is_back_in_stock', 'is back in stock!'),
	('en', 'is_pbp', 'Allow payment by points'),
	('en', 'italian', 'Italian'),
	('en', 'items', 'item(s)'),
	('en', 'items_dependences', 'Items dependencies'),
	('en', 'items_in_box', 'Items in a box'),
	('en', 'items_in_cart', 'You have [n] item in your cart|You have [n] items in your cart'),
	('en', 'items_per_page', 'Items per page'),
	('en', 'items_title', 'Items'),
	('en', 'item_number', 'Show item number'),
	('en', 'item_quantity', 'Item quantity'),
	('en', 'japanese', 'Japanese'),
	('en', 'join', 'Join'),
	('en', 'json_error_ctrl_char', 'Control character error, possibly incorrectly encoded'),
	('en', 'json_error_depth', 'The maximum stack depth has been exceeded'),
	('en', 'json_error_state_mismatch', 'Invalid or malformed JSON'),
	('en', 'json_error_syntax', 'Syntax error, malformed JSON'),
	('en', 'json_error_unknown', 'Unknown JSON error'),
	('en', 'json_error_utf8', 'Malformed UTF-8 characters, possibly incorrectly encoded'),
	('en', 'key', 'Key'),
	('en', 'key1_for_md5', 'Auth key 1 for md5'),
	('en', 'key2_for_md5', 'Auth key 2 for md5'),
	('en', 'keywords', 'Keywords'),
	('en', 'korean', 'Korean'),
	('en', 'label_text_color', 'Label text color'),
	('en', 'landing_header', 'Your order has been received'),
	('en', 'language', 'Language'),
	('en', 'languagecode', 'Language code'),
	('en', 'languages', 'Languages'),
	('en', 'language_code', 'Language code'),
	('en', 'language_variable', 'Language variable'),
	('en', 'language_variables', 'Language variables'),
	('en', 'last4ssn', 'Last 4 digits of Social Security Number'),
	('en', 'last_24hours', 'Last 24 hours'),
	('en', 'last_days', 'Last days'),
	('en', 'last_month', 'Last month'),
	('en', 'last_name', 'Last name'),
	('en', 'last_n_days', 'Last [N] days'),
	('en', 'last_order', 'Last order'),
	('en', 'latitude', 'Latitude'),
	('en', 'layout', 'Layout'),
	('en', 'layouts', 'Layouts'),
	('en', 'lbl_amazon_aws_access_public_key', 'AWS access public key'),
	('en', 'lbl_amazon_aws_access_secret_key', 'AWS access secret key'),
	('en', 'lbl_amazon_background_color', 'Background color'),
	('en', 'lbl_amazon_button_color', 'Button color'),
	('en', 'lbl_amazon_button_size', 'Button size'),
	('en', 'lbl_amazon_button_style', 'Amazon button style'),
	('en', 'lbl_amazon_color_dark', 'Dark'),
	('en', 'lbl_amazon_color_light', 'Light'),
	('en', 'lbl_amazon_color_orange', 'Orange'),
	('en', 'lbl_amazon_color_tan', 'Tan'),
	('en', 'lbl_amazon_color_white', 'White'),
	('en', 'lbl_amazon_process_order_on_failure', 'Process order on callback failure'),
	('en', '\nlbl_amazon_size_large', 'Large'),
	('en', 'lbl_amazon_size_medium', 'Medium'),
	('en', 'lbl_amazon_size_xlarge', 'X-Large'),
	('en', 'left', 'Left'),
	('en', 'length', 'Length'),
	('en', 'less', 'less'),
	('en', 'letter', 'Letter'),
	('en', 'level', 'Level'),
	('en', 'licence_agreement', 'License Agreement'),
	('en', 'license_agreement', 'License agreement'),
	('en', 'license_number', 'License number'),
	('en', 'license_number_cannot_be_empty', 'License number cannot be empty'),
	('en', 'limit', 'Limit'),
	('en', 'line', 'Line'),
	('en', 'linear', 'Linear'),
	('en', 'link', 'Link'),
	('en', 'linked_categories', 'Linked categories'),
	('en', 'linked_products', 'Linked products'),
	('en', 'links', 'Links'),
	('en', 'links_thumb', 'Links thumb'),
	('en', 'link_text', 'Link text'),
	('en', 'link_to', 'Link to'),
	('en', 'list', 'List'),
	('en', 'list_objects', 'List objects'),
	('en', 'list_price', 'List price'),
	('en', 'list_price_decreased', 'List price has been decreased by'),
	('en', 'list_price_increased', 'List price has been increased by'),
	('en', 'list_price_short', 'List price'),
	('en', 'list_quantity_count', 'List quantity count'),
	('en', 'tmpl_list_without_options', 'List without options'),
	('en', 'live', 'Live'),
	('en', 'live_preview', 'Live preview'),
	('en', 'loading', 'Loading...'),
	('en', 'local', 'Local'),
	('en', 'localization', 'Localization'),
	('en', 'localizations', 'Localizations'),
	('en', 'localizations_menu_description', 'Manage localizations that are supported in your store.'),
	('en', 'location', 'Location'),
	('en', 'locations', 'Locations'),
	('en', 'locations_menu_description', 'Manage the set of locations that are supported in your store.'),
	('en', 'loggedin_time', 'Logged in time'),
	('en', 'logging', 'Logging'),
	('en', 'login', 'Login'),
	('en', 'logos', 'Logos'),
	('en', 'logo_link', 'Location (URL) of logo'),
	('en', 'logs', 'Logs'),
	('en', 'log_action_backup', 'backup'),
	('en', 'log_action_create', 'create'),
	('en', 'log_action_delete', 'delete'),
	('en', 'log_action_deprecated', 'deprecated'),
	('en', 'log_action_error', 'error'),
	('en', 'log_action_failed_login', 'failed login'),
	('en', 'log_action_http', 'http/https request'),
	('en', 'log_action_login', 'sign in'),
	('en', 'log_action_low_stock', 'low stock'),
	('en', 'log_action_optimize', 'optimize'),
	('en', 'log_action_restore', 'restore'),
	('en', 'log_action_runtime', 'runtime'),
	('en', 'log_action_session', 'session'),
	('en', 'log_action_status', 'status change'),
	('en', 'log_action_update', 'update'),
	('en', 'log_type_categories', 'Categories'),
	('en', 'log_type_database', 'Database'),
	('en', 'log_type_general', 'general'),
	('en', 'log_type_orders', 'Orders'),
	('en', 'log_type_products', 'Products'),
	('en', 'log_type_requests', 'Requests'),
	('en', 'log_type_users', 'Users'),
	('en', 'longitude', 'Longitude'),
	('en', 'low_stock_subj', 'Low inventory of "[product]"'),
	('en', 'mac_key', 'Mac key'),
	('en', 'mailing_lists', 'Mailing lists'),
	('en', 'mail_message', 'Mail message'),
	('en', 'mail_subject', 'Mail subject'),
	('en', 'main', 'Main'),
	('en', 'mainbox_general', 'Mainbox general'),
	('en', 'mainbox_simple', 'Mainbox simple'),
	('en', 'maintenance', 'Maintenance'),
	('en', 'main_category', 'Main category'),
	('en', 'make_default', 'Make default'),
	('en', 'manage', 'Manage'),
	('en', 'manage_addons', 'Manage Add-ons'),
	('en', 'manage_blocks', 'Manage blocks'),
	('en', 'manage_categories', 'Manage categories'),
	('en', 'manage_existing_block', 'Edit Existing Blocks'),
	('en', 'manage_items', 'Manage items'),
	('en', 'manage_languages', 'Manage languages'),
	('en', 'manage_menus', 'Manage menus'),
	('en', 'manage_pages', 'Manage pages'),
	('en', 'manage_products', 'Manage products'),
	('en', 'manage_reports', 'Manage reports'),
	('en', 'manage_shippings', 'Shipping methods'),
	('en', 'manage_sitemap', 'Manage sitemap'),
	('en', 'manage_stores', 'Manage stores'),
	('en', 'mandatory', 'Required'),
	('en', 'manually', 'Manually'),
	('en', 'manually_set_tax_rates', 'Manually set tax rates'),
	('en', 'mark', 'Mark as resolved'),
	('en', 'marketing', 'Marketing'),
	('en', 'maximum_items_in_box', 'Maximum items in box'),
	('en', 'max_amount', 'Total cost'),
	('en', 'max_box_weight', 'Max box weight'),
	('en', 'max_downloads', 'Max downloads'),
	('en', 'max_item', 'Number of items'),
	('en', 'max_order_qty', 'Maximum order quantity'),
	('en', 'max_uploading_file_size', 'Max uploading file size'),
	('en', 'max_\nuploading_file_size_hint', 'Leave this field empty to allow uploading of files of any size, or limit the file size ("100" is equal to 100 Kb)'),
	('en', 'mb_amounts_not_match', 'The amount value received in status request differs from the original order total'),
	('en', 'mb_currencies_not_match', 'The currency value received in status request differs from the store currency'),
	('en', 'mb_md5_hashes_not_match', 'The md5 hash value received in status request differs from the calculated one'),
	('en', 'mb_transaction_id', 'MB Transaction ID'),
	('en', 'md5_checksum_failed', 'MD5 checksum failed'),
	('en', 'md5_hash_value', 'MD5 hash value'),
	('en', 'menu', 'Menu'),
	('en', 'menus', 'Menus'),
	('en', 'menu_items', 'Items for menu'),
	('en', 'merchantid', 'Merchant ID'),
	('en', 'merchant_email', 'Merchant Notification Email'),
	('en', 'merchant_firstname', 'Merchant first name'),
	('en', 'merchant_id', 'Merchant ID'),
	('en', 'merchant_key', 'Merchant key'),
	('en', 'merchant_lastname', 'Merchant last name'),
	('en', 'merchant_login', 'Merchant login'),
	('en', 'merchant_name', 'Merchant name'),
	('en', 'merchant_pin', 'Merchant PIN'),
	('en', 'merchant_response_was_not_received', 'No response from the merchant received. Please check this transaction manually.'),
	('en', 'merchant_site_id', 'Merchant site ID'),
	('en', 'merchant_warrior_api_key', 'API Key.'),
	('en', 'merchant_warrior_api_passphrase', 'API Passphrase.'),
	('en', 'merge', 'Merge'),
	('en', 'message', 'Message'),
	('en', 'messages', 'Messages'),
	('en', 'meta_description', 'Meta description'),
	('en', 'meta_keywords', 'Meta keywords'),
	('en', 'method', 'Method'),
	('en', 'minimized', 'Minimized'),
	('en', 'minimum_commission_payment', 'Minimum commission payment'),
	('en', 'minimum_items_in_box', 'Minimum items in box'),
	('en', 'minutes', 'minute(s)'),
	('en', 'min_order_qty', 'Minimum order quantity'),
	('en', 'missing_variants_handling', 'Missing variants handling'),
	('en', 'modifier', 'Modifier'),
	('en', 'modify_profile', 'Modify Profile'),
	('en', 'modify_selected', 'Modify selected'),
	('en', 'month', 'Month'),
	('en', 'months', 'month(s)'),
	('en', 'month_name_1', 'January'),
	('en', 'month_name_10', 'October'),
	('en', 'month_name_11', 'November'),
	('en', 'month_name_12', 'December'),
	('en', 'month_name_2', 'February'),
	('en', 'month_name_3', 'March'),
	('en', 'month_name_4', 'April'),
	('en', 'month_name_5', 'May'),
	('en', 'month_name_6', 'June'),
	('en', 'month_name_7', 'July'),
	('en', 'month_name_8', 'August'),
	('en', 'month_name_9', 'September'),
	('en', 'month_name_abr_1', 'Jan'),
	('en', 'month_name_abr_10', 'Oct'),
	('en', 'month_name_abr_11', 'Nov'),
	('en', 'month_name_abr_12', 'Dec'),
	('en', 'month_name_abr_2', 'Feb'),
	('en', 'month_name_abr_3', 'Mar'),
	('en', 'month_name_abr_4', 'Apr'),
	('en', 'month_name_abr_5', 'May'),
	('en', 'month_name_abr_6', 'Jun'),
	('en', 'month_name_abr_7', 'Jul'),
	('en', 'month_name_abr_8', 'Aug'),
	('en', 'month_name_abr_9', 'Sep'),
	('en', 'more', 'More'),
	('en', 'more_info', 'More info'),
	('en', 'more_link', '[more]'),
	('en', 'more_sign_in_options', 'Back to more sign in options'),
	('en', 'more_than', 'More than'),
	('en', 'more_w_ellipsis', 'More...'),
	('en', 'most_popular', 'Most popular'),
	('en', 'most_popular_addons', 'Most popular add-ons'),
	('en', 'mr', 'Mr.'),
	('en', 'ms', 'Ms.'),
	('en', 'tmpl_multicolumns_small', 'Multicolumns small'),
	('en', 'tmpl_multicolumn_list', 'Multi-column list'),
	('en', 'multiple', 'Multiple'),
	('en', 'multiple_selectbox_notice', '<p>To select several items, press and hold the CTRL key and click on the required items.</p>'),
	('en', 'multiupload', 'Multiupload'),
	('en', 'my_account', 'My account'),
	('en', 'my_account_links', 'My account links'),
	('en', 'my_points', 'My points'),
	('en', 'na', 'N/A'),
	('en', 'name', 'Name'),
	('en', 'navigation', 'Navigation'),
	('en', 'navi_pages', 'Pages'),
	('en', 'neighbours', 'Neighbours'),
	('en', 'new', 'New'),
	('en', 'newest', 'Newest'),
	('en', 'new_administrator_password', 'New administrator password'),
	('en', 'new_category', 'New category'),
	('en', 'new_chart', 'New chart'),
	('en', 'new_combination', 'New combination'),
	('en', 'new_currency', 'New currency'),
	('en', 'new_customer', 'New customer'),
	('en', 'new_feature', 'New feature'),
	('en', 'new_file', 'New file'),
	('en', 'new_filter', 'New filter'),
	('en', 'new_folder', 'New folder'),
	('en', 'new_group', 'New group'),
	('en', '\nnew_items', 'New item'),
	('en', 'new_language', 'New language'),
	('en', 'new_language_variable', 'New language variable'),
	('en', 'new_layout', 'New layout'),
	('en', 'new_link', 'New link'),
	('en', 'new_localization', 'New localization'),
	('en', 'new_location', 'New location'),
	('en', 'new_menu', 'New menu'),
	('en', 'new_option', 'New option'),
	('en', 'new_orders', 'New orders'),
	('en', 'new_page', 'New page'),
	('en', 'new_payments', 'New payment method'),
	('en', 'new_payout', 'New payout'),
	('en', 'new_post', 'New post'),
	('en', 'new_product', 'New product'),
	('en', 'new_profile', 'New profile'),
	('en', 'new_profile_field', 'New profile field'),
	('en', 'new_profile_notification', 'New [user_type] profile notification'),
	('en', 'new_promotion', 'New promotion'),
	('en', 'new_report', 'New report'),
	('en', 'new_saved_search', 'New saved search'),
	('en', 'new_section', 'New section'),
	('en', 'new_shipment', 'New shipment'),
	('en', 'new_shipment_was_created', 'New shipment was created'),
	('en', 'new_shipping_method', 'New shipping method'),
	('en', 'new_site_map_section', 'New sitemap section'),
	('en', 'new_states', 'New state(s) for the selected country'),
	('en', 'new_status', 'New status'),
	('en', 'new_tab', 'New tab'),
	('en', 'new_tax', 'New tax'),
	('en', 'new_usergroups', 'New user group(s)'),
	('en', 'new_user_profile', 'New user profile'),
	('en', 'new_vendor', 'New store'),
	('en', 'new_zealand', 'New Zealand'),
	('en', 'next', 'Next'),
	('en', 'next_step', 'Next step'),
	('en', 'no', 'No'),
	('en', 'nocombination', 'Unfortunately this combination is not accessible'),
	('en', 'none', 'None'),
	('en', 'normal', 'Normal'),
	('en', 'norway', 'Norway'),
	('en', 'norwegian', 'Norwegian'),
	('en', 'note', 'Note'),
	('en', 'notes', 'Notes'),
	('en', 'notice', 'Notice'),
	('en', 'notice_too_many_decimals', 'You have specified [DECIMALS] decimal places for [CURRENCY]. The maximum number of supported decimal places is 2. Further values will be displayed as zeros.'),
	('en', 'notice_undeliverable_products_removed', 'Undeliverable products have been removed from your cart. You may proceed with the purchase.'),
	('en', 'notice_update_customer_details', 'The customer updated the email address in the profile. Select the check box to update the order details:'),
	('en', 'notify_customer', 'Notify customer'),
	('en', 'notify_orders_department', 'Notify orders department'),
	('en', 'notify_user', 'Notify user'),
	('en', 'notify_vendor', 'Notify store owner'),
	('en', 'notify_when_back_in_stock', 'Notify me when this product is back in stock'),
	('en', 'not_active', 'Not active'),
	('en', 'not_active_file_notice', 'This file will be available for downloading only after the administrator approves them'),
	('en', 'not_a_member', 'Not a member'),
	('en', 'not_installed', 'Not installed'),
	('en', 'not_scroll_automatically', 'Do not scroll automatically'),
	('en', 'no_categories_available', 'No categories available'),
	('en', 'no_data', 'No data found'),
	('en', 'no_data_found', 'No data found that satisfies this chart conditions'),
	('en', 'no_files', 'No files'),
	('en', 'no_image', 'No image'),
	('en', 'no_items', 'No items defined'),
	('en', 'no_items_found', 'No items found matching the search criteria'),
	('en', 'no_menus', 'No menus'),
	('en', 'no_products_for_shipment', 'There are no products for shipment'),
	('en', 'no_products_selected', 'No products selected'),
	('en', 'no_rates_for_empty_cart', '<p class="error-text" align="center">Your cart is empty and the shipping cost cannot be estimated</p>'),
	('en', 'no_shipping_required', 'No shipping required'),
	('en', 'no_such_coupon', 'The entered code cannot be applied, because it does not meet the requirements.'),
	('en', 'no_themes_available', 'No themes available'),
	('en', 'no_users_found', 'No users found'),
	('en', 'number', 'Number'),
	('en', 'number_of_columns', 'Number of columns in the objects list'),
	('en', 'object', 'Object'),
	('en', 'object_does_not_exist', 'The object doesn\'t exist'),
	('en', 'object_exists', 'Object of the same name already exists. Do you want to overwrite it?'),
	('en', 'object_not_found', 'The [object] not found'),
	('en', 'of', 'of'),
	('en', 'off', 'Off'),
	('en', 'offline', 'Offline'),
	('en', 'offset', 'Offset'),
	('en', 'ok', 'OK'),
	('en', 'old_price', 'Old price'),
	('en', 'on', 'on'),
	('en', 'once_per_customer', 'Once per customer'),
	('en', '\nonclick_dropdown', 'Onclick-dropdown'),
	('en', 'online_only', 'Online only'),
	('en', 'on_off', 'On/Off'),
	('en', 'on_site_template_editing', 'On-site template editing'),
	('en', 'on_site_text_editing', 'On-site text editing'),
	('en', 'open', 'Open'),
	('en', 'open_action', 'Open'),
	('en', 'open_file_or_create_new', 'Open a file or create a new one to get started.'),
	('en', 'open_in_new_window', 'Open in new window'),
	('en', 'open_store', 'Open storefront'),
	('en', 'optimize_database', 'Optimize database'),
	('en', 'optimizing_table', 'Optimizing table'),
	('en', 'options', 'Options'),
	('en', 'options_for', 'Options for'),
	('en', 'options_have_been_applied_to_products', 'Options have been successfully applied to the selected products'),
	('en', 'options_menu_description', 'Manage global product options and option variants in your store.'),
	('en', 'options_settings', 'Options settings'),
	('en', 'options_type', 'Options type'),
	('en', 'option_combinations', 'Option combinations'),
	('en', 'option_name', 'Option name'),
	('en', 'option_unlinked', 'Global option "[option_name]" has been deactivated for the product'),
	('en', 'option_variants', 'Option variants'),
	('en', 'opt_currency_name', 'Show currency titles'),
	('en', 'opt_currency_symbol', 'Use currency symbols instead of titles'),
	('en', 'opt_language_icon', 'Use language icons instead of names'),
	('en', 'opt_language_name', 'Show language names'),
	('en', 'or', 'or'),
	('en', 'order', 'Order'),
	('en', 'ordered_products', 'Ordered products'),
	('en', 'orders', 'Orders'),
	('en', 'orders_not_allow_to_change_company', 'Company has not been changed. It is not allowed to change the company when editing an order.'),
	('en', 'orders_no_items', 'Use the "Add products" button above to add products to order.'),
	('en', 'order_by_status', 'Order by status'),
	('en', 'order_date', 'Order date'),
	('en', 'order_details', 'Order details'),
	('en', 'order_discount', 'Order discount'),
	('en', 'order_id', 'Order ID'),
	('en', 'order_info', 'Order information'),
	('en', 'order_items', 'Order items'),
	('en', 'order_landing_page', 'Order landing page'),
	('en', 'order_management', 'Order management'),
	('en', 'order_placed', 'Order placed'),
	('en', 'order_prefix', 'Order prefix'),
	('en', 'order_search', 'Search order'),
	('en', 'order_status', 'Order status'),
	('en', 'order_statuses', 'Order statuses'),
	('en', 'order_statuses_menu_description', 'Add new or edit existing order statuses.'),
	('en', 'order_total', 'Order Total'),
	('en', 'order_total_not_correct', 'The paid total amount does not match the order total'),
	('en', 'order_was_not_placed', 'Order was not placed'),
	('en', 'original', 'Original'),
	('en', 'origination', 'Origination'),
	('en', 'or_saved_search', 'or any item from the saved search'),
	('en', 'or_use', 'Or use'),
	('en', 'others', 'Others'),
	('en', 'other_addons', 'Other add-ons'),
	('en', 'output', 'Output'),
	('en', 'out_of_stock_actions', 'Out of stock actions'),
	('en', 'out_of_stock_products', 'Out of stock'),
	('en', 'override_by_dispatch', 'Override locations by dispatch'),
	('en', 'override_by_this', 'Use this content for all the block instances'),
	('en', 'override_product_data', 'Apply values to all the selected products'),
	('en', 'owner', 'Owner'),
	('en', 'p21agree', 'Please type "AGREE" or "DISAGREE" in the box provided'),
	('en', 'p21agree_tooltip', 'By typing AGREE in the below box I am providing my signature as authorization to Payment21&reg; to electronically debit my account for the amount I have entered. I also understand and expressly authorize the merchant, if my eCheck payment is dishonored or returned for any reason, to electronically debit my account for the amount of the eCheck payment plus an NSF fee not to exceed the state maximum legal limit. I will print or save this page for my records. I can call 1-888-770-0850 for 24/7 support with any questions regarding this payment transaction.'),
	('en', 'package', 'Package'),
	('en', 'packages', 'Packages'),
	('en', 'package_contents', 'Package contents'),
	('en', 'package_type', 'Package type'),
	('en', 'packing_slip', 'Packing slip'),
	('en', 'packing_slip_for_order', 'Packing slip for order'),
	('en', 'page', 'Page'),
	('en', 'pages', 'Pages'),
	('en', 'page_cloned', 'The page <b>[page]</b> has been cloned successfully. Now you can edit the new \npage'),
	('en', 'page_id', 'Page ID'),
	('en', 'page_link', 'Page URL'),
	('en', 'page_name', 'Page name'),
	('en', 'page_not_found', 'Page Not Found'),
	('en', 'page_not_found_text', 'The page you have requested cannot be found.'),
	('en', 'page_title', 'Page title'),
	('en', 'paid_amount', 'Paid amount'),
	('en', 'param', 'Parameter'),
	('en', 'parameter', 'Object to analyze'),
	('en', 'parameter_name', 'Parameter name'),
	('en', 'parent_category', 'Parent category'),
	('en', 'parent_category_id', 'Parent category'),
	('en', 'parent_item', 'Parent item'),
	('en', 'parent_page', 'Parent page'),
	('en', 'parent_page_id', 'Parent page'),
	('en', 'partner', 'Partner'),
	('en', 'passphrase', 'Pass-phrase'),
	('en', 'passport_number', 'Passport number'),
	('en', 'password', 'Password'),
	('en', 'path_to_files', 'Full path to the "atos" files'),
	('en', 'pause_delay', 'Pause delay (in seconds)'),
	('en', 'payflowcolor', 'Payflow color'),
	('en', 'payment', 'Payment'),
	('en', 'payments', 'Payments'),
	('en', 'payments.cresecure.location_notice', '<b>Please note:</b><br>1. This payment requires the https checkout option to be enabled!<br>2. By default, the Checkout location is shown to a user on payment placing. In order to show a different location, create a new location with the dispatch \'checkout.cresecure_template\' in the <a href="[url]" target="_blank">Layout manager</a>.'),
	('en', 'payments.epdq.bgcolor', 'Background color'),
	('en', 'payments.epdq.btn_bgcolor', 'Button background color'),
	('en', 'payments.epdq.btn_textcolor', 'Button text color'),
	('en', 'payments.epdq.font_type', 'Font type'),
	('en', 'payments.epdq.hash_error', 'Sorry, the hash string does not match'),
	('en', 'payments.epdq.instructions', '<ol><li><p>Enter the following URL in the "Technical information"→"Transaction feedback" section in the ePDQ admin area:</p><p>for the "accepted" and "cancelled" payments: [url]</p></li><li>Make sure that the "Timing of the request" is set to "Always online", and "Request method" is set to "POST"</li><li>Define the "SHA-OUT pass phrase" value in the ePDQ admin area as you like, then duplicate it in the "SHA-IN pass phrase" field in the "Data and origin verification" section, and also in the "Pass-phrase" field below</li><li>Make sure that the "Default operation code" option in the ePDQ admin area has the same value as the "Transaction type" option value below</li><li>Set the "Hash algorithm" parameter to "SHA-1" in the "Global security parameters" section in the ePDQ admin area</li></ol>'),
	('en', 'payments.epdq.pspid', 'EPDQ pspid'),
	('en', 'payments.epdq.tbl_bgcolor', 'Table background color'),
	('en', 'payments.epdq.tbl_textcolor', 'Table text color'),
	('en', 'payments.epdq.textcolor', 'Text color'),
	('en', 'payments.epdq.title', 'Title'),
	('en', 'payments.signin_to_checkout', '<a href=[url]>Sign in</a> to check out'),
	('en', 'payments_tab1', 'Credit card'),
	('en', 'payments_tab2', 'Internet Payments'),
	('en', 'payments_tab3', 'Other Payment Options'),
	('en', 'payment_amount', 'Payment amount'),
	('en', 'payment_category', 'Payment category'),
	('en', 'payment_category_note', 'Payment categories tabs will NOT be displayed if all the active payments belong to the same category'),
	('en', 'payment_details', 'Payment details'),
	('en', 'payment_form_url', 'Payment Form URL'),
	('en', 'payment_info', 'Payment type'),
	('en', 'payment_information', 'Payment information'),
	('en', 'payment_instructions', 'Payment instructions'),
	('en', 'payment_method', 'Payment method'),
	('en', 'payment_methods', 'Payment methods'),
	('en', 'payment_response_password', 'Payment Response password'),
	('en', 'payment_surcharge', 'Payment surcharge'),
	('en', 'payment_type', 'Payment type'),
	('en', 'paypal_authentication_method', 'PayPal authentication method'),
	('en', 'paypal_item_name', 'Name of the item (or a name for the Shopping Cart)'),
	('en', 'paypal_security_error', 'Your order was not placed: the recipient PayPal account is wrong.'),
	('en', 'pay_from_email', 'Customer email'),
	('en', 'pay_order_again', 'Pay order again'),
	('en', 'pay_to_email', 'Email address of the Merchant'),
	('en', 'pending', 'Pending'),
	('en', 'per', 'Per [object]'),
	('en', 'percent', 'Percent'),
	('en', 'period', 'Period'),
	('en', 'per_item', 'Per Item'),
	('en', 'per_page', 'Per Page'),
	('en', 'phone', 'Phone'),
	('en', 'phone1_label', 'Phone'),
	('en', 'phone2_label', 'International'),
	('en', 'phpinfo', 'PHP information'),
	('en', 'pick_store', 'Pick a store'),
	('en', 'pie', 'Pie'),
	('en', 'pie_3d', 'Pie 3D'),
	('en', 'pixels', 'pixels'),
	('en', 'place_order', 'Place order'),
	('en', 'placing_order', 'Placing the order'),
	('en', 'plain', 'Plain'),
	('en', 'platform', 'Platform'),
	('en', 'please_be_patient', 'Please be patient'),
	('en', 'please_enter_license_here', 'Please enter license number here'),
	('en', 'please_select_one', 'Please, select one'),
	('en', 'please_sign_in', 'Please sign in'),
	('en', 'polish', 'Polish'),
	('en', 'poor', 'Poor'),
	('en', 'popularity', 'Popularity'),
	('en', 'popup', 'Popup'),
	('en', 'popup_larger_image', 'Popup larger image'),
	('en', 'portugese', 'Portuguese'),
	('en', 'posid', 'Pos ID'),
	('en', 'position', 'Position'),
	('en', 'positions_updated', 'Positions of items were updated'),
	('en', 'position_short', 'Pos.'),
	('en', 'postal_mail', 'Postal mail'),
	('en', 'postauth', 'Postauth'),
	('en', 'post_url', 'Post URL'),
	('en', 'powered_by', 'Powered by'),
	('en', 'po_number', 'PO number'),
	('en', 'preauth', 'Preauth'),
	('en', 'preauthorization', 'Preauthorization'),
	('en', 'prefix', 'Prefix'),
	('en', 'preshared_key', 'PreShared Key'),
	('en', 'prev', 'Prev.'),
	('en', 'preview', 'Preview'),
	('en', 'previous', 'Previous'),
	('en', 'previous_month', 'Previous month'),
	('en', 'previous_period', 'Previous period'),
	('en', 'previous_week', 'Previous week'),
	('en', 'previous_year', 'Previous year'),
	('en', 'prev_page', 'Prev'),
	('en', 'price', 'Price'),
	('en', 'price_decreased', 'Price has been decreased by'),
	('en', 'price_dec_sign_delimiter', 'Price decimal separator'),
	('en', 'price_includes_tax', 'Price includes tax'),
	('en', 'price_increased', 'Price has been increased by'),
	('en', 'price_in_points', 'Price in points'),
	('en', 'price_summary', 'Price summary'),
	('en', 'pricing_inventory', 'Pricing / inventory'),
	('en', 'primary', 'Primary'),
	('en', 'primary_currency', 'Primary currency'),
	('en', 'print_card', 'Print card'),
	('en', 'print_credit_memo', 'Print credit memo'),
	('en', 'print_invoice', 'Print invoice'),
	('en', 'print_order_details', 'Print order details'),
	('en', 'print_packing_slip', 'Print packing slip'),
	('en', 'print_pdf_packing_slip', 'Print packing slip (pdf)'),
	('en', 'print_pdf_credit_memo', 'Print credit memo (pdf)'),
	('en', 'print_pdf_invoice', 'Print invoice (pdf)'),
	('en', 'print_pdf_order_details', 'Print order details (pdf)'),
	('en', 'print_slip', 'Print slip'),
	('en', 'priority', 'Priority'),
	('en', 'private', 'Private'),
	('en', 'private_customer_settings', 'Private customer settings'),
	('en', 'privilege', 'Privilege'),
	('en', 'privileges', 'Privileges'),
	('en', 'privileges.change_order_status', 'Change order status'),
	('en', 'privileges.create_order', 'Create order'),
	('en', 'privileges.database_maintenance', 'Database maintenance'),
	('en', 'privileges.delete_logs', 'Delete logs'),
	('en', 'privileges.delete_orders', 'Delete orders'),
	('en', 'privileges.edit_blocks', 'Edit blocks'),
	('en', 'privileges.edit_order', 'Edit order'),
	('en', 'privileges.edit_files', 'Edit files'),
	('en', 'privileges.exim_access', 'Import and export data'),
	('en', 'privileges.manage_catalog', 'Manage catalog'),
	('en', 'privileges.manage_currencies', 'Manage currencies'),
	('en', 'privileges.manage_design', 'Manage design'),
	('en', 'privileges.manage_languages', 'Manage languages'),
	('en', 'privileges.manage_locations', 'Manage locations'),
	('en', 'privileges.manage_order_statuses', 'Manage order statuses'),
	('en', 'privileges.manage_pages', 'Manage pages'),
	('en', 'privileges.manage_payments', 'Manage payments'),
	('en', 'privileges.manage_promotions', 'Manage promotion system'),
	('en', 'privileges.manage_reports', 'Manage reports'),
	('en', 'privileges.manage_shipping', 'Manage shipping'),
	('en', 'privileges.manage_sitemap', 'Manage sitemap'),
	('en', 'privileges.manage_static_data', 'Manage static data'),
	('en', 'privileges.manage_storage', 'Manage storage'),
	('en', 'privileges.manage_stores', 'Manage stores'),
	('en', 'privileges.manage_taxes', 'Manage taxes'),
	('en', 'privileges.manage_themes', 'Manage themes'),
	('en', 'privileges.manage_translation', 'On-site text editing'),
	('en', 'privileges.manage_usergroups', 'Manage user \ngroups'),
	('en', 'privileges.manage_users', 'Manage users'),
	('en', 'privileges.update_settings', 'Update settings'),
	('en', 'privileges.upgrade_store', 'Upgrade store'),
	('en', 'privileges.view_catalog', 'View catalog'),
	('en', 'privileges.view_currencies', 'View currencies'),
	('en', 'privileges.view_languages', 'View languages'),
	('en', 'privileges.view_locations', 'View locations'),
	('en', 'privileges.view_logs', 'View logs'),
	('en', 'privileges.view_orders', 'View orders'),
	('en', 'privileges.view_pages', 'View pages'),
	('en', 'privileges.view_payments', 'View payments'),
	('en', 'privileges.view_reports', 'View reports'),
	('en', 'privileges.view_settings', 'View settings'),
	('en', 'privileges.view_shipping', 'View shipping'),
	('en', 'privileges.view_static_data', 'View static data'),
	('en', 'privileges.view_stores', 'View stores'),
	('en', 'privileges.view_taxes', 'View taxes'),
	('en', 'privileges.view_usergroups', 'View user groups'),
	('en', 'privileges.view_users', 'View users'),
	('en', 'privilege_sections.addons', 'Addons'),
	('en', 'privilege_sections.administration', 'Administration'),
	('en', 'privilege_sections.cart', 'Cart'),
	('en', 'privilege_sections.catalog', 'Catalog'),
	('en', 'privilege_sections.cms', 'CMS'),
	('en', 'privilege_sections.design', 'Look and Feel'),
	('en', 'privilege_sections.orders', 'Orders'),
	('en', 'privilege_sections.users', 'Users'),
	('en', 'privilege_sections.vendors', 'Stores'),
	('en', 'proceed', 'Proceed'),
	('en', 'proceed_to_checkout', 'Proceed to checkout'),
	('en', 'proceed_to_the_next_step', 'Proceed to the next step'),
	('en', 'processed', 'Processed'),
	('en', 'processing', 'Processing'),
	('en', 'processing_order', 'Processing order'),
	('en', 'processor', 'Processor'),
	('en', 'processor_description_cardsave', 'Merchant Accounts provided by Cardsave, <a href="http://www.cardsave.net">www.cardsave.net</a><br/><br/>Email: <a href=\'mailto:ecomm@cardsave.net\'>ecomm@cardsave.net</a>'),
	('en', 'processor_description_p21', '<b>P21 Simple API</b> enables you to accept check payments. It offers the industry\'s most comprehensive suite of check image creation and clearing solutions. With Check 21, you will receive your funds within the same day by check or direct deposit.<br/><br/>To activate the Check 21 option, please contact us via email at: <a href="mailto:support@payment21.com">support@payment21.com</a> or by phone at: 1-888-770-0850 (US Toll Free) or 0041-71-740-1629 (International).<br/><br/><a href="http://www.payment21.com" target="_blank">www.payment21.com</a>'),
	('en', 'processor_id', 'Processor ID'),
	('en', 'process_selected', 'Process selected'),
	('en', 'product', 'Product'),
	('en', 'products', 'Products'),
	('en', 'products2', 'Products2'),
	('en', 'products_added_to_cart', 'The products were added to your cart'),
	('en', 'products_amount', 'Product quantity'),
	('en', 'products_bar', 'Products bar'),
	('en', 'products_cost', 'Products cost'),
	('en', 'products_for_shipment_not_selected', 'Products for shipment were not selected'),
	('en', 'products_found', 'Products found'),
	('en', 'products_grid', 'Products grid'),
	('en', 'products_information', 'Products information'),
	('en', 'products_in_cart', 'Products in cart'),
	('en', 'products_links_type', 'Products links type'),
	('en', 'products_menu_description', 'View, add and edit products that are shown to visitors of your store.'),
	('en', 'products_required', 'Please add product(s)'),
	('en', 'products_stat', 'Product statistics'),
	('en', 'products_weight', 'Products weight'),
	('en', 'products_were_sent', 'The products have been sent out to you. The order information is given below'),
	('en', 'product_added_to_cart', 'The product was added to your cart'),
	('en', 'product_added_to_cl', 'The product was added to your Compare list'),
	('en', 'product_cannot_be_added', 'The product cannot be added to cart. Check if all the uploading files meet the necessary conditions'),
	('en', 'product_code', 'Product code'),
	('en', 'product_columns', 'Product columns'),
	('en', 'product_combinations', 'Product combinations'),
	('en', 'product_coming_soon', 'This product can\'t be added to cart now. It will be available on [avail_date]'),
	('en', 'product_coming_soon_add', 'This product will be shipped on [avail_date]'),
	('en', 'product_details', '\nProduct details page'),
	('en', 'product_details_view', 'Product details view'),
	('en', 'product_feature_cannot_assigned', 'The feature "[feature_name]" cannot be assigned to the product "[product_name]"'),
	('en', 'product_fields', 'Product fields'),
	('en', 'product_filters_free_limit', 'The shop is running in the Free mode. Only the first 3 filters are shown in the customer area.'),
	('en', 'product_groups', 'Product groups'),
	('en', 'product_id', 'Product ID'),
	('en', 'product_images', 'Product images'),
	('en', 'product_inventory', 'Product inventory'),
	('en', 'product_in_cart', 'This product is already in the cart'),
	('en', 'product_in_compare_list', 'This product is already in the compare list'),
	('en', 'product_name', 'Product name'),
	('en', 'product_notification_subscribed', 'You have been subscribed to the product in stock notifications'),
	('en', 'product_notification_unsubscribed', 'You have been unsubscribed from the product in stock notifications'),
	('en', 'product_options', 'Product options'),
	('en', 'product_options_forbidden_combination', 'The <strong>[product]</strong> product has options that are included in the forbidden combination. The product was deleted from the cart'),
	('en', 'product_s', 'Product(s)'),
	('en', 'product_subscriptions', 'Product subscriptions'),
	('en', 'product_summary', 'Product summary'),
	('en', 'product_tabs', 'Product tabs'),
	('en', 'product_type', 'Product type'),
	('en', 'profile', 'Profile'),
	('en', 'profiles', 'Profiles'),
	('en', 'profile_activated', 'Profile activated'),
	('en', 'profile_details', 'Profile details'),
	('en', 'profile_fields', 'Profile fields'),
	('en', 'profile_fields_menu_description', 'Configure the set of fields included in the profile forms.'),
	('en', 'profile_info', 'Profile information'),
	('en', 'profile_name', 'Profile name'),
	('en', 'project_id', 'Project ID'),
	('en', 'project_password', 'Project password'),
	('en', 'prolongate_download_key', 'Prolong download key to'),
	('en', 'promotion', 'Promotion'),
	('en', 'promotions', 'Promotions'),
	('en', 'promotions_menu_description', 'Promote goods and offer bonuses basing on customers memberships.'),
	('en', 'promotion_bonus_discount_on_categories', 'Discount on all products in categories'),
	('en', 'promotion_bonus_discount_on_products', 'Discount on products'),
	('en', 'promotion_bonus_free_products', 'Free products'),
	('en', 'promotion_bonus_free_shipping', 'Free shipping'),
	('en', 'promotion_bonus_give_coupon', 'Give coupon'),
	('en', 'promotion_bonus_give_points', 'Give points'),
	('en', 'promotion_bonus_give_usergroup', 'Give user group'),
	('en', 'promotion_bonus_order_discount', 'Order discount'),
	('en', 'promotion_bonus_product_discount', 'Product discount'),
	('en', 'promotion_cond_auto_coupons', 'Automatically generated coupon codes'),
	('en', 'promotion_cond_categories', 'Categories'),
	('en', 'promotion_cond_country', 'Customer country (shipping)'),
	('en', 'promotion_cond_coupon_code', 'Coupon code'),
	('en', 'promotion_cond_feature', 'Product feature'),
	('en', 'promotion_cond_number_of_usages', 'Number of usages'),
	('en', 'promotion_cond_once_per_customer', 'Once per customer'),
	('en', 'promotion_cond_payment', 'Payment method'),
	('en', 'promotion_cond_price', 'Product price'),
	('en', 'promotion_cond_products', 'Products'),
	('en', 'promotion_cond_products_number', 'Total products in the cart'),
	('en', 'promotion_cond_purchased_products', 'Purchased products'),
	('en', 'promotion_cond_state', 'Customer state (shipping)'),
	('en', 'promotion_cond_subtotal', 'Order subtotal'),
	('en', 'promotion_cond_total', 'Order total'),
	('en', 'promotion_cond_total_weight', 'Total products weight in the cart'),
	('en', 'promotion_cond_usergroup', 'User group'),
	('en', 'promotion_cond_users', 'Users'),
	('en', 'promotion_cond_zip_postal_code', 'Customer zip/postal code (shipping)'),
	('en', 'promotion_op_amount', 'amount'),
	('en', 'promotion_op_cont', 'contains'),
	('en', 'promotion_op_eq', 'equal'),
	('en', 'promotion_op_gt', 'greater'),
	('en', 'promotion_op_gte', 'equal or greater'),
	('en', 'promotion_op_in', 'in'),
	('en', 'promotion_op_lt', 'less'),
	('en', 'promotion_op_lte', 'equal or less'),
	('en', 'promotion_op_ncont', 'doesn\'t contain'),
	('en', 'promotion_op_neq', 'not equal'),
	('en', 'promotion_op_nin', 'not in'),
	('en', 'promo_code', '\nPromo code'),
	('en', 'promo_text', 'Promo text'),
	('en', 'properties', 'Properties'),
	('en', 'provider', 'Provider'),
	('en', 'pspid', 'PSPID'),
	('en', 'public', 'Public'),
	('en', 'purchased_in_orders', 'Purchased in orders'),
	('en', 'purchased_qty', 'Purchased qty'),
	('en', 'purchasers_name', 'From'),
	('en', 'qty', 'Qty'),
	('en', 'qty_discounts', 'Quantity discounts'),
	('en', 'qty_discount_type_tooltip', 'Fixed amount/Percentage to be taken off the price'),
	('en', 'quantity', 'Quantity'),
	('en', 'quantity_step', 'Quantity step'),
	('en', 'query', 'Query'),
	('en', 'quick_checkout', 'Quick checkout'),
	('en', 'quick_links', 'Quick links'),
	('en', 'quick_menu', 'Quick menu'),
	('en', 'quick_product_viewer', 'Quick product viewer'),
	('en', 'quick_view', 'Quick view'),
	('en', 'radiogroup', 'Radio group'),
	('en', 'random', 'Random'),
	('en', 'range', 'Range'),
	('en', 'ranges', 'Ranges'),
	('en', 'range_from', 'From'),
	('en', 'range_to', 'To'),
	('en', 'rank_number', 'Rank (\'machine\') number'),
	('en', 'rates_depend_on', 'Rates depend on'),
	('en', 'rate_calculation', 'Rate calculation'),
	('en', 'rate_calculation_manual', 'Manual (by defined location)'),
	('en', 'rate_calculation_realtime', 'Realtime'),
	('en', 'rate_value', 'Rate value'),
	('en', 'read', 'Read'),
	('en', 'readme', 'Readme'),
	('en', 'read_more_3d_secure', 'Read more about 3-D Secure'),
	('en', 'realtime_shippings', 'Shipping settings'),
	('en', 'reason', 'Reason'),
	('en', 'reasons', 'reasons'),
	('en', 'reason_text', 'Payment processor response'),
	('en', 'rebuild_cache_automatically', 'Rebuild cache automatically'),
	('en', 'rebuild_cache_automatically_tooltip', 'Modified files are tracked in real time (including the files modified directly on server) and re-cached. Store performance may be slightly affected. Recommended to disable on production.'),
	('en', 'rebuild_combinations', 'Rebuild combinations'),
	('en', 'recalculate', 'Recalculate'),
	('en', 'recalculate_rates', 'Recalculate rates'),
	('en', 'recalculate_totals', 'Recalculate totals'),
	('en', 'recent_activity', 'Recent activity'),
	('en', 'recent_orders', 'Recent orders'),
	('en', 'recent_products', 'Recently viewed'),
	('en', 'recipient', 'Recipient'),
	('en', 'recipients_name', 'To'),
	('en', 'recipient_description', 'Description of the Merchant'),
	('en', 'recommended', 'Recommended'),
	('en', 'recover_password', 'Reset password'),
	('en', 'recover_password_subj', 'Password recovery'),
	('en', 'recursively', 'Recursively'),
	('en', 'redirect_customer_from_storefront', 'Redirect visitors of this storefront to the one that has countries to which the visitors\' IP addresses belong defined'),
	('en', 'referrers', 'Referrers'),
	('en', 'referrer_domain', 'Referrer domain'),
	('en', 'refresh_packages_list', 'Refresh packages list'),
	('en', 'refund', 'Refund'),
	('en', 'refunded', 'Refunded'),
	('en', 'refunded_amount', 'Refunded amount'),
	('en', 'regexp', 'RegExp'),
	('en', 'regexp_hint', 'If you are using the regexp checking, it is necessary to set a prompting message informing of the incorrect filling of the field, otherwise, the checking will not be performed'),
	('en', 'region', 'Region'),
	('en', 'regions', 'Regions'),
	('en', 'register', 'Register'),
	('en', 'registered', 'Registered'),
	('en', 'registered_customers', 'Registered customers'),
	('en', 'register_new_account', 'Register for a new account'),
	('en', 'register_profile', 'Register profile'),
	('en', 'registration', 'Registration'),
	('en', 'regnumber', 'Registration number'),
	('en', 'related_order', 'Related order'),
	('en', 'release_date', 'Release date'),
	('en', 'remember_me', 'Remember me'),
	('en', 'remove', 'Remove'),
	('en', 'remove_backup_files', 'Remove backup files'),
	('en', 'remove_cc_info', 'Remove CC info'),
	('en', 'remove_this_item', 'Remove this item'),
	('en', 'rename', 'Rename'),
	('en', 'repay_order', 'Pay order'),
	('en', 'report', 'Report'),
	('en', 'reports', 'Reports'),
	('en', 'reports_interval_1', 'Total'),
	('en', 'reports_interval_3', 'Day'),
	('en', 'reports_interval_5', 'Week'),
	('en', 'reports_interval_7', 'Month'),
	('en', 'reports_interval_9', 'Year'),
	('en', 'reports_list', 'Reports list'),
	('en', 'reports_parameter_1', 'Order totals'),
	('en', 'reports_parameter_10', 'Shipping costs'),
	('en', 'reports_parameter_11', 'Categories'),
	('en', 'reports_parameter_12', 'Products'),
	('en', 'reports_parameter_13', 'Product costs'),
	('en', 'reports_\nparameter_14', 'The number of products'),
	('en', 'reports_parameter_2', 'The number of orders'),
	('en', 'reports_parameter_3', 'Orders'),
	('en', 'reports_parameter_4', 'Statuses of orders'),
	('en', 'reports_parameter_5', 'Payment methods'),
	('en', 'reports_parameter_6', 'Locations'),
	('en', 'reports_parameter_7', 'Users'),
	('en', 'reports_parameter_8', 'Discounts and coupons'),
	('en', 'reports_parameter_9', 'Taxes'),
	('en', 'request', 'Request'),
	('en', 'requests_count', 'Requests count'),
	('en', 'requesttype', 'Request type'),
	('en', 'request_account_name', 'Requested account name'),
	('en', 'required', 'Required'),
	('en', 'reset', 'Reset'),
	('en', 'reset_filter', 'Reset filter'),
	('en', 'reset_inventory', 'Reset inventory'),
	('en', 'reset_password', 'Reset password'),
	('en', 'resolved', 'Resolved'),
	('en', 'response', 'Response'),
	('en', 'restore', 'Restore'),
	('en', 'restore_default', 'Use default value'),
	('en', 'restore_from_repository', 'Restore from the repository'),
	('en', 'ResultCode', 'ResultCode'),
	('en', 'ResultDescription', 'ResultDescription'),
	('en', 'return', 'Return to normal view'),
	('en', 'returning_customer', 'Returning customer'),
	('en', 'return_url_target', 'Return URL target'),
	('en', 'reuse', 'Reuse'),
	('en', 'reversed', 'Reversed'),
	('en', 'revert', 'Revert'),
	('en', 're_order', 'Reorder this order'),
	('en', 'right', 'Right'),
	('en', 'right_to_left_orientation', 'Right to left orientation'),
	('en', 'risk_checking', 'Risk checking is in process. Please try reloading this page in a minute.'),
	('en', 'risk_information', 'Risk information'),
	('en', 'romanian', 'Romanian'),
	('en', 'root_category', 'Root category'),
	('en', 'root_level', 'Root level'),
	('en', 'root_page', 'Root level page'),
	('en', 'round_to', 'Round to'),
	('en', 'routing_code', 'Routing Number'),
	('en', 'runtime', 'Runtime'),
	('en', 'russian', 'Russian'),
	('en', 'sale', 'Sale'),
	('en', 'sales', 'Sales'),
	('en', 'sales_commission', 'Sales commission'),
	('en', 'sales_reports', 'Sales reports'),
	('en', 'sales_reports_menu_description', 'Detailed statistics on the sales.'),
	('en', 'same_as_source', 'same as source'),
	('en', 'save', 'Save'),
	('en', 'saved_search', 'Saved searches'),
	('en', 'save_and_close', 'Save and close'),
	('en', 'save_as', 'Save As...'),
	('en', 'save_changes', 'Save changes'),
	('en', 'save_discount', 'Save'),
	('en', 'save_layout', 'Save layout'),
	('en', 'save_layout_as', 'Save layout as'),
	('en', 'save_process_payment', 'Save and process payment'),
	('en', 'save_this_search_as', 'Save this search as'),
	('en', 'scb_text_notice', 'Please send the following URL to the SCB support to be set as PostbackURL: <br /><b>[return_url]</b>'),
	('en', 'screen', 'Screen'),
	('en', 'screen_resolution', 'Screen resolution'),
	('en', 'script', 'Script'),
	('en', 'tmpl_scroller', 'Scroller'),
	('en', 'scroller_direction', 'Auto-scroll direction'),
	('en', 'search', 'Search'),
	('en', 'search_again', 'Search again'),
	('en', 'search_by_order', 'Search by order'),
	('en', 'search_by_owner', 'Search by owner'),
	('en', 'search_by_price', 'Search by price'),
	('en', 'search_by_product_features', 'Search by product features'),
	('en', 'search_by_product_filters', 'Search by product filters'),
	('en', 'search_by_sku', 'Search by product code'),
	('en', 'search_by_vendor', 'Search by store'),
	('en', 'search_by_weight', 'Search by weight'),
	('en', 'search_engine', 'Search engine'),
	('en', 'search_for_pattern', 'Search for pattern'),
	('en', 'search_in', 'Search in'),
	('en', 'search_in_category', 'Search in category'),
	('en', 'search_in_subcategories', 'Search in subcategories'),
	('en', 'search_options', 'Search options'),
	('en', 'search_product', 'Search product'),
	('en', 'search_products', 'Search products'),
	('en', 'search_results', 'Search results'),
	('en', 'search_results_for', 'Search results for [search]'),
	('en', 'search_string', 'Search string'),
	('en', 'search_tooltip', 'Search for products, customers, orders, CMS pages and site news!'),
	('en', 'search_words', 'Search words'),
	('en', 'secret_key', 'Secret key'),
	('en', 'secret_string', 'Secret string'),
	('en', 'secret_word', 'Secret word'),
	('en', 'section', 'Section'),
	('en', 'section_is_not_completed', 'Section is not completed.'),
	('en', 'section_links', 'Section links'),
	('en', 'section_name', 'Section name'),
	('en', 'secure', 'Secure'),
	('en', 'security', 'Security'),
	('en', 'secure_\ncheckout', 'Secure checkout'),
	('en', 'secure_storefront_url', 'Secure storefront URL'),
	('en', 'secure_storefront_url_already_exists', 'The value of the <strong>Secure storefront URL</strong> parameter mentioned by you already belongs to another company.'),
	('en', 'security_settings', 'Security settings'),
	('en', 'see_demo', 'See demo'),
	('en', 'select', 'Select'),
	('en', 'selectbox', 'Select box'),
	('en', 'selected', 'Selected'),
	('en', 'selected_items', 'Selected items'),
	('en', 'select_all', 'Select all'),
	('en', 'select_all_product_options', 'You should select all product options'),
	('en', 'select_block', 'Select block'),
	('en', 'select_country', 'Select country'),
	('en', 'select_customer', 'Select customer'),
	('en', 'select_dates', 'Select dates'),
	('en', 'select_descr_lang', 'Select the description language'),
	('en', 'select_fields_to_edit', 'Select fields to edit'),
	('en', 'select_file', 'Select file'),
	('en', 'select_options', 'Select options'),
	('en', 'select_option_above', 'Select the previous option first'),
	('en', 'select_product', 'Select product'),
	('en', 'select_products', 'Select products'),
	('en', 'select_profile', 'Select profile'),
	('en', 'select_shipping_method', 'Select shipping method'),
	('en', 'select_state', 'Select state'),
	('en', 'select_tables', 'Select tables'),
	('en', 'semicolon', 'Semicolon'),
	('en', 'send', 'Send'),
	('en', 'sender', 'Sender'),
	('en', 'send_feedback', 'Help us improve [product]'),
	('en', 'send_notification', 'Send notification to selected'),
	('en', 'send_shipment_notification_to_customer', 'Send shipment notification to customer'),
	('en', 'send_shipping_address', 'Send customer shipping address'),
	('en', 'send_via', 'Send via'),
	('en', 'send_via_email', 'Send via email'),
	('en', 'send_via_postal_mail', 'Send via postal mail'),
	('en', 'seo_meta_data', 'Meta data'),
	('en', 'sequential', 'Sequential'),
	('en', 'server', 'Server'),
	('en', 'service_not_available', 'This service is not available.'),
	('en', 'settings', 'Settings'),
	('en', 'settings_wizard', 'Settings wizard'),
	('en', 'settings_wizard_close_tooltip', 'Wizard will be possible to re-open in the menu \'Settings -> Settings wizard\'.'),
	('en', 'settings_wizard_title', 'Settings wizard: Step [current_step] of [total_steps]'),
	('en', 'share', 'Share'),
	('en', 'share.congratulations_first_order', 'Congratulations on you first complete order.'),
	('en', 'share.first_order_tweet', 'Wow! The first complete order in my [product]-powered store'),
	('en', 'share.installation_tweet', 'I have just created an online store with [product_name]'),
	('en', 'sharedsec', 'SharedSec'),
	('en', 'shared_secret', 'Shared Secret'),
	('en', 'sha_sign', 'SHA-1 Signature'),
	('en', 'shipment', 'Shipment'),
	('en', 'shipments', 'Shipments'),
	('en', 'shipments_menu_description', 'View and print packing slips for shipments created from orders.'),
	('en', 'shipment_date', 'Shipment date'),
	('en', 'shipment_details', 'Shipment details'),
	('en', 'shipment_has_been_created', 'Shipment has been created'),
	('en', 'shipment_id', 'Shipment ID'),
	('en', 'shipment_info', 'Shipment information'),
	('en', 'shipped', 'Shipped'),
	('en', 'shipped_products', 'Shipped products'),
	('en', 'shipper_number', 'Shipper number'),
	('en', 'shipping', 'Shipping'),
	('en', 'shippings', 'Shippings'),
	('en', 'shippings.service_not_configured', 'Service is not configured'),
	('en', 'shippings.service_not_found', 'Service was not found'),
	('en', 'shippings_taxes', 'Shipping & taxes'),
	('en', 'shipping_address', 'Shipping address'),
	('en', 'shipping_charges', 'Shipping charges'),
	('en', 'shipping_cost', 'Shipping cost'),
	('en', 'shipping_estimation', 'Shipping estimation'),
	('en', 'shipping_freight', 'Shipping freight'),
	('en', 'shipping_information', 'Shipping information'),
	('en', 'shipping_method', 'Shipping method'),
	('en', 'shipping_methods', 'Shipping methods'),
	('en', 'shipping_methods_menu_description', 'Set of rules and parameters to calculate the cost of shipping.'),
	('en', 'shipping_name', 'Shipping name'),
	('en', 'shipping_options', 'Shipping Options'),
	('en', 'shipping_properties', 'Shipping Properties'),
	('en', 'shipping_rates', 'Shipping rates'),
	('en', 'shipping_same_as_billing', 'Are shipping and billing addresses the same?'),
	('en', 'shipping_service', 'Shipping service'),
	('en', 'shipping_tips', '<p>Products in \nstock will be sent after the payment is verified. Mail service is responsible for the goods during transportation.</p><p>Please, open the package delivered under your order the moment you receive it. If any damage is revealed, make claims against mail service.</p><p>Any questions? Contact our Customer Service at 123-12-23</p>'),
	('en', 'ship_aup_delivery_confirmation_cost', 'Delivery Confirmation cost'),
	('en', 'ship_aup_delivery_confirmation_international_cost', 'Delivery Confirmation International cost'),
	('en', 'ship_aup_rpi_fee', 'Registered Post International Parcels fee'),
	('en', 'ship_aup_use_delivery_confirmation', 'Use Delivery Confirmation'),
	('en', 'ship_can_merchant_id', 'Merchant ID'),
	('en', 'ship_dhl_additional_protection', 'Additional protection'),
	('en', 'ship_dhl_additional_protection_ap', 'Asset Protection'),
	('en', 'ship_dhl_additional_protection_nr', 'Not required'),
	('en', 'ship_dhl_cod_method', 'COD payment method'),
	('en', 'ship_dhl_cod_method_m', 'Check or Money Order'),
	('en', 'ship_dhl_cod_method_p', 'Personal or Company Check'),
	('en', 'ship_dhl_cod_payment', 'Use COD payment'),
	('en', 'ship_dhl_cod_value', 'COD surcharge'),
	('en', 'ship_dhl_height', 'Package height (inches)'),
	('en', 'ship_dhl_intl_ship_key', 'Shipping key (international)'),
	('en', 'ship_dhl_length', 'Package length (inches)'),
	('en', 'ship_dhl_shipment_type', 'Shipment type'),
	('en', 'ship_dhl_ship_hazardous', 'Ship hazardous materials'),
	('en', 'ship_dhl_ship_key', 'Shipping key'),
	('en', 'ship_dhl_system_id', 'System ID'),
	('en', 'ship_dhl_width', 'Package width (inches)'),
	('en', 'ship_fedex_ancillary_endorsement', 'Ancillary Endorsements'),
	('en', 'ship_fedex_ancillary_endorsement_address_correction', 'Address Service Requested'),
	('en', 'ship_fedex_ancillary_endorsement_carrier_leave_if_no_response', 'Carrier Leave If No Response'),
	('en', 'ship_fedex_ancillary_endorsement_change_service', 'Change Service Requested'),
	('en', 'ship_fedex_ancillary_endorsement_forwarding_service', 'Forwarding Service Requested'),
	('en', 'ship_fedex_ancillary_endorsement_return_delivery', 'Return Service Requested'),
	('en', 'ship_fedex_customer_manifest_id', 'Customer manifest ID'),
	('en', 'ship_fedex_drop_off_type', 'Drop Off Type'),
	('en', 'ship_fedex_drop_off_type_regular_pickup', 'Regular pickup'),
	('en', 'ship_fedex_drop_off_type_request_courier', 'Request courier'),
	('en', 'ship_fedex_drop_off_type_station', 'Drop at station'),
	('en', 'ship_fedex_height', 'Height (inches)'),
	('en', 'ship_fedex_hub_id', 'Hub ID'),
	('en', 'ship_fedex_indicia', 'Indicia'),
	('en', 'ship_fedex_indicia_media_mail', 'Media Mail (Packages from 1 to 70 lbs Books, DVDs, CDs, videotapes)'),
	('en', 'ship_fedex_indicia_parcel_select', 'Parcel Select (Packages from 1 to 70 lbs)'),
	('en', 'ship_fedex_indicia_presorted_bound_printed_matter', 'Bound Printed Matter packages (Packages from 1 to 15 lbs Catalogs, phone books or anything permanently bound)'),
	('en', 'ship_fedex_indicia_presorted_standard', 'Standard Mail packages (Packages less than 1 lb)'),
	('en', 'ship_fedex_length', 'Length (inches)'),
	('en', 'ship_fedex_meter_number', 'Meter number'),
	('en', 'ship_fedex_package_type_fedex_10kg_box', 'FedEx 10kg Box'),
	('en', 'ship_fedex_package_type_fedex_25kg_box', 'FedEx 25kg Box'),
	('en', 'ship_fedex_package_type_fedex_box', 'FedEx Box'),
	('en', 'ship_fedex_package_type_fedex_envelope', 'FedEx Envelope'),
	('en', 'ship_fedex_package_type_fedex_pak', 'FedEx Pak'),
	('en', 'ship_fedex_package_type_fedex_tube', 'FedEx Tube'),
	('en', 'ship_fedex_package_type_your_packaging', 'Your packaging'),
	('en', 'ship_fedex_smart_post', 'Smart Post'),
	('en', 'ship_fedex_special_services', 'Special service (delivery confirmation)'),
	('en', 'ship_fedex_width', 'Width (inches)'),
	('en', 'ship_height', 'Package height (cm)'),
	('en', 'ship_length', 'Package length (cm)'),
	('en', 'ship_sp_l_acknowledgement_of_delivery', 'Acknowledgement of delivery (for registered mail only)'),
	('en', 'ship_sp_l_cash_on_delivery', 'Cash on delivery (for registered mail only)'),
	('en', 'ship_sp_l_personal_delivery', 'Personal delivery (for registered mail only)'),
	('en', 'ship_sp_l_registered_mail', 'Registered mail'),
	('en', 'ship_sp_pc_assurance', 'Assurance'),
	('en', 'ship_\nsp_pc_cash_on_delivery', 'Cash on delivery (COD)'),
	('en', 'ship_sp_pc_fragile', 'Fragile'),
	('en', 'ship_sp_pc_manual_handling', 'Manual handling'),
	('en', 'ship_sp_pc_personal', 'Personal'),
	('en', 'ship_sp_pc_signature', 'Signature'),
	('en', 'ship_sp_pp_additional_insurance', 'Additional insurance (up to CHF 3000.-)'),
	('en', 'ship_sp_pp_bulky_goods', 'Bulky goods'),
	('en', 'ship_sp_pp_cash_on_delivery', 'Cash on delivery (ECONOMY only)'),
	('en', 'ship_sp_pp_manual_processing', 'Manual processing'),
	('en', 'ship_sp_ur_additional_insurance', 'Additional insurance for URGENT goods  (up to CHF 3000.-)'),
	('en', 'ship_swisspost_error_intl_delivery', 'Cannot use this shipping method for the international delivery'),
	('en', 'ship_swisspost_error_private_delivery', 'Cannot use this shipping method for the private delivery'),
	('en', 'ship_swisspost_heavy_package', 'The package is too heavy'),
	('en', 'ship_swisspost_unable_to_open_additional_services', 'Cannot open the additional_services.csv file'),
	('en', 'ship_swisspost_unable_to_open_service', 'Cannot open the [code] file'),
	('en', 'ship_temando_height', 'Package height'),
	('en', 'ship_temando_length', 'Package length'),
	('en', 'ship_temando_measurement', 'Package measurement'),
	('en', 'ship_temando_method', 'Delivery method'),
	('en', 'ship_temando_package', 'Packaging'),
	('en', 'ship_temando_readydate', 'Ready date (days)'),
	('en', 'ship_temando_subclass', 'Class of the item being sent'),
	('en', 'ship_temando_weight_measurement', 'Weight measurement type'),
	('en', 'ship_temando_width', 'Package width'),
	('en', 'ship_to', 'Ship to'),
	('en', 'ship_to_another', 'Ship to a different address'),
	('en', 'ship_ups_access_key', 'UPS Rates Access Key'),
	('en', 'ship_ups_package_type_01', 'UPS letter/ UPS Express Envelope'),
	('en', 'ship_ups_package_type_03', 'UPS Tube'),
	('en', 'ship_ups_package_type_04', 'UPS Pack'),
	('en', 'ship_ups_package_type_21', 'UPS Express Box'),
	('en', 'ship_ups_package_type_24', 'UPS 25Kg Box'),
	('en', 'ship_ups_package_type_25', 'UPS 10Kg Box'),
	('en', 'ship_ups_pickup_type', 'Pickup type'),
	('en', 'ship_ups_pickup_type_01', 'Daily Pickup'),
	('en', 'ship_ups_pickup_type_03', 'Customer Counter'),
	('en', 'ship_ups_pickup_type_06', 'One Time Pickup'),
	('en', 'ship_ups_pickup_type_07', 'On Call Air'),
	('en', 'ship_ups_pickup_type_11', 'Suggested Retail Rates'),
	('en', 'ship_ups_pickup_type_19', 'Letter Center'),
	('en', 'ship_ups_pickup_type_20', 'Air Service Center'),
	('en', 'ship_usps_container', 'Container'),
	('en', 'ship_usps_container_express', 'Container (Express)'),
	('en', 'ship_usps_container_express_flat_rate_envelope', 'Flat Rate Envelope'),
	('en', 'ship_usps_container_priority', 'Container (Priority Mail)'),
	('en', 'ship_usps_container_priority_flat_rate_box', 'Flat Rate Box'),
	('en', 'ship_usps_container_priority_flat_rate_envelope', 'Flat Rate Letter'),
	('en', 'ship_usps_container_priority_lg_flat_rate_box', 'Large Flat Rate Box'),
	('en', 'ship_usps_container_priority_md_flat_rate_box', 'Medium Flat Rate Box'),
	('en', 'ship_usps_container_priority_nonrectangular', 'NonRectangular'),
	('en', 'ship_usps_container_priority_rectangular', 'Rectangular'),
	('en', 'ship_usps_container_priority_regional_a_rate_box', 'Regional Rate Box A'),
	('en', 'ship_usps_container_priority_regional_b_rate_box', 'Regional Rate Box B'),
	('en', 'ship_usps_container_priority_regional_c_rate_box', 'Regional Rate Box C'),
	('en', 'ship_usps_container_priority_sm_flat_rate_box', 'Small Flat Rate Box'),
	('en', 'ship_usps_container_priority_padded_flat_rate_envelope', 'Padded Flat Rate Envelope'),
	('en', 'ship_usps_container_priority_legal_flat_rate_envelope', 'Legal Flat Rate Envelope'),
	('en', 'ship_usps_container_priority_sm_flat_rate_envelope', 'Sm Flat Rate Envelope'),
	('en', 'ship_usps_container_priority_window_flat_rate_envelope', 'Window Flat Rate Envelope'),
	('en', 'ship_usps_container_priority_gift_card_flat_rate_envelope', 'Gift Card Flat Rate Envelope'),
	('en', 'ship_usps_first_class_mail_type', 'First Class Mail Type'),
	('en', 'ship_usps_first_class_mail_type_flat', 'Flat'),
	('en', 'ship_usps_first_class_mail_type_parcel', 'Parcel'),
	('en', 'ship_usps_intl_package_girth', 'Package girth'),
	('en', 'ship_usps_intl_package_height', 'Package height'),
	('en', '\nship_usps_intl_package_length', 'Package length'),
	('en', 'ship_usps_intl_package_size', 'Package size'),
	('en', 'ship_usps_intl_package_width', 'Package width'),
	('en', 'ship_usps_machinable', 'Machinable (First-Class Mail or Standard Post)'),
	('en', 'ship_usps_machinable_false', 'False'),
	('en', 'ship_usps_machinable_true', 'True'),
	('en', 'ship_usps_mailtype', 'Type of Mail'),
	('en', 'ship_usps_mailtype_matter_for_the_blind', 'Matter for the Blind'),
	('en', 'ship_usps_mailtype_postcards_or_aerogrammes', 'Postcards or Aerogrammes'),
	('en', 'ship_usps_package_size', 'Package Size (length + girth, inches)'),
	('en', 'ship_usps_package_size_large', 'Large (84..108)'),
	('en', 'ship_usps_package_size_oversize', 'Oversize (108..130)'),
	('en', 'ship_usps_package_size_regular', 'Regular (0..84)'),
	('en', 'ship_usps_priority_girth', 'Priority Mail (Size:Large, Container:NonRectangular) Girth (inches)'),
	('en', 'ship_usps_priority_height', 'Priority Mail (Size:Large) Height (inches)'),
	('en', 'ship_usps_priority_length', 'Priority Mail (Size:Large) Length (inches)'),
	('en', 'ship_usps_priority_width', 'Priority Mail (Size:Large) Width (inches)'),
	('en', 'ship_usps_username', 'User ID'),
	('en', 'ship_width', 'Package width (cm)'),
	('en', 'short_description', 'Short description'),
	('en', 'short_hour', 'h.'),
	('en', 'short_list', 'Short list'),
	('en', 'show', 'Show'),
	('en', 'show_all', 'Show all'),
	('en', 'show_items_in_line', 'Show items inline'),
	('en', 'show_menu_on_mouse_over', 'Show menu on mouse over'),
	('en', 'show_on_home_page', 'Show on home page'),
	('en', 'show_orders', 'Show orders'),
	('en', 'show_page_in_popup', 'Show this page in a popup window'),
	('en', 'show_price', 'Show price'),
	('en', 'show_rate_for_destination', 'Show rates for location'),
	('en', 'show_tab_in_popup', 'Show this tab in a popup window'),
	('en', 'tmpl_sidebox_1_item', 'Side box first item'),
	('en', 'sidebox_general', 'Sidebox general'),
	('en', 'sidebox_important', 'Sidebox important'),
	('en', 'signature', 'Signature'),
	('en', 'signed_in_as', 'Signed in as'),
	('en', 'sign_in', 'Sign in'),
	('en', 'sign_in_as_different', 'Sign in as a different user'),
	('en', 'sign_in_to_buy', 'Please sign in to buy'),
	('en', 'sign_in_to_view_price', '[Sign in to view price]'),
	('en', 'sign_out', 'Sign out'),
	('en', 'sign_up_for_notification', 'Sign up for notification'),
	('en', 'similar_only', 'Similar only'),
	('en', 'simple_ultimate_companies_selector', 'Please contact the technical support'),
	('en', 'simultaneous', 'Simultaneous'),
	('en', 'single', 'Single'),
	('en', 'single_coupon_is_allowed', 'Single discount coupon is allowed only'),
	('en', 'sitemap', 'Sitemap'),
	('en', 'sitemap_menu_description', 'Create additional sections of the customer area sitemap and define the set of links for them.'),
	('en', 'sitemap_settings', 'Sitemap settings'),
	('en', 'site_number', 'Site number (EPT)'),
	('en', 'size', 'Size'),
	('en', 'skiplastpage', 'Skip the last page'),
	('en', 'skip_payment', 'Skip payment'),
	('en', 'skrill_customer_id', 'Skrill Customer ID'),
	('en', 'sku', 'CODE'),
	('en', 'slovak', 'Slovak'),
	('en', 'slow', 'Slow'),
	('en', 'small_items', 'Small items'),
	('en', 'smarty_block', 'HTML block with Smarty support'),
	('en', 'sms_customer_registered', 'Customer [name] has been registered.'),
	('en', 'sms_for_the_sum', 'to the amount of'),
	('en', 'sms_order_placed', 'has been placed'),
	('en', 'snapshot_date', 'Snapshot date'),
	('en', 'sort_by', 'Sort by'),
	('en', 'sort_by_null_asc', 'No sorting'),
	('en', 'sort_by_popularity_asc', 'Sort by Popularity: Low to High'),
	('en', 'sort_by_popularity_desc', 'Sort by Popularity'),
	('en', 'sort_by_position_asc', 'Sort by Position: Low to High'),
	('en', 'sort_by_position_desc', 'Sort by Position: High to Low'),
	('en', 'sort_by_price_asc', 'Sort by Price: Low to High'),
	('en', 'sort_by_price_desc', 'Sort by Price: High to Low'),
	('en', 'sort_by_product_asc', 'Sort Alphabetically: A to Z'),
	('en', 'sort_by_product_desc', 'Sort Alphabetically: Z to A'),
	('en', 'sort_by_timestamp_asc', 'Oldest Items First'),
	('en', 'sort_by_timestamp_desc', 'Newest Items First'),
	('en', 'sort_images', 'Sort images'),
	('en', 'spanish', 'Spanish'),
	('en', 'specific_settings', 'Specific settings'),
	('en', 'specify_url', 'Specify URL'),
	('en', 'speed', 'Speed'),
	('en', 'ssl_certificate', 'SSL \ncertificate'),
	('en', 'staff_only_notes', 'Staff only notes'),
	('en', 'stage', 'Stage'),
	('en', 'standard_sidebox', 'Standard side box'),
	('en', 'start', 'Start'),
	('en', 'start_communication', 'Start communication'),
	('en', 'start_date', 'Start date'),
	('en', 'start_price', 'Start price'),
	('en', 'state', 'State/Province'),
	('en', 'states', 'States'),
	('en', 'states_menu_description', 'Manage the set of states that are supported in your store.'),
	('en', 'static_block', 'Static block'),
	('en', 'static_data', 'Static data'),
	('en', 'static_data_use_item', 'Use the "Link text" and "URL" values from this item in the storefront'),
	('en', 'statistics', 'Statistics'),
	('en', 'status', 'Status'),
	('en', 'status_changed', 'Status has been changed'),
	('en', 'status_changed_after_process_payment', 'Order status was set according to the payment processing result'),
	('en', 'stay_connected', 'Stay Connected'),
	('en', 'stay_connected_notice', 'Enter your email address to receive special offers and promotions.'),
	('en', 'step_four', 'Step 4'),
	('en', 'step_one', 'Step 1'),
	('en', 'step_three', 'Step 3'),
	('en', 'step_two', 'Step 2'),
	('en', 'stop_other_rules', 'Stop other rules'),
	('en', 'storage', 'Storage'),
	('en', 'store', 'Store'),
	('en', 'storefront', 'Storefront'),
	('en', 'storefront_url', 'Storefront URL'),
	('en', 'storefront_url_already_exists', 'The value of the <strong>Storefront URL</strong> parameter mentioned by you already belongs to another company.'),
	('en', 'storefront_url_not_defined', 'Storefront URL not defined'),
	('en', 'stores', 'Stores'),
	('en', 'store_locator', 'Store locator'),
	('en', 'store_mode', 'Licensing mode'),
	('en', 'store_mode_changed', 'Licensing mode has been changed'),
	('en', 'store_number', 'Store number'),
	('en', 'store_object_denied', 'The [object_type] [object_name] is unavailable for this store.'),
	('en', 'store_theme', 'Storefront theme'),
	('en', 'store_mode_will_be_changed_to_free', 'Installation integrity check failed. Your store will switch to Free mode within 2 days. Please contact our <a href="[href]">support team</a>'),
	('en', 'store_mode_will_be_changed_to_trial', 'Installation integrity check failed. Your store will switch to Trial mode within 2 days. Please contact our <a href="[href]">support team</a>'),
	('en', 'subcategories', 'Subcategories'),
	('en', 'submit', 'Submit'),
	('en', 'submit_my_order', 'Submit my order'),
	('en', 'subpages', 'Subpages'),
	('en', 'subscribe', 'Subscribe'),
	('en', 'subscriber', 'Subscriber'),
	('en', 'subscribers', 'Subscribers'),
	('en', 'subscriber_email', 'Subscriber email'),
	('en', 'subscriptions', 'Subscriptions'),
	('en', 'subtotal', 'Subtotal'),
	('en', 'subtotal_sum', 'Subtotal sum'),
	('en', 'suburb', 'Suburb'),
	('en', 'successful', 'Successful'),
	('en', 'successfully_registered', 'Successfully registered'),
	('en', 'successful_login', 'You have been successfully logged in.'),
	('en', 'success_registration_text', 'Congratulations! The registration was successful!<br/>Now, you have full access to all the store features. Click on "My account" to see them.'),
	('en', 'suffix', 'Suffix'),
	('en', 'summary', 'Summary'),
	('en', 'supplier', 'Supplier'),
	('en', 'suppliers', 'Suppliers'),
	('en', 'supplier_id', 'Supplier'),
	('en', 'surcharge', 'Surcharge'),
	('en', 'surcharge_title', 'Surcharge title'),
	('en', 'sweden', 'Sweden'),
	('en', 'swedish', 'Swedish'),
	('en', 'swing', 'Swing'),
	('en', 'switch_layout', 'Switch layout'),
	('en', 'symbol', 'Symbol'),
	('en', 'system', 'System'),
	('en', 'tab', 'Tab'),
	('en', 'table', 'Table'),
	('en', 'tables', 'Tables'),
	('en', 'table_conditions', 'Table Conditions'),
	('en', 'tabs', 'Tabs'),
	('en', 'tax', 'Tax'),
	('en', 'taxes', 'Taxes'),
	('en', 'taxes_menu_description', 'Manage the set of taxes that are supported in your store.'),
	('en', 'tax_exempt', 'Tax exempt'),
	('en', 'tax_rates', 'Tax rates'),
	('en', 'temando', 'Temando'),
	('en', 'temando_centimetres', 'centimetres'),
	('en', 'temando_feet', 'feet'),
	('en', 'temando_inches', 'inches'),
	('en', 'temando_method_depottodepot', 'Depot to Depot'),
	('en', 'temando_method_doortodoor', 'Door to Door'),
	('en', 'temando_metres', 'metres'),
	('en', 'temando_package_backpack', 'Backpack'),
	('en', 'temando_package_bale', 'Bale'),
	('en', 'temando_package_box', 'Box'),
	('en', 'temando_package_bunch', 'Bunch'),
	('en', 'temando_package_bundle', '\nBundle'),
	('en', 'temando_package_carton', 'Carton'),
	('en', 'temando_package_crate', 'Crate'),
	('en', 'temando_package_cylinder', 'Cylinder'),
	('en', 'temando_package_documentenvelope', 'Document Envelope'),
	('en', 'temando_package_drum', 'Drum'),
	('en', 'temando_package_flatpack', 'Flat Pack'),
	('en', 'temando_package_letter', 'Letter'),
	('en', 'temando_package_pail', 'Pail'),
	('en', 'temando_package_pallet', 'Pallet'),
	('en', 'temando_package_parcel', 'Parcel'),
	('en', 'temando_package_pipe', 'Pipe'),
	('en', 'temando_package_roll', 'Roll'),
	('en', 'temando_package_satchel', 'Satchel/Bag'),
	('en', 'temando_package_skid', 'Skid'),
	('en', 'temando_package_suitcase', 'Suitcase'),
	('en', 'temando_package_tube', 'Tube'),
	('en', 'temando_package_unpackaged', 'Unpackaged or N/A'),
	('en', 'temando_package_wheel', 'Wheel/Tyre'),
	('en', 'temando_subclass_excessbaggage', 'Excess Baggage'),
	('en', 'temando_subclass_furniture', 'Furniture'),
	('en', 'temando_subclass_householdgoods', 'Household Goods'),
	('en', 'temando_subclass_other', 'Other (etc.)'),
	('en', 'temando_system', 'Temando system'),
	('en', 'temando_weight_grams', 'Grams'),
	('en', 'temando_weight_kilograms', 'Kilograms'),
	('en', 'temando_weight_ounces', 'Ounces'),
	('en', 'temando_weight_pounds', 'Pounds'),
	('en', 'template', 'Template'),
	('en', 'templates_tree', 'Templates tree'),
	('en', 'file_editor', 'File editor'),
	('en', 'terminal', 'Terminal'),
	('en', 'terminal_id', 'Terminal ID'),
	('en', 'test', 'Test'),
	('en', 'test_live_mode', 'Test/Live mode'),
	('en', 'test_mode', 'Test mode'),
	('en', 'text', 'Text'),
	('en', 'textarea', 'Text area'),
	('en', 'text_2checkout_notice', '<b>Note</b>: In order to track your 2Checkout orders with the shopping cart software you have to take these steps:<br /><br />-&nbsp;Log in to your 2Checkout account<br />-&nbsp;Click on <u>\'Site management\'</u> in the <u>\'Account\'</u> section.<br />-&nbsp;Select <b>\'Given links back to my website\'</b> option in the <u>\'Direct Return\'</u> subsection <br />-&nbsp;Set <u>\'Approved URL\'</u> and <u>\'Pending URL\'</u> to:<br /><b>[return_url]</b><br />-&nbsp;Set <u>\'Secret Word\'</u>. The Secret Word is known only to the seller and 2CheckOut.<br />'),
	('en', 'text_2co_ins', 'Instant Notification Service (INS)'),
	('en', 'text_additional_detailed_image', '(displayed in popup window)'),
	('en', 'text_additional_thumbnail', '(displayed on product details page in "Additional images")'),
	('en', 'text_addon_cannot_enable', 'Add-on "[addon_name]" is incompatible with the following add-ons: [addons]. It cannot be enabled'),
	('en', 'text_addon_confclicts', 'Add-on "[addon_name]" is incompatible with the following add-ons: [addons]. These add-ons will be automatically disabled.'),
	('en', 'text_addon_confclicts_on_install', 'Add-on "[addon_name]" is incompatible with the following add-ons: [addons]. It has not been be enabled. Enable it manually and all the incompatible add-ons will be disabled automatically.'),
	('en', 'text_addon_installed', 'The <b>"[addon]"</b> add-on has been installed successfully'),
	('en', 'text_addon_install_dependencies', 'The add-on cannot be installed because a dependence on the [addon] add-on is set for it. Please install the [addon] add-on first.'),
	('en', 'text_addon_uninstalled', 'The <b>"[addon]"</b> add-on has been uninstalled.'),
	('en', 'text_addon_uninstall_dependencies', 'The add-on cannot be uninstalled because the following add-ons depend on it: [addons]'),
	('en', 'text_addresses_wildcards', 'You are able to use wildcards in this field:<br /><b>\'?\'</b> - any single character;<b>\'*\'</b> - any number of characters.<br /><br /><u>Example:</u><br /><b>* street</b> &nbsp;&nbsp;(corresponds to 1st Street, 102nd Street, etc)'),
	('en', 'text_admin_new_orders', 'This section shows the orders you have never viewed.'),
	('en', 'text_allowed_to_upload_file_extension', 'The following file extensions are supported: <b>.[ext]</b>.'),
	('en', 'text_amazon_callback_url', 'Important! You must specify your store\'s URL <b>[callback_url]</b> as the Merchant URL on the Amazon\'s Seller Central Website (Settings > Checkout Pipeline Settings). Otherwise, you won\'t be able to accept payments through Amazon Checkout in your store'),
	('en', 'text_amazon_failed_order', 'No response from Amazon Checkout has been received yet, please hold on. Although the order might not be created in the store as long last, it is highly probable that it has been successfully created and processed by Amazon Checkout. Please contact the store staff and tell them the order ID as provided by Amazon'),
	('en', 'text_amazon_incorrect_products_count', 'Number of products in your cart differs from the number of products in the Amazon request.'),
	('en', 'text_amazon_link_message', 'For testing purposes, the Merchant URL may be the HTTP link to your store, but the live mode requires secure connection and you must use the HTTPS link. Also, remember to enable the production mode on Amazon\'s Seller Central website when you are ready to go live.'),
	('en', 'text_amazon_surcharge', '<b>Note:</b> According to the Amazon <a href=\'https://payments.amazon.com/sdui/sdui/about?nodeId=6019\' target=\'_blank\'>policy</a> (B4.2), surcharges are not supported. Any surcharges you may have set will be ignored when Amazon Checkout is used.'),
	('en', 'text_paypal_surcharge', '<b>Note:</b> According to the PayPal <a href=\'https://www.paypal.com/webapps/mpp/ua/useragreement-full#4\' target=\'_blank\'>policy</a> (4.6), surcharges are not supported. If you set any surcharges for the Paypal Express Checkout, a customer will not be able to place orders using this payment method. An error will be displayed at the checkout.'),
	('en', 'text_anonymous_checkout', 'You must be a registered user to proceed to checkout'),
	('en', 'text_applied_promotions', 'Applied promotions'),
	('en', 'text_are_you_sure_to_delete_file', 'Are you sure you want to delete the item?'),
	('en', 'text_are_you_sure_to_proceed', 'Are you sure you want to proceed?'),
	('en', 'text_atos_notice', '<b>Note:</b><br />1. Copy your certificate that you received on the disk to the [home_path] directory. Rename the certificate to certif.fr.[my_merchant_id], where [my_merchant_id] is your web site number.<br /> 2. Rename the store parameters file (parmcom.014213245611111 file) to parmcom.[my_merchant_id].<br />3. Edit the <b>pathfile</b> file in the  <b>[home_path]</b> directory<br />- Replace string \'<u>D_LOGO![some_dir]!</u>\' with \'<u>D_LOGO![http_path]/logo/!</u>\'<br />- Replace string \'<u>F_DEFAULT![/some_dirs/parmcom.sogenactif]!</u>\' with \'<u>F_DEFAULT![home_path]/parmcom.sogenactif!</u>\'<br />- Replace string \'<u>F_PARAM![/some_dirs/parmcom]!</u>\' with \'<u>F_PARAM![home_path]/parmcom!</u>\'<br />- Replace string \'<u>F_CERTIFICATE![/some_dirs/certif]!</u>\' with \'<u>F_CERTIFICATE![home_path]/certif!</u>\'<br />4. Edit the <b>parmcom.[some_number]</b> file in the <b>[home_path]</b> directory<br />- Replace string \'<u>AUTO_RESPONSE_URL![some_url]!</u>\' with \'<u>AUTO_RESPONSE_URL![auto_url]!</u>\'<br />- Replace string \'<u>CANCEL_URL![some_url]!</u>\' with \'<u>CANCEL_URL![ok_url]!</u>\'<br />- Replace string \'<u>RETURN_URL![some_url]!</u>\' with \'<u>RETURN_URL![ok_url]!</u>\'<br />'),
	('en', 'text_atos_warning', '<span style="color:#FF2222">Warning!!!</span> The path to atos files should consist of not more than 60 symbols, otherwise please copy the atos_files folder to some parent directory, e.g. to the cart core directory. Also please make sure the atos files directory has full permissions.'),
	('en', 'text_authentication_failed_message', 'Your financial institution has indicated that it could not successfully authenticate this transaction. To protect against unauthorized use, this card cannot be used to complete your purchase. You may complete the purchase by selecting another form of payment.'),
	('en', 'text_backup_filename', 'You can download backup file from the "Restore" tab on this page'),
	('en', 'text_backup_management_notice', 'This section allows you to manage your backup files.<br />- To restore the database, select the check box near the appropriate file name and click on Restore.<br />- To delete files, select the check boxes near the files that need to be deleted and click on Delete.<br />- To download a file to your local computer, click on \nthe file name.'),
	('en', 'text_billing_same_with_shipping', 'Billing and shipping addresses are the same'),
	('en', 'text_block_trial_notice', 'Your 30-day evaluation period has expired. Please, buy a license ([href]) or remove the software from your server.'),
	('en', 'text_cannot_create_directory', 'Cannot create the directory <b>[directory]</b>. Please check the permissions.'),
	('en', 'text_cannot_create_file', 'Cannot create the file <b>[file]</b>. Please check the directory permissions.'),
	('en', 'text_cannot_delete_directory', 'Cannot delete the directory <b>[directory]</b>. Please check the permissions.'),
	('en', 'text_cannot_delete_file', 'Cannot delete the file <b>[file]</b>. Please check the permissions.'),
	('en', 'text_cannot_rename_directory', 'Cannot rename the directory <b>[directory]</b>. Please check the permissions.'),
	('en', 'text_cannot_rename_file', 'Cannot rename the file <b>[file]</b>. Please check the permissions.'),
	('en', 'text_cannot_restore_directory', 'Cannot restore the directory <b>[directory]</b> from the repository. Please check if the repository exists.'),
	('en', 'text_cannot_restore_file', 'Cannot restore file <b>[file]</b> from the repository. Please check if the repository exists.'),
	('en', 'text_can_be_used_once', 'This coupon can be used only once. You have already applied it.'),
	('en', 'text_cart_amount_changed', 'The quantity of the product <b>[product]</b> in your cart  has been changed to allowable.'),
	('en', 'text_cart_amount_corrected', 'The number of products in the inventory is not enough for your order. The quantity of the product <b>[product]</b> has been changed in your cart.'),
	('en', 'text_cart_empty', 'Your cart is empty'),
	('en', 'text_cart_max_qty', 'Maximum quantity for "[product]" is <b>[quantity]</b>'),
	('en', 'text_cart_min_qty', 'Minimum quantity for "[product]" is <b>[quantity]</b>'),
	('en', 'text_cart_not_enough_inventory', 'The number of products in the inventory is not enough for your order'),
	('en', 'text_cart_zero_inventory', '<b>[product]</b> has zero inventory and cannot be added to the cart'),
	('en', 'text_cart_zero_inventory_and_removed', '<b>[product]</b> has zero inventory and is removed from the cart'),
	('en', 'text_categories_have_been_deleted', 'Categories have been deleted successfully.'),
	('en', 'text_category_delimiter', 'Category path delimiter for product main category (e.g. "Computers///Desktops")'),
	('en', 'text_category_detailed_image', '(optional displayed on category details page only)'),
	('en', 'text_category_has_been_deleted', 'Category, subcategories and their products have been deleted successfully.'),
	('en', 'text_category_icon', '(displayed on category list and details pages)'),
	('en', 'text_cc_processor_connection', 'Connecting to <b>[processor]</b>...'),
	('en', 'text_cdn_check', '<strong>Attention!</strong> Please test some static URL, e.g. <a href="[url]">[url]</a>, to ensure it\'s working before enabling CDN (you can enable it after storage became active). It usually takes 10-15 minutes to activate storage (the "Status" field should display "Active", refresh page for updates).'),
	('en', 'text_cdn_setup', 'CDN was set up successfully.'),
	('en', 'text_changes_not_saved', 'Your changes have not been saved.'),
	('en', 'text_changes_saved', 'Your changes have been saved.'),
	('en', 'text_change_password', 'You are now logged in to your account. Please change the password and click the "Save" button.'),
	('en', 'text_checkout_new_profile_notice', 'If you are a new customer, we need to know your personal details.'),
	('en', 'text_cities_wildcards', 'You are able to use wildcards in this field:<br /><b>\'?\'</b> - any single character;<b>\'*\'</b> - any number of characters.<br /><br /><u>Example:</u><br /><b>New Y*</b> &nbsp;&nbsp;(corresponds to New York, New Yark, etc)<br /><b>L?s*</b>&nbsp;&nbsp; (corresponds to Las Vegas, Los Angeles, etc..)'),
	('en', 'tmpl_text_ckeditor', 'CKEditor'),
	('en', 'text_click_here', 'Click here for more details'),
	('en', 'text_cmcic_notice', 'Please set the following URL as the <b>CGI2</b>: <b>[postback_url]</b>'),
	('en', 'text_cmpi_frame_message', 'For your security, please fill out the form below \nto complete your order. Do not click the Refresh or Back button, or this transaction may be interrupted or canceled.'),
	('en', 'text_cmpi_go_back', 'Go back'),
	('en', 'text_combination_out_of_stock', 'No products with the selected options in stock'),
	('en', 'text_companies_activated', 'Selected companies have been activated'),
	('en', 'text_companies_disabled', 'Selected companies have been disabled'),
	('en', 'text_company_status_active_subj', 'Your company was activated.'),
	('en', 'text_company_status_changed', 'Status of your company [company] was changed to [status].'),
	('en', 'text_company_status_disabled_subj', 'Your company was disabled.'),
	('en', 'text_conditions_cleared', 'Table conditions were cleared'),
	('en', 'text_confirmation_page_header', 'This is a confirmation page. You must confirm the operation before it is performed.'),
	('en', 'text_confirm_passwd_recovery', 'Please follow this link to confirm your password recovery procedure'),
	('en', 'text_csrf_attack', 'Access denied: Possible CSRF attack'),
	('en', 'text_customer_area_logo', 'Logo for the <b>customer</b> area'),
	('en', 'text_datatrans_notice', '<b>Note</b>: In order to track your DataTrans orders with the shopping cart software you have to take the following steps:<br /> <br /> -&nbsp;Log in to your DataTrans account<br /> -&nbsp;Click on the <u>\'Upp Data\'</u> link in the <u>\'Upp Administration\'</u> section.<br /> -&nbsp;Set <u>\'URL Post data format\'</u> to <b>\'Data in Post format\'</b>.<br /> -&nbsp;Set <u>\'Approved URL\'</u> to:<br /> <b>[post_url]</b><br /> -&nbsp;Click on the <u>\'Security\'</u> link in the <u>\'Upp Administration\'</u> section.<br /> -&nbsp;Select the <b>\'An additional merchant identification will be send with payment messages\'</b> option.<br /> -&nbsp;Generate new digital signature using the <u>\'Generate new sign\'</u> button.<br /> -&nbsp;Set generated value to the <u>\'Digital signature\'</u> field on the DataTrans payment configuration page in your store<br />'),
	('en', 'text_data_changed', 'Your changes have not been saved.Press OK to continue, or Cancel to stay on the current page.'),
	('en', 'text_decrease_points_in_use', 'The points used in the order were subtracted from user account.'),
	('en', 'text_deltapay_notice', '<b>Note:</b> Please send the following information to the DeltaPay support:<br />Payment page: \'<u>[payment_url]</u>\'<br />Success page: \'<u>[result_url]</u>\'<br />Failure page: \'<u>[result_url]</u>\'<br />Cancel page: \'<u>[result_url]</u>\'<br />'),
	('en', 'text_directebanking_notice', 'Set \'Success link\' to: <b>[success_url]</b><br /> Set \'Abort link\' to: <b>[abort_url]</b><br /> Add new HTTP notifications and set \'Notification URL\' to: <b>[notification_url]</b><br /> Activate input check and set \'Hash Algoritm\' to the \'SHA1\'<br />'),
	('en', 'text_directory_created', 'The directory <b>[directory]</b> has been successfully created.'),
	('en', 'text_directory_deleted', 'The directory <b>[directory]</b> has been successfully deleted'),
	('en', 'text_directory_renamed', 'The directory <b>[directory]</b> has been successfully renamed to <b>[to_directory]</b>'),
	('en', 'text_directory_restored', 'The directory <b>[directory]</b> has been restored from the repository'),
	('en', 'text_downloads_empty', 'Your downloads list is empty'),
	('en', 'text_editing', 'Text editing'),
	('en', 'text_edp_product', 'This product is electronically distributed'),
	('en', 'text_ekey_not_valid', 'The confirmation link is invalid or has expired.'),
	('en', 'text_email_sent', 'E-mail has been sent successfully.'),
	('en', 'text_emerchantpay_notice', 'Please add these URL fields in your eMerchantPay eCommerce Payment Form configuration:<br/><br/><b>BackReturn URL:</b><br/>[backreturn_url]<br/><br/><b>Custom Approval URL:</b><br/>[notify_url]<br/><br/><b>Custom Decline URL:</b><br/>[decline_url]<br/><br/><b>Activate Notification URL:</b><br/>[process_url]'),
	('en', 'text_enets_notice', 'Please send the following URL to the eNPS manager as a response URL for all the three cases (success, failure, cancel): [r_url]'),
	('en', 'text_enter_filename', 'Please enter a new file name'),
	('en', 'text_no_files_\nuploaded_yet', 'No files uploaded yet.'),
	('en', 'text_exim_data_exported', 'Data is exported successfully'),
	('en', 'text_exim_data_imported', 'Data is imported successfully.<br />New objects - <b>[new]</b>;<br />Updated objects - <b>[exist]</b>;<br />Skipped objects - <b>[skipped]</b>;<br />Total - <b>[total]</b>.'),
	('en', 'text_exim_data_imported_clear', 'Data is imported successfully.'),
	('en', 'text_exim_export_notice', 'Below is a list of the fields that can be exported. The <b>highlighted</b> fields are mandatory.'),
	('en', 'text_exim_import_features_note', '<h4>Product features import format</h4><code>{$ldelim}%Feature ID%{$rdelim} (%Group name%) %Feature name%: %Feature type%[%Feature value%]</code>where,<dl class="dl-horizontal"><dt>%Feature ID%</dt><dd>the id of feature</dd><dt>%Group name%</dt><dd>the name of feature group</dd><dt>%Feature name%</dt><dd>the name of feature</dd><dt>%Feature type%</dt><dd>the feature type (C - checkbox, M - multiple checkboxes, S - text select box, N - number select box, E - extended selectbox, T - simple text, O - number, D - date)</dd><dt>%Feature value%</dt><dd>the feature value (several values can be delimited by comma)</dd></dl><p>Several features must be delimited by semicolon.</p><h5>Example:</h5><code>ISBN: T[1233423423]; Release date: D[05/05/07]; Color: S[Red]</code>'),
	('en', 'text_exim_import_files_note', '<h4>File import format</h4><code>%File location%</code> where,<dl class="dl-horizontal"><dt>%File location%<dt><dd>can be an absolute or relative path in a server file system or a URL</dd></dl><p>Several files must be delimited by comma.</p><h5>Example 1:</h5><code>file1.jpg</code><h5>Example 2:</h5><code>backup/file1.zip, images/file2.jpg</code>'),
	('en', 'text_exim_import_images_note', '<h4>Image import format</h4><code>%Image location%#%Alternative text%</code> where,<br><dl class="dl-horizontal"><dt>%Image location%</dt><dd>can be an absolute or relative path in a server file system or a URL,</dd><dt>%Alternative text%<dt><dd>image alternative text</dd></dl><h5>Example 1:</h5><code>images/product_images/apples.jpg#Apples</code><h5>Example 2:</h5><code>http://www.site.com/apples.jpg#Apples</code>'),
	('en', 'text_exim_import_notice', 'Below is a list of the fields that your data file can contain. The fields highlighted in bold are mandatory. If you are importing data with special symbols (commas, semicolons, etc.), please make sure you have these fields quoted.'),
	('en', 'text_exim_import_options_note', '<h4>Product options import format</h4><code>{$ldelim}%Option ID[_L]%{$rdelim}%Option name%: %Option type%[{$ldelim}%Variant 1 ID%{$rdelim}%Variant 1%,{$ldelim}%Variant 2 ID%{$rdelim}%Variant 2%,{$ldelim}%Variant N ID%{$rdelim}%Variant N%]</code> where,<dl class="dl-horizontal"><dt>%Option ID%</dt><dd>the id of the option</dd><dt>L</dt><dd>optional parameter, means that it is a linked global option of the product.</dd><dt>%Option name%</dt><dd>the name of the option,</dd><dt>%Variant N ID%</dt><dd>the id of the variant,</dd><dt>%Variant N%</dt><dd>the name of the variant. Variants must be specified if the option type is a selectbox or radiogroup only.</dd><dt>%Option type%</dt><dd>the option type, can be the following:<br><ul><li><b>S</b> - selectbox,</li><li><b>R</b> - radiogroup,</li><li><b>C</b> - checkbox,</li><li><b>I</b> - simple input,</li><li><b>T</b> - textarea.</li></ul></dd></dl><p>Several options must be delimited by semicolon.</p><h5>Examples:</h5>Simple text options:<code>Your age: I; Date of birth: I; Notes: T</code><br>Options with variants:<code>Color: S[Red, Green, Blue]; Size: R[X, XL, XXL]</code>'),
	('en', 'text_exim_utf8_file_format', 'Please make sure that the file you are importing has UTF-8 charset for correct import'),
	('en', 'text_expired_license', 'Unfortunately, your subscription for [product] software is over. Please renew it as soon as possible to avoid the program suspending.'),
	('en', 'tmpl_text_fancybox', 'FancyBox'),
	('en', 'text_features_delimiter', 'Delimiter for product features'),
	('en', 'text_feedback_notice', 'The parameters that will be sent to our server \nto analyze the functionality and the current configuration are listed below.<br />Please note that no personal or financial information will be sent. After you get acquainted with the list of the parameters, click on "Send".<br />'),
	('en', 'text_files_directory', 'Directory where product files are located. This will be used if the "File" field is specified without a path.'),
	('en', 'text_file_created', 'The file <b>[file]</b> has been successfully created'),
	('en', 'text_file_deleted', 'The file <b>[file]</b> has been successfully deleted'),
	('en', 'text_file_renamed', 'The file <b>[file]</b> has been successfully renamed to <b>[to_file]</b>'),
	('en', 'text_file_restored', 'The file <b>[file]</b> has been restored from the repository'),
	('en', 'text_file_saved', 'The file <b>[file]</b> is successfully saved'),
	('en', 'text_fill_the_mandatory_fields', 'You need to complete all the mandatory fields'),
	('en', 'text_forbidden_file_extension', 'It is not allowed to create/upload/rename files with the <b>.[ext]</b> extension.'),
	('en', 'text_forbidden_file_mime', 'It is not allowed to create/upload/rename files of the <b>[mime]</b> MIME type.'),
	('en', 'text_forbidden_functionality', 'This functionality is available only in the <strong>Full mode</strong>.<br/><br/>In order to have the full access to all features, purchase a license and <a class="cm-dialog-opener cm-dialog-auto-size" data-ca-target-id="store_mode_dialog">activate the Full mode</a>.'),
	('en', 'text_forbidden_uploaded_file_extension', 'It is not allowed to upload files with the <b>.[ext]</b> extension. Allowed extensions are: <b>[exts]</b>'),
	('en', 'text_forbidden_uploaded_file_size', 'It is not allowed to upload files with size more than <b>[size]</b>'),
	('en', 'text_form_cresecure_notice', 'Please complete your payment below.<br />This is a secure payment page, served from a secure location.'),
	('en', 'text_full_mode_required', '<strong>Full mode</strong> required.'),
	('en', 'text_gate2shop_notice', '<p>Please set the following values in the Gate2Shop merchant settings:</p><p>Success, failed and canceled URL: <b>[result_url]</b></p><p>Back URL: <b>[back_url]</b></p>'),
	('en', 'text_gd_not_avail', 'GD library is <b>not</b> installed on your server. Please contact your hosting provider. <br />Charts can be represented only as tables (chart type "Table").'),
	('en', 'text_hsbc_notice', '<b>Client ID  -</b> Your Client ID - a decimal value between 0 and 999999999, or a valid Client alias of the form UK12345678CUR. <br /> Note, the alias is case sensitive. <br /> <b>Important note for UNIX users:</b><br /> Please make sure you have appropriate permissions for the following directory: [cart_dir] (shell command "chmod -R 755").'),
	('en', 'text_ideal_basic_notice', '-&nbsp;Log in to your iDEAL account<br />-&nbsp;Click on <u>\'Security\'</u> in the <u>\'Profile\'</u> section.<br />-&nbsp;Set the option <u>\'Notification\'</u> to <b>\'XML\'</b><br />-&nbsp;Set <u>\'Notification URL\'</u> to:<br /><b>[return_url]</b><br />-&nbsp;Set <u>\'Secret key\'</u>. The Secret key is known only to the seller and iDEAL.'),
	('en', 'text_images_directory', 'Directory where images are located. This will be used if an image file is specified without a path.'),
	('en', 'text_innovative_notice', 'You can use the following account information for testing purposes: <br /> username: <b>gatewaytest</b> <br /> password: <b>GateTest2002</b>'),
	('en', 'text_invalid_url', 'You have entered an invalid URL'),
	('en', 'text_items_added', 'The items were added successfully'),
	('en', 'text_light_box', 'Lightbox'),
	('en', 'text_linkpointc_notice', 'Please log in to FirstData Connect Admin, open the "Administration" tab, click on the "Connect settings" link.<br /> Set the following URL in the "Order Submission Form" section: [return_url]<br /> Also please select the check boxes:<br /> - in the \'Confirmation Page ("Thank You" Page URL)\' section <b>"URL is a CGI script"</b> check box<br /> - in the \'Failure Page ("Sorry" Page URL)\' section <b>"URL is a CGI script"</b> check box<br />'),
	('en', 'text_links', 'Text links'),
	('en', 'text_login_form', '\n<h4>Not a registered member?</h4><p>Creating a new account is easy and takes less than a minute.</p>'),
	('en', 'text_login_to_add_to_cart', 'This product cannot be added to the<br>cart because you are not logged in.'),
	('en', 'text_mail_area_logo', 'Logo for <b>invoices</b>'),
	('en', 'text_mandatory_fields', '<p class="mandatory-fields">The fields marked with <span class="required">*</span> are mandatory</p>'),
	('en', 'text_max_limit_of_parameters', 'Maximum value of the "limit" field cannot exceed 25 unless the chart type is "Table". Limit of this chart has been corrected.'),
	('en', 'text_mb_failed_order', 'No response from Skrill has been received yet, please hold on. Although the order might not be created in the store as long last, it is highly probable that it has been successfully created and processed by Skrill. Please contact the store staff and tell them the order ID as provided by Skrill'),
	('en', 'text_mcpe_notice', 'By default, the minimum and maximum values of individual transactions on your account are as shown below:<table cellpadding="3"><tr><td><b> Limits      </b></td><td>   GBP  </td><td>   USD   </td><td>   EUR   </td><tr><td><b> Minimum </b></td><td>  &pound;1</td><td > $1</td><td> &euro;1</td></tr><tr><td><b> Maximum </b></td><td>  &pound;1,000 </td><td> $1500 </td><td> &euro;1500 </td></tr><table>Please contact your account manager to request higher limits on your account.<br /><p>Please set the following parameters in the Merchant Extranet. Click Account Management then Installations:<br /> - Response URL: [return_url]<br /> - Return URL: [return_url]</p>'),
	('en', 'text_min_order_amount_required', 'To continue checkout process your order total must exceed'),
	('en', 'text_min_products_amount_required', 'To continue checkout process your order subtotal must exceed'),
	('en', 'text_multiprofile_notice', 'One user can have multiple profiles. For example, one for personal orders and another for office needs.'),
	('en', 'text_new_user_activation', 'The profile owned by "[user_login]" has been newly created, you should check the details of this user (if required) and activate it by using the following link:<br />[url]'),
	('en', 'text_nothing_found', 'Nothing found'),
	('en', 'text_nothing_found_filter_message', 'Sorry, but nothing matched your search criteria. Please try again with some different parameter combination.'),
	('en', 'text_not_allowed_to_upload_file_extension', 'It is not allowed to upload files with the <b>.[ext]</b> extension here.'),
	('en', 'text_not_valid_email', '<b>[email]</b> is not a valid e-mail address.'),
	('en', 'text_no_active_promotions', 'No promotions available.'),
	('en', 'text_no_conflicts', 'No conflicts found'),
	('en', 'text_no_items_defined', 'No [items] defined'),
	('en', 'text_no_matching_products_found', 'No products found matching the search criteria'),
	('en', 'text_no_matching_results_found', 'No results match the search query'),
	('en', 'text_no_orders', 'No orders found'),
	('en', 'text_no_payments_needed', 'No payment information required'),
	('en', 'text_no_products', 'There are no products in this section'),
	('en', 'text_no_products_defined', 'No products defined'),
	('en', 'text_no_products_found', 'No products found'),
	('en', 'text_no_shipments_found', 'No shipments found'),
	('en', 'text_no_shipping_methods', 'Sorry, it seems that we have no shipping options available for your location.<br/>Please check your shipping address and contact us if everything is okay. We\'ll see what we can do about it.'),
	('en', 'text_no_upgrades_available', 'No upgrades currently available'),
	('en', 'text_objects_for_export', '<b>[total]</b> [name] will be exported.'),
	('en', 'text_ogonedirect_notice', 'Enter SHA-1 Signature both: here and on the Ogone Configuration.<br /><br />For new Ogone accounts created since May 11th, 2010, the new SHA policy is automatically active. <br/>Please do not forget to select the "Use new SHA signature policy" checkbox.'),
	('en', 'text_ogoneweb_notice', 'Please set the following URL in the Technical Information section on the Ogone Configuration as a <b>Response Url</b> for all cases ("accepted", "on hold", "uncertain", "\ncanceled by the client", "too many rejections by the acquirer"): <b>[r_url]</b><br /> Also enter SHA-1 Signature both: here and on the Ogone Configuration. Then select Request Type: "Make this request in background and deferred".'),
	('en', 'text_options_no_inventory', 'In order to create option combinations, you must have the "Inventory" check box selected for at least one product option.'),
	('en', 'text_order_backordered', 'Your order has been backordered. We will contact you at the first opportunity.'),
	('en', 'text_order_placed_error', 'Your order has been declined by the payment processor. Please review your information and contact store administration.'),
	('en', 'text_order_placed_successfully', 'Congratulations! Your order has been successfully placed.'),
	('en', 'text_order_repayed_successfully', 'Order has been repaid successfully.'),
	('en', 'text_order_saved_successfully', 'Order has been saved successfully.'),
	('en', 'text_order_status_notification', 'Please note that the notification of changing the status  will be sent depending on the settings of this status'),
	('en', 'text_out_of_stock', 'Out of stock'),
	('en', 'text_pages_cloned', 'The pages have been cloned successfully. Below the list of new pages.'),
	('en', 'text_pages_have_been_deleted', 'Pages have been deleted successfully.'),
	('en', 'text_page_changed', 'Are you sure you want to leave this page? Your changes have not been saved. Click on OK to continue, or on Cancel to stay on the current page.'),
	('en', 'text_page_has_been_deleted', 'Page has been deleted successfully.'),
	('en', 'text_page_loading', 'Loading... Your request is being processed, please wait.'),
	('en', 'text_password_recovery_instructions_sent', 'Password recovery instructions have been sent to your email.'),
	('en', 'text_pay4later_notice', '<b>Note</b>: In order to track your Pay4Later orders with the shopping cart software, you have to take these steps:<br /><br />-&nbsp;Log in to Pay4Later BackOffice<br />-&nbsp;Click on the <u>\'Settings/Installations\'</u> link in the <u>\'Quick Links\'</u> section.<br />-&nbsp;Set <u>\'Return URL (Verified)\'</u> setting to:<br /><b>[verified_url]</b><br />-&nbsp;Set <u>\'Return URL (Decline)\'</u> setting to:<br /><b>[decline_url]</b><br />-&nbsp;Set <u>\'Return URL (Refer)\'</u> setting to:<br /><b>[refer_url]</b><br />-&nbsp;Set <u>\'Return URL (Cancel)\'</u> setting to:<br /><b>[cancel_url]</b><br />-&nbsp;Set <u>\'CSN URL\'</u> setting to:<br /><b>[process_url]</b><br />-&nbsp;Click on the <u>\'Save Changes\'</u> button<br />'),
	('en', 'text_paybox_notice', '<b>Note:</b> Please download the file modulev2.cgi from the PayBox server, copy it to the <b>[paybox_dir]</b> directory <u>in binary mode</u> and make it executable. <br />Run the following command:<br /><b><i>chmod 755 modulev2.cgi</b></i><br /><br />Also ask &#8220;Paybox&#8221; service to add the following URL to the database as &#8220;Callback URL&#8221;:<br /><b>[callback_url]</b>'),
	('en', 'text_payment_have_been_deleted', 'Payment have been deleted successfully.'),
	('en', 'text_payment_have_not_been_deleted', 'Payment cannot be deleted.'),
	('en', 'text_paypal_processing_payment', 'Please wait while processing the payment details...'),
	('en', 'text_paypal_status_map', 'PayPal order status convertion map'),
	('en', 'text_paysitecash_debug', 'Debug Information'),
	('en', 'text_paysitecash_mode', 'Mode'),
	('en', 'text_paysitecash_mode_debug_off', 'OFF'),
	('en', 'text_paysitecash_mode_debug_on', 'ON'),
	('en', 'text_paysitecash_mode_live', 'Live'),
	('en', 'text_paysitecash_mode_test', 'Test'),
	('en', 'text_paysitecash_nocurrencies', 'Currency mode'),
	('en', 'text_paysitecash_nocurrencies_no', 'Allow customer select any of supported currency'),
	('en', 'text_paysitecash_nocurrencies_yes', 'Do not show currency selection at all'),
	('en', 'text_paysitecash_notice', 'Please add these URL fields in your Paysite Cash configuration:<br/><br/><b>URL:</b><br/>[url]<br/><br/><b>Referer url:</b><br/>[ref_url]<br/><br/><b>after payment return url:</b><br/>[sucess_url]<br/><br/><b>canceled payment url:</b><br/>[cancel_url]<br/><br/><b>Backoffice confirmation url:</b><br/>[confirm_\nurl]'),
	('en', 'text_paysitecash_processor', 'Processor'),
	('en', 'text_paysitecash_site_id', 'Site ID'),
	('en', 'text_payway_notice', 'Please set up the following parameters in PayWay back end: <p> Browser Return URL Pre Payment: <b>[prepayment]</b><br /> Browser Return URL: <b>[return]</b><br /> Notification URL: <b>[notify]</b><br /> Notification Post Type: leave empty </p>'),
	('en', 'text_permissions_changed', 'Permissions changed'),
	('en', 'text_piraeus_notice', '<b>Note:</b> Please send the following information to the payment support:<br /> Website URL: \'<u>[website_url]</u>\'<br /> Referrer URL: \'<u>[referrer_url]</u>\'<br /> Success URL: \'<u>[success_url]</u>\'<br /> Failure URL: \'<u>[failure_url]</u>\'<br /> Backlink URL: \'<u>[backlink_url]</u>\'<br /> IP Address: \'<u>[ip_address]</u>\'<br /><br /> Response Method: \'<u>[response_method]</u>\'<br /><br />'),
	('en', 'text_position_updating', 'Loading... Positions are being updated, please wait.'),
	('en', 'text_prettyphoto', 'prettyPhoto'),
	('en', 'text_price_dec_sign_delimiter', 'Decimal separator for product prices.'),
	('en', 'text_products_added', 'The products have been added successfully. See the list of the new products below.'),
	('en', 'text_products_cloned', 'The products have been cloned successfully. Below the list of new products'),
	('en', 'text_products_have_been_deleted', 'Products have been deleted successfully.'),
	('en', 'text_products_updated', 'The following products have been updated:'),
	('en', 'text_products_updated_successfully', 'The product(s) have been updated successfully'),
	('en', 'text_product_cloned', 'The product has been cloned'),
	('en', 'text_product_detailed_image', '(optional displayed in popup window)'),
	('en', 'text_product_file_has_been_deleted', 'Product file has been deleted'),
	('en', 'text_product_filters_were_disabled', 'The following <a href="[url]" target="_blank">product filters</a> were disabled: [filters_list].'),
	('en', 'text_product_has_been_deleted', 'Product has been deleted successfully.'),
	('en', 'text_product_thumbnail', '(displayed on products list and product details pages)'),
	('en', 'text_profile_activated', 'Your profile has now been activated, you may login using the username you received in the previous e-mail.'),
	('en', 'text_profile_benefits', '<h4>Benefits of becoming a registered member</h4><ul><li>Log in at any time to check order statuses</li><li>Personalize your shopping</li><li>Speed up future purchases</li></ul>'),
	('en', 'text_profile_details', '<h4>Profile details</h4><p>On this page you can modify your login credentials and personal data to be used during future purchases.</p><p>To keep your account secure we recommend to avoid creating passwords that use:</p><ul><li>Dictionary words in any language.</li><li>Words spelled backwards, common misspellings, and abbreviations.</li><li>Sequences or repeated characters. Examples: 12345678, 222222, abcdefg, or adjacent letters on your keyboard (qwerty).</li><li>Personal information. Your name, birthday, driver\'s license, passport number, or similar information.</li></ul>'),
	('en', 'text_profile_is_created', 'The account has been created successfully.'),
	('en', 'text_profile_is_updated', 'The profile data has been updated successfully.'),
	('en', 'text_profile_should_be_approved', 'Your account has been created successfully, but it must be activated by the store administrator before you are able to sign in.'),
	('en', 'text_promotions_group_condition', 'If [set] of these conditions are [set_value]'),
	('en', 'text_proxypay_notice', 'Validation script:&nbsp;&nbsp;&nbsp;<b>[validation_url]</b><br />Confirmation script:&nbsp;&nbsp;&nbsp;<b>[confirmation_url]</b><br />Ok page:&nbsp;&nbsp;&nbsp;<b> 	[ok_url]</b><br />Nok page: &nbsp;&nbsp;&nbsp;<b> [nok_url]</b><br />'),
	('en', 'text_qbms_notice', '<p>You should use the "test" mode only if you have a PTC account. </p> <p>During registration of your application set the following values: <br /> - Type: hosted (web-based app)<br /> - Subscribe URL: [response_url]<br /> - Change URL: [response_url]<br /> - Cancel URL: [response_url]<br /> </p> <p><b>Connection ticket</b> will be \nfilled out automatically after you create the connection here: http://merchantaccount.ptc.quickbooks.com/j/sdkconnection/connectionList?appid=[My_App_ID] (please replace the [My_App_ID] with your AppID number) and click the "Use this connection" button.</p><p>To get "Signed certificate" please refer to the <b>http://developer.intuit.com/QuickBooksSDK/chart.asp?id=496</b> <br />After you have created the certificates (Intuit CA & Client Signed) please do the following:<br />1. extract the key from the CSR you created (these steps are applicable only if keytool was used)<br />&nbsp; - Download the Java class to export Private key from the certificate: http://mark.foster.cc/pub/java/ExportPriv.java<br />&nbsp; - Compile this class: "javac ExportPriv.java"<br />&nbsp; - Export the Key to the file: "java ExportPriv <keystore> <alias> <password> > exported-pkcs8.key"<br />2. Save the client signed certificate to the file (e.g. qbms_cert.txt)<br />3. Save to the same file the Key that was extracted at step 1.<br />4. Upload the resulting file using this form.<br /></p>'),
	('en', 'our_brands', 'Our Brands'),
	('en', 'text_qty_discounts', 'Our quantity discounts'),
	('en', 'text_recover_password', '<p>If you have forgotten your password, enter your email address in the field and click <i>Reset password</i>.</p><p>You will receive a new password and a link to sign in. You will be able to change the password later.</p>'),
	('en', 'text_recover_password_notice', 'Enter your email address to receive a new login key and a link to sign in and change your password.'),
	('en', 'text_recover_password_title', 'Reset password'),
	('en', 'text_redactor', 'Redactor'),
	('en', 'text_remove_additional_images', 'When importing additional images of an updated product, existing images of this product will be deleted before import'),
	('en', 'text_remove_backup_files', 'Warning! If you remove the backup files, you will not be able to restore your previous installation. Ensure that the new version is working properly, and the backup database files are in a safe place.'),
	('en', 'text_required_group_product', 'Please select a product for the required group [group_name]'),
	('en', 'text_reset_inventory_description', 'Quantity of all products in the store will be reset.'),
	('en', 'text_restore_question', 'Are you sure that you want to restore the template?'),
	('en', 'text_sagepay_dir_notice', '<b>Note:</b> In order to track your SagePay orders by the shopping cart software, please enable the 3D Secure Fraud Checking Option for your SagePay VSP Direct account.'),
	('en', 'text_sagepay_notice', 'Use <b>testvendor</b> as <b>Vendor Name</b> for the testing purposes<br /><p><b>PAYMENT</b> - transaction type is used to gain an authorisation from the bank, then settle that transaction early the following morning, committing the funds to be taken from your customer\'s card.<br /></p><p><b>DEFERRED</b> - transactions are NOT sent to the bank for completion until you RELEASE them by logging into the SagePay VSP Admin interface, finding the transaction and clicking the Release button.</p>'),
	('en', 'text_secret_key_notice', 'Please complete this field with any non-empty value. It will increase the security of transactions.'),
	('en', 'text_select_fields2edit_note', 'You are able to modify several items at once. Select the check boxes corresponding to the fields you wish to edit, and click on Modify Selected.'),
	('en', 'text_select_file', 'Select a file or enter a URL'),
	('en', 'text_select_range', 'You can select a range to export (otherwise all [name] will be exported)'),
	('en', 'text_share_product_features_tooltip', 'Attention! Some data will not be copied during this operation: the categories set in filters will be lost even if you copy all categories. Please, fix categories manually.'),
	('en', 'text_share_product_filters_tooltip', 'Attention! Some data will not be copied during this operation: the categories set in features will be lost even if you copy all categories. Please, fix categories manually.'),
	('en', 'text_share_promotions_tooltip', 'In order to share promotions make sure the respective products are also \nshared (check Share products below)'),
	('en', 'text_shipping_packages_info', 'To ensure a more precise shipping rate estimation, the products have been separated into packages as defined by the product settings and the shipping method configuration. The following info is for referential use only'),
	('en', 'text_shipping_rates_changed', 'Shipping rates were changed'),
	('en', 'text_ship_to_billing', 'Order will be delivered to the billing address'),
	('en', 'text_skrill_activate_quick_checkout_short_explanation', 'Skrill Merchant Tools enables you to take payments from credit cards, debit cards and over 60 other local payment options in over 200 countries. The highly competitive rates for this service are published on the Skrill website at www.skrill.com.'),
	('en', 'text_skrill_activate_quick_checkout_short_explanation_1', 'You have sent a request for activation on the [date]. Please be aware that the verification process to use Skrill Merchant Tools could take up to 72 hours. You will be contacted by Skrill when the verification process has been completed.'),
	('en', 'text_skrill_activate_quick_checkout_short_explanation_2', 'After activation Skrill will grant you access to a new section in your Skrill Account called Merchant Tools. There please choose a secret word (NOT the same as your password) and enter it in the section below to connect to Skrill. The secret word is the last step of your activation process and encrypts your payments securely. After successful submission you will be ready to use all the direct payment options of Skrill.'),
	('en', 'text_skrill_currs_notice', 'If you selected a currency that is not the base one in your store, please make sure that it has the correct <a href="http://en.wikipedia.org/wiki/ISO_4217">ISO 4217 code</a> on the <a href="[link]">currencies</a> page.'),
	('en', 'text_skrill_email_is_not_registered', 'Specified email address is not registered in Skrill.'),
	('en', 'text_skrill_email_is_registered', 'Specified email address is registered in Skrill.'),
	('en', 'text_skrill_empty_input_data', 'Some of the fields required for Quick Checkout activation are missing. Please check.'),
	('en', 'text_skrill_logo_notice', 'If your HTTPS server is not set up, the logo will be passed by the HTTP protocol and users will see the "Connection Partially Encrypted" warning on the Skrill page.'),
	('en', 'text_skrill_notice', 'To gain access to the international payment network of Skrill, please register <a href="[register_url]" target="_blank">here</a> for a free account if you do not have one yet.'),
	('en', 'text_skrill_payment_is_not_saved', 'In order to use this feature, please save the payment method first.'),
	('en', 'text_skrill_secred_word_notice', 'The secret word must be in lower case without special characters and at least 10 digits long.'),
	('en', 'text_skrill_secret_word_is_correct', 'Specified secret word is correct.'),
	('en', 'text_skrill_secret_word_is_incorrect', 'Your secret word is incorrect. Please choose your secret word in the Merchant Tools section of your Skrill Account and then enter it here.'),
	('en', 'text_skrill_support', '<b>Support:</b> <br /><br /> Do you have questions?<br /> Contact Skrill on <a href="mailto:">ecommerce@skrill.com</a> or by phone +44 (0) 870 383 0762.<br />'),
	('en', 'text_status_is_float', 'You cannot use time interval for the "Status" parameter because this parameter is time dependent.'),
	('en', 'text_storage_changed', 'Storage changed successfully'),
	('en', 'text_store_mode_changed_to_free', '<p>The 30-day trial period is over. Your store has been automatically switched to the <strong>Free mode</strong>.<p>	<p>Note that only basic set of eCommerce tools is available in the Free mode.<p>	<p>In order to use the use software in the Full mode, you must purchase the full commercial license and enter the license key on the <a class="cm-dialog-opener cm-dialog-auto-size" data-ca-target-id="store_mode_dialog">Licensing mode</a> page in.<p>'),
	('en', 'text_store_mode_changed_to_full', '<strong>Full mode</strong> has been activated. In this mode, all the advanced eCommerce features are available.'),
	('en', '\ntext_store_mode_closed', 'The store was <b>closed</b>'),
	('en', 'text_store_mode_free', 'Some features are unavailable. No time restrictions implied, license number is not required.<br /><br />This mode can be activated at any time.<br /><br />'),
	('en', 'text_store_mode_full', 'Full unrestricted access to all features. Enter a valid license number to activate.<br /><br />This mode can be activated at any time.<br /><br />'),
	('en', 'text_store_mode_opened', 'The store was <b>opened</b>'),
	('en', 'text_store_mode_trial', 'Full access to all features during the 30-day trial period, starting from the time of activation.<br /><br />After the 30-day trial period is over, this mode will become unavailable, and the Free mode will be activated automatically.<br /><br />'),
	('en', 'text_tax_applied', 'The tax <b>[tax]</b> has been applied to all products'),
	('en', 'text_tax_unset', 'The tax <b>[tax]</b> has been removed from all products'),
	('en', 'text_template_changed', 'Your changes have not been saved.Press OK to save changes or Cancel to discard them.'),
	('en', 'text_thaiepay_notice', '<p>Please set the following values in the Thaiepay merchant settings:</p><p>Return Url: <b>[return_url]</b></p><p>Status: <b>Yes (it is important!)</b></p><p>Post Back Url: <b>[postback_url]</b></p><p>Main Parameter: <b>"total" must be checked</b> - it will increase the security of transactions</p><p>Additional Parameter: it is obligatory for successful processing of transactions. For example, you can set <b>name=completed</b> and <b>value=some_secret_word</b>. Copy these values to these form fields: "Additional parameter Name" and "Additional parameter Value".</p>'),
	('en', 'text_thumbnail_manual_loading', 'Thumbnails will be generated from detailed images automatically, but you can also <a id="[id]" class="[class]">upload them manually.</a>'),
	('en', 'text_tinymce', 'TinyMCE'),
	('en', 'text_topmenu_more', 'More [item] <i class="text-arrow">&rarr;</i>'),
	('en', 'text_topmenu_view_more', 'View more <i class="text-arrow">&rarr;</i>'),
	('en', 'text_totalweb_notice', 'Total Web Solutions Pay Page Notice'),
	('en', 'text_track_instructions_sent', 'Access instructions were sent to your e-mail address.'),
	('en', 'text_track_request', 'You requested information on the orders you placed in our store.'),
	('en', 'text_track_view_all_orders', 'To view all your orders, please follow this link:'),
	('en', 'text_track_view_order', 'To view order #[order] please open this link:'),
	('en', 'text_transaction_cancelled', 'Transaction was canceled by the customer'),
	('en', 'text_transaction_declined', 'Transaction was declined by the payment processor or was canceled by the customer'),
	('en', 'text_uc_another_update_process_running', 'Possibly another upgrade process is running.<br />Please wait until it is finished.<br />If the process has finished with an error, you can remove the file [filename] and try to restart the upgrade.<br /><a href="[url]">Remove the lock file and restart the upgrade</a>'),
	('en', 'text_uc_backup_database', 'The following database tables have been backed up'),
	('en', 'text_uc_backup_files', 'The following files have been backed up'),
	('en', 'text_uc_broken_package', 'The upgrade package seems to be broken. Please try to download it again'),
	('en', 'text_uc_cannot_lock_upgrade_process', 'Failed to disable upgrade process launching'),
	('en', 'text_uc_cant_download_package', 'Cannot download the upgrade package'),
	('en', 'text_uc_changed_files', 'These files have local modifications and will be backed up; resolve the conflicts after the upgrade is complete.'),
	('en', 'text_uc_check_ok', 'Your [product] version has been checked successfully. It is ready for upgrade.'),
	('en', 'text_uc_conflicts', 'The following files had local modifications'),
	('en', 'text_uc_db_right_needed', 'Not enough permissions to update database. Please assign the following privileges to your database user [db_user]: [priviliges].'),
	('en', 'text_uc_emergency_restore', 'Attention! Please copy and save the URL below - you can use it to restore your store if upgrade fails.<br /><b>[href]</b>'),
	('en', 'text_uc_failed_to_backup_tables', 'The \ndatabase tables have not been backed up'),
	('en', 'text_uc_failed_to_create_directory', 'Failed to create a new directory'),
	('en', 'text_uc_failed_to_ftp_copy', 'FTP transfer failed'),
	('en', 'text_uc_ftp_cart_directory_not_found', 'The software was not found in the specified directory'),
	('en', 'text_uc_ftp_connection_failed', 'FTP connection failed'),
	('en', 'text_uc_ftp_connect_failed', 'Cannot connect to FTP server. Please check if the host name is correct'),
	('en', 'text_uc_ftp_login_failed', 'Cannot log in to FTP server. Please check if username and password are correct'),
	('en', 'text_uc_ftp_needed', 'FTP credentials to access the files and set proper permissions automatically'),
	('en', 'text_uc_has_conflicts', 'Some of your files had local modifications. You can check them by clicking the following link'),
	('en', 'text_uc_incorrect_upgrade_path', 'Wrong path to upgrade files'),
	('en', 'text_uc_license_number_required', 'Please enter your [product] license number'),
	('en', 'text_uc_list_of_updates_missing', 'List of upgrades is missing'),
	('en', 'text_uc_non_writable_files', 'These files require write permissions set (manually or automatically via FTP)'),
	('en', 'text_uc_no_enough_space_to_backup_database', 'Insufficient disk space to back up the database'),
	('en', 'text_uc_no_ftp_module', 'It seems that no FTP module is installed on your server. You cannot use FTP until this module is installed'),
	('en', 'text_uc_unable_to_create_upgrade_folder', 'Failed to create an upgrade folder'),
	('en', 'text_uc_unable_to_parse_uc_xml', 'Failed to parse the upgrade process descriptor uc.xml'),
	('en', 'text_uc_unable_to_remove_file', 'Failed to remove the file'),
	('en', 'text_uc_unable_to_remove_packages_xml', 'Failed to remove the upgrade descriptor packages.xml'),
	('en', 'text_uc_unable_to_remove_upgrade_lock', 'Failed to remove the upgrade lock file. Please remove the [file] file.'),
	('en', 'text_uc_unable_to_update_list_of_installed_upgrades', 'Failed to update the list of installed upgrades'),
	('en', 'text_uc_upgrade_completed', '<p>Your store has been upgraded successfully.</p>'),
	('en', 'text_uc_upgrade_completed_check_and_open', '<p>Your store was closed during the upgrading procedure. We recommend you to check the work of the store after the upgrade and only then open it.</p><p>You can open the store by unchecking the Close storefront setting under Settings → General.</p>'),
	('en', 'text_uc_upgrade_completed_with_errors', '<p>Errors occurred during the upgrade.</p><p>You can contact <a href="[href]">support team</a> for assistance.</p><p>You can <a href="[restore_link]">restore</a> the previous store version.</p>'),
	('en', 'text_uc_upgrade_log_file_not_writable', 'Upgrade log file is not writable'),
	('en', 'text_uc_upgrade_needed', 'You need to upgrade to version <b>[to_version]</b> before applying this upgrade package (your version is <b>[your_version]</b>).'),
	('en', 'text_uc_upgrade_not_selected', 'No upgrade package is selected'),
	('en', 'text_uc_upgrade_reverted', 'The upgrade has been reverted successfully'),
	('en', 'text_ult_product_store_field_tooltip', 'Product owner. Only product owner can edit all fields in shared products.'),
	('en', 'text_unable_to_parse_xml', 'Failed to parse XML structure'),
	('en', 'text_unsupported_currency', 'The currency which is not supported by the payment system is used on the website. Please contact the store administrator regarding this issue.'),
	('en', 'text_upgrade_available', 'A new version of [product] is available. If you want to upgrade to the latest version now, click <a href="[link]">here</a>.'),
	('en', 'text_usergroup_activated', 'The user group level you requested has been activated'),
	('en', 'text_usergroup_disactivated', 'Your user group level has been deactivated. Please contact us for more information.'),
	('en', 'text_usergroup_request', 'Customer requested user group.'),
	('en', 'text_worldpay_notice', 'Configure your WorldPay account before using the payment.<br /><br />Go to the WorldPay administration page and switch to the Installation section.<br /><br />Fill the fields as follows:<br /><br />Payment Response URL: <b>[return_url]</b><br />Payment Response \nPassword: <b>Make up a secret word.</b> The same word must be entered in the respective field below<br />MD5 secret for transactions: <b>Make up a secret word.</b> The same word must be entered in the respective field below<br />SignatureFields: <b>instId:amount:currency:cartId</b>'),
	('en', 'text_zipcodes_wildcards', 'You are able to use wildcards in this field:<br /><b>\'?\'</b> - any single character;<b>\'*\'</b> - any number of characters.<br /><br /><u>Example:</u><br /><b>98?78</b> &nbsp;&nbsp;(corresponds to 98878, 98378, 98978, etc)<br /><b>12*</b>&nbsp;&nbsp; (corresponds to 12345, 12876, 12098, etc..)'),
	('en', 'theme', 'Theme'),
	('en', 'themes', 'Themes'),
	('en', 'theme_directory', 'Theme directory'),
	('en', 'theme_editor', 'Theme editor'),
	('en', 'theme_editor.background', 'Background'),
	('en', 'theme_editor.backgrounds', 'Backgrounds'),
	('en', 'theme_editor.background_color', 'Background color'),
	('en', 'theme_editor.base_color', 'Base'),
	('en', 'theme_editor.body_font', 'Body'),
	('en', 'theme_editor.browse', 'Browse'),
	('en', 'theme_editor.buttons_font', 'Buttons'),
	('en', 'theme_editor.close', 'Close theme editor'),
	('en', 'theme_editor.colors', 'Colors'),
	('en', 'theme_editor.color_gen_algorithm', 'Colors combination'),
	('en', 'theme_editor.color_gen_analogic', 'Analogic'),
	('en', 'theme_editor.color_gen_base_color', 'Base color'),
	('en', 'theme_editor.color_gen_contrast', 'Contrast'),
	('en', 'theme_editor.color_gen_dark_pastel', 'Dark pastel'),
	('en', 'theme_editor.color_gen_default', 'Default'),
	('en', 'theme_editor.color_gen_light_pastel', 'Light pastel'),
	('en', 'theme_editor.color_gen_monochromatic', 'Monochromatic'),
	('en', 'theme_editor.color_gen_pale', 'Pale'),
	('en', 'theme_editor.color_gen_pastel', 'Pastel'),
	('en', 'theme_editor.color_gen_title', 'Generate colors'),
	('en', 'theme_editor.color_gen_triad', 'Triad'),
	('en', 'theme_editor.color_gen_variant', 'Variation'),
	('en', 'theme_editor.color_gen_vcontrast', 'Contrast'),
	('en', 'theme_editor.content_bg', 'Content'),
	('en', 'theme_editor.css', 'Custom CSS'),
	('en', 'theme_editor.customize', 'Customize'),
	('en', 'theme_editor.decorative_color', 'Decorative'),
	('en', 'theme_editor.discount_label', 'Discount label'),
	('en', 'theme_editor.error_style_exists', 'The style with this name is already exist. Please choose another one.'),
	('en', 'theme_editor.favicon', 'Favicon'),
	('en', 'theme_editor.favicon_size', 'Favicon size must be 16x16 px'),
	('en', 'theme_editor.fixed', 'Fixed'),
	('en', 'theme_editor.font', 'Font'),
	('en', 'theme_editor.fonts', 'Fonts'),
	('en', 'theme_editor.font_color', 'Font'),
	('en', 'theme_editor.footer', 'Footer'),
	('en', 'theme_editor.footer_text', 'Footer text'),
	('en', 'theme_editor.full_width', 'Full width'),
	('en', 'theme_editor.general', 'General'),
	('en', 'theme_editor.general_bg', 'General'),
	('en', 'theme_editor.gradient', 'Gradient'),
	('en', 'theme_editor.header', 'Header'),
	('en', 'theme_editor.headings_font', 'Headings'),
	('en', 'theme_editor.hide_show', 'Hide/show theme editor panel'),
	('en', 'theme_editor.incorrect_style_name', 'Style name can not contain the following characters: "/ # % ? * : ; { }  "'),
	('en', 'theme_editor.in_stock', 'In stock'),
	('en', 'theme_editor.links_font', 'Links'),
	('en', 'theme_editor.link_color', 'Links'),
	('en', 'theme_editor.logos', 'Logos'),
	('en', 'theme_editor.mail', 'Mail'),
	('en', 'theme_editor.main', 'Main content'),
	('en', 'theme_editor.max_image_size', 'The image must not be bigger than 200 kB.'),
	('en', 'theme_editor.menu_color', 'Menu'),
	('en', 'theme_editor.menu_links_color', 'Menu links'),
	('en', 'theme_editor.middle_bg', 'Middle'),
	('en', 'theme_editor.no_repeat', 'No repeat'),
	('en', 'theme_editor.off', 'Off'),
	('en', 'theme_editor.on', 'On'),
	('en', 'theme_editor.out_of_stock', 'Out of stock'),
	('en', 'theme_editor.pattern', 'Pattern'),
	('en', 'theme_editor.position', 'Position'),
	('en', 'theme_editor.styles', 'Styles'),
	('en', 'theme_editor.style', 'Style'),
	('en', 'theme_editor.style_data_cannot_be_saved', 'Style data cannot be saved. You should set write permissions for <b>[theme_dir]</b> directory to fix this issue.'),
	('en', 'theme_editor.style_name', 'Style name'),
	('en', 'theme_editor.price', 'Price'),
	('en', 'theme_editor.price_font', 'Price tag'),
	('en', 'theme_\neditor.primary_button', 'Primary button'),
	('en', 'theme_editor.tertiary_button', 'Tertiary button'),
	('en', 'theme_editor.repeat', 'Repeat'),
	('en', 'theme_editor.repeat_x', 'Repeat x'),
	('en', 'theme_editor.repeat_y', 'Repeat y'),
	('en', 'theme_editor.reset_backgrounds', 'Reset backgrounds'),
	('en', 'theme_editor.reset_colors', 'Reset colors'),
	('en', 'theme_editor.reset_css', 'Reset CSS'),
	('en', 'theme_editor.reset_fonts', 'Reset fonts'),
	('en', 'theme_editor.reset_general', 'Reset general'),
	('en', 'theme_editor.reset_logos', 'Reset logos'),
	('en', 'theme_editor.rounded_corners', 'Rounded corners'),
	('en', 'theme_editor.scroll', 'Scroll'),
	('en', 'theme_editor.secondary_button', 'Secondary button'),
	('en', 'theme_editor.sidebar', 'Sidebar'),
	('en', 'theme_editor.text_align', 'Text alignment'),
	('en', 'theme_editor.text_close_editor', 'Are you sure to exit the theme editor?'),
	('en', 'theme_editor.text_close_editor_unsaved', 'You have unsaved changes. Are you sure to exit from theme editor?'),
	('en', 'theme_editor.text_reset_changes', 'All changes after last save will be reset'),
	('en', 'theme_editor.theme', 'Theme'),
	('en', 'theme_editor.top_panel', 'Top panel'),
	('en', 'theme_editor.top_panel_links', 'Top panel links'),
	('en', 'theme_editor.top_panel_text', 'Top panel text'),
	('en', 'theme_editor.transparent', 'Transparent'),
	('en', 'theme_editor.upload_image', 'Upload image'),
	('en', 'theme_editor.enable', 'Enable Theme editor'),
	('en', 'theme_editor.system_fonts', 'System fonts'),
	('en', 'theme_editor.popular_fonts', 'Popular fonts'),
	('en', 'theme_editor.other_fonts', 'Other fonts'),
	('en', 'theme_editor_mode', 'Theme editor mode'),
	('en', 'the_test_transaction', 'This is a TEST transaction'),
	('en', 'this_day', 'This day'),
	('en', 'this_month', 'This month'),
	('en', 'this_week', 'This week'),
	('en', 'this_year', 'This year'),
	('en', 'ths_sign', 'Ths sign'),
	('en', 'thumb', 'Thumbnail'),
	('en', 'thumbnail', 'Thumbnail'),
	('en', 'thumbnails', 'Thumbnails'),
	('en', 'thumbnails_removed', 'Thumbnails have been removed'),
	('en', 'thumbnail_width', 'Thumbnail width in scroller'),
	('en', 'tier_account', 'tier account'),
	('en', 'time', 'Time'),
	('en', 'timeout', 'Timeout'),
	('en', 'Timestamp', 'Timestamp'),
	('en', 'time_interval', 'Time interval'),
	('en', 'time_unlimited_download', 'Time-unlimited download'),
	('en', 'title', 'Title'),
	('en', 'tmpl_copyright', 'Copyright information'),
	('en', 'tmpl_logo', 'Store logo'),
	('en', 'tmpl_payment_icons', 'Payment systems icons'),
	('en', 'tmpl_quick_links', 'Quick links'),
	('en', 'tmpl_search', 'Search field'),
	('en', 'to', 'TO'),
	('en', 'today', 'Today'),
	('en', 'tools', 'Tools'),
	('en', 'tools_addons_addons_count', 'Addons count'),
	('en', 'tools_addons_current_state', 'Current state'),
	('en', 'tools_addons_no_addons', 'No addons'),
	('en', 'tools_addons_no_third_party_addons', 'No third party addons'),
	('en', 'tools_addons_restore_defaults', 'Restore defaults'),
	('en', 'tooltip', 'Tooltip'),
	('en', 'top_container_not_used', 'This container is NOT used. Top panel container from the default location will be used instead. Set this location as default to use this container as top panel for all locations.'),
	('en', 'top_panel', 'Top panel'),
	('en', 'total', 'Total'),
	('en', 'totally_paid', 'Total paid'),
	('en', 'totals', 'Totals'),
	('en', 'total_amount', 'Total amount'),
	('en', 'total_cost', 'Total cost'),
	('en', 'total_items', 'Total items'),
	('en', 'total_price', 'Total price'),
	('en', 'total_product_cost', 'Total product cost'),
	('en', 'total_results', 'Total results'),
	('en', 'to_all_subcats', 'Apply to all subcategories'),
	('en', 'to_date', 'Date through'),
	('en', 'to_fixed', 'to fixed amount'),
	('en', 'to_percentage', 'to percentage of the original price'),
	('en', 'tpe', 'TPE'),
	('en', 'track', 'Track'),
	('en', 'tracking_num', 'tracking #'),
	('en', 'tracking_number', 'Tracking number'),
	('en', 'tracks', 'Identifier'),
	('en', 'track_my_order', 'Track my order(s)'),
	('en', 'track_orders', 'Track orders'),
	('en', 'track_request_subj', 'Order tracking'),
	('en', 'track_without_options', 'Track without options'),
	('en', 'track_with_options', 'Track with options'),
	('en', 'TransactionDateTime', 'TransactionDateTime'),
	('en', 'transaction_approved', 'Transaction approved'),
	('en', 'transaction_cancelled', 'Transaction was canceled'),
	('en', '\ntransaction_declined', 'Transaction declined'),
	('en', 'transaction_id', 'Transaction ID'),
	('en', 'transaction_datetime', 'Transaction date'),
	('en', 'transaction_key', 'Transaction key'),
	('en', 'transaction_password', 'Transaction password'),
	('en', 'transaction_type', 'Transaction type'),
	('en', 'transaction_url', 'Transaction URL'),
	('en', 'translate', 'Translate'),
	('en', 'translations', 'Translations'),
	('en', 'translation_mode', 'Translation mode'),
	('en', 'tree', 'Tree'),
	('en', 'trial', 'Trial'),
	('en', 'trial_mode_mve_disabled', 'Trial mode is not available anymore since you have a valid license activated for this installation'),
	('en', 'trial_mode_ult_disabled', 'Trial mode cannot be activated'),
	('en', 'trial_notice', 'Your store is in the Trial mode.<br /><br />When the 30-day trial period is over, the Free mode will be activated automatically.<br /><br />In order to keep the full access to all features after the trial period is over and permanently dismiss this message, purchase a license and <a class="cm-dialog-opener cm-dialog-auto-size" data-ca-target-id="store_mode_dialog">activate the Full mode</a>.'),
	('en', 'true', 'True'),
	('en', 'ttc_clean_up_all_locations_on_import', 'Delete all existing locations before importing locations from the file'),
	('en', 'ttc_page_title', 'Page title displayed on a browser panel.'),
	('en', 'ttc_popularity', 'Product popularity rating based on how many times the storefront has been viewed, number of additions to cart and number of purchases.'),
	('en', 'ttc_storefront_url', 'All the storefronts domain names must be associated with the same IP-address. Note: Switch to "All stores" to edit'),
	('en', 'ttc_usergroups', 'At least one item should be selected'),
	('en', 'tts_activate_menu_tab_for', 'The menu item will be shown activated for the specified dispatch.'),
	('en', 'tts_generate_submenu', 'The submenu will include child elements of the selected object.'),
	('en', 'tts_link_text', 'Target URL. May be an external URL, an inner store URL or a dispatch.'),
	('en', 'tt_views_block_manager_update_block_override_by_this', 'If you save the block with this option checked, the current block content value will override the content of this block everywhere it is used in the cart'),
	('en', 'tt_views_block_manager_update_block_width', 'Block width works for blocks located in the group having horizontal direction, for other cases this parameter does not work.'),
	('en', 'tt_views_block_manager_update_location_default', 'One location must be picked as default. Its Top and Bottom containers will be used in all locations.'),
	('en', 'tt_views_cart_components_carts_search_form_online_only', 'If enabled, search results include only users who are online at the moment.'),
	('en', 'tt_views_categories_update_product_details_layout', 'By default, the template that is defined in the appearance settings of the storefront is used'),
	('en', 'tt_views_currencies_update_after_sum', 'If enabled, the symbol of the currency is shown after the sum.'),
	('en', 'tt_views_currencies_update_decimals', 'Number of digits after the decimal sign.'),
	('en', 'tt_views_currencies_update_dec_sign', 'Decimal separator.'),
	('en', 'tt_views_currencies_update_ths_sign', 'Thousand separator.'),
	('en', 'tt_views_database_manage_backup_data', 'If enabled, the database backup file includes the actual table data.'),
	('en', 'tt_views_database_manage_backup_schema', 'If enabled, the database backup file keeps the table structure.'),
	('en', 'tt_views_exim_export_output', 'Choose an action on the file: "Direct download" - to save the file on the local computer, "Screen" - to display the file\'s contents, "Server" - to save the file on the server file system.'),
	('en', 'tt_views_languages_manage_language_code', 'Two-letter code of the language.'),
	('en', 'tt_views_languages_update_country', 'The flag of this country will be used as language icon.'),
	('en', 'tt_views_orders_components_orders_search_form_customer_files', 'If enabled, the search results will contain the orders for which customers loaded their own files.'),
	('en', 'tt_views_payments_update_surcharge_title', 'Leave empty to use the \'Payment surcharge\' as a title'),
	('en', 'tt_\nviews_payments_update_template', 'Template responsible for displaying supplementary fields for the payment method.'),
	('en', 'tt_views_products_components_products_shipping_settings_items_in_box', 'Use this field to define the minimum and maximum number of product items to be shipped in a separate box. Enter a non-zero value and specify the box dimensions below.'),
	('en', 'tt_views_products_components_products_shipping_settings_weight', 'Non-downloadable products with zero weight are handled as having minimal possible non-zero weight'),
	('en', 'tt_views_products_update_categories', 'Please select a category to be displayed in breadcrumbs.'),
	('en', 'tt_views_products_update_inventory', 'Inventory is available for editing only when the \'Enable inventory tracking\' option is enabled'),
	('en', 'tt_views_products_update_list_price', 'Manufacturer suggested retail price.'),
	('en', 'tt_views_products_update_out_of_stock_actions', 'Note that the \'Buy in advance\' option requires a positive product amount while the \'Sign up for notification\' option requires a non-positive amount. Also note that the \'Sign up for notification\' option is not applied to products tracked with options.'),
	('en', 'tt_views_products_update_product_details_layout', 'By default, the template that is defined in the settings of the main product category is used'),
	('en', 'tt_views_product_features_update_feature_display_on_catalog', 'If enabled, the product feature is displayed on catalog pages (product list pages)'),
	('en', 'tt_views_product_features_update_feature_display_on_header', 'If enabled, the feature is shown under the product header'),
	('en', 'tt_views_product_features_update_feature_display_on_product', 'If enabled, the product feature is displayed on the product details page in the storefront'),
	('en', 'tt_views_product_features_update_prefix', 'An affix that precedes the product feature.'),
	('en', 'tt_views_product_features_update_suffix', 'An affix that follows the product feature.'),
	('en', 'tt_views_product_filters_update_display_more_variants_count', 'The remaining variants will be displayed on the separate page.'),
	('en', 'tt_views_product_filters_update_display_variants_count', 'The remaining variants will be hidden behind the "more" link.'),
	('en', 'tt_views_product_options_update_incorrect_filling_message', 'Message that is displayed if the entered data is incorrect.'),
	('en', 'tt_views_product_options_update_inner_hint', 'A note that indicates the value to be entered.'),
	('en', 'tt_views_product_options_update_inventory', 'If enabled, the option is taken into account when forming the product inventory.'),
	('en', 'tt_views_product_options_update_regexp', 'Regular expression specifying a pattern to match.'),
	('en', 'tt_views_product_options_update_required', 'If enabled, the option is mandatory to fill in.'),
	('en', 'tt_views_promotions_update_stop_other_rules', 'If enabled, the other promotions are not applied.'),
	('en', 'tt_views_sales_reports_table_time_interval', 'Periods to analyze (day, week, month, year).'),
	('en', 'tt_views_sales_reports_update_table_dependence', 'Parameter to select values by. It should correspond with the values to display (e.g. Products costs - Total cost or Number of products - Number of items).'),
	('en', 'tt_views_sales_reports_update_table_limit', 'Max number of chart components.'),
	('en', 'tt_views_site_layout_logos_alt_text', 'Leave empty to use company name as alternative text.'),
	('en', 'tt_views_storage_cdn_cname', 'Domain name that you want to use instead of the CloudFront domain name for the URLs for your files. You also need to create a CNAME record with your DNS service to route queries to CloudFront host (it will be displayed on this page after you enter account information).'),
	('en', 'tt_views_storage_cdn_key', 'AWS Access Key ID. See <a href="http://amzn.to/14FZLi3" target="_blank">http://amzn.to/14FZLi3</a> to learn how to get key and secret key.'),
	('en', 'tt_views_taxes_update_regnumber', 'Registration number of this tax in the store.'),
	('en', 'turkish', 'Turkish'),
	('en', 'type', 'Type'),
	('en', 'type_comments_here', 'You can leave us a comment here'),
	('en', 'uc_ok', 'OK'),
	('en', 'uk_cookies_law', 'Cookies are used on this site to provide the best user experience. If you continue, we assume that you agree to receive cookies from this site. <span class="button button-wrap-left"><span class="button button-wrap-right"><a rel="nofollow" href="[url]">OK</a></span></span>'),
	('en', 'ult_share_users_setting_disabled', 'The setting value can not be changed as identical email addresses are registered in your store.'),
	('en', 'unable_delete_vendor_orders_exists', 'Unable to delete this store because there are orders containing the products of this company in the store database. To delete the account, please delete all such orders first.'),
	('en', 'unable_to_assign_usergroup', 'Unable to assign the usergroup. Please contact the shop administrator.'),
	('en', 'unable_to_check_license', 'Unable to check your license number'),
	('en', 'unable_to_delete_setting_description', 'Unable to delete setting description: [reason]'),
	('en', 'unable_to_delete_setting_variant', 'Unable to delete setting_variant: [reason]'),
	('en', 'unable_to_read_resource', 'Unable to read resource: [file]'),
	('en', 'unable_to_update_setting_description', 'Unable to set description: [reason]'),
	('en', 'unable_to_update_setting_value', 'Unable to set value: [reason]'),
	('en', 'unable_to_unpack_file', 'Unable to decompress file'),
	('en', 'ungroupped_features', 'Ungrouped features'),
	('en', 'uninstall', 'Uninstall'),
	('en', 'unique_html_block', 'Unique HTML block'),
	('en', 'unit', 'Unit'),
	('en', 'united_kingdom', 'United Kingdom'),
	('en', 'unit_price', 'Unit price'),
	('en', 'unknown', 'Unknown'),
	('en', 'unknown_server_response', 'Unknown server response'),
	('en', 'unmark', 'Unmark'),
	('en', 'unregistered_customer', 'Unregistered customer'),
	('en', 'unselect_all', 'Unselect all'),
	('en', 'unset_tax_to_products', 'Remove selected taxes from all products'),
	('en', 'unsubscribe', 'Unsubscribe'),
	('en', 'up', 'Up'),
	('en', 'update', 'Update'),
	('en', 'update_categories', 'Update categories'),
	('en', 'update_customer_info', 'Update customer information'),
	('en', 'update_for_all_act', 'New value will be saved for ALL stores which share this item. Click to save it only for the owner-store.'),
	('en', 'update_for_all_dis', 'New value will be saved ONLY for the owner-store. Click to save it for all stores which share this item.'),
	('en', 'update_for_all_hid_act', 'Click to cancel field update.'),
	('en', 'update_for_all_hid_dis', 'Click to enter a new field value to update in all stores when saving item.'),
	('en', 'update_group', 'Update group'),
	('en', 'update_period_expired', '<p class="text-error">Your upgrade subscription has expired, so this software upgrade cannot be installed. You can prolongate your subscription in the <a href="[url]">Customer Help Desk</a>.</p><p>Please note that it is not mandatory: you can continue using this software with no limitation even without an upgrade subscription.</p>'),
	('en', 'update_products', 'Update products'),
	('en', 'update_profile', 'Update profile'),
	('en', 'update_profile_notification', 'Your profile has been updated.'),
	('en', 'update_profile_notification_header', 'Your profile has been updated'),
	('en', 'update_status', 'Update status'),
	('en', 'update_text', 'Update text'),
	('en', 'updating', 'Updating'),
	('en', 'updating_links', 'Updating links'),
	('en', 'upgrade', 'Upgrade'),
	('en', 'upgrade_center', 'Upgrade center'),
	('en', 'upgrade_center.filehash_check_failed', 'Upgrade is impossible due to file integrity check error. Please contact the technical support team.'),
	('en', 'upgrade_center.upgrades_are_not_available_in_trial', 'Upgrades are available only in <strong>Full</strong> and <strong>Free</strong> licensing modes.<br /><br />The licensing mode can be changed under Settings → <a class="cm-dialog-opener cm-dialog-auto-size" data-ca-target-id="store_mode_dialog">Licensing mode</a>.'),
	('en', 'upgrade_flash_player', 'You need to upgrade your Flash Player'),
	('en', 'upgrade_is_not_avail', '<p class="text-error">This upgrade is not available for your [product] license. Please contact our <a href="[href]">support team</a> to update your license status.</p>'),
	('en', 'upload', 'Upload'),
	('en', 'upload_install', '\nUpload & install'),
	('en', 'upload_another_file', 'Upload another file'),
	('en', 'upload_file', 'Upload file'),
	('en', 'ups', 'United Parcel Service'),
	('en', 'url', 'URL'),
	('en', 'user', 'User'),
	('en', 'usergroup', 'User group'),
	('en', 'usergroups', 'User groups'),
	('en', 'usergroups_menu_description', 'List of user groups that exist in your store.'),
	('en', 'usergroup_activated', 'User group has been activated'),
	('en', 'usergroup_disactivated', 'User group has been deactivated'),
	('en', 'usergroup_privileges', 'User group privileges'),
	('en', 'usergroup_request_by_customer', 'User group request by customer'),
	('en', 'username', 'Username'),
	('en', 'users', 'Users'),
	('en', 'users_carts', 'Abandoned / Live carts'),
	('en', 'users_carts_menu_description', 'Lists of products that have not been purchased for some reason.'),
	('en', 'users_menu_description', 'Manage user accounts that are registered at your store.'),
	('en', 'user_type', 'User type'),
	('en', 'user_account_info', 'User account information'),
	('en', 'user_account_information', 'User account information'),
	('en', 'user_cannot_be_deleted', 'Sorry, user with id [user_id] can not be deleted.'),
	('en', 'user_class', 'User-defined CSS-class'),
	('en', 'user_data_required', 'Please select a customer or enter data'),
	('en', 'user_details_page', 'User details page'),
	('en', 'user_group_requests', 'User group requests'),
	('en', 'user_id', 'User ID'),
	('en', 'user_info', 'User information'),
	('en', 'user_pin', 'User PIN'),
	('en', 'user_profile_info', 'User profile information'),
	('en', 'user_settings', 'User settings'),
	('en', 'use_avail_period', 'Use available period'),
	('en', 'use_cardinal', 'Use Cardinal Centinel&reg; for 3-D Secure Payer Authentication'),
	('en', 'use_coupons_commission', 'Coupon commission'),
	('en', 'use_current_link', 'Use the current page link'),
	('en', 'use_custom_view', 'Use custom view'),
	('en', 'use_custom_weight_settings', 'Use custom weight settings'),
	('en', 'use_existing_block', 'Use Existing Block'),
	('en', 'use_existing_store', 'Copy existing store configuration'),
	('en', 'use_negotiated_rates', 'Use negotiated rates'),
	('en', 'use_new_sha_method', 'Use new SHA signature policy'),
	('en', 'usps', 'U.S Postal Service'),
	('en', 'usps_package_size_large', 'Large'),
	('en', 'usps_package_size_regular', 'Regular'),
	('en', 'usps_service_certificate_of_mailing', 'Certificate of mailing'),
	('en', 'usps_service_certificate_of_mailing_for_firm_mailing_books', 'Certificate of mailing for firm mailing books'),
	('en', 'usps_service_certificate_of_mailing_per_individual_article', 'Certificate of mailing per individual article'),
	('en', 'usps_service_certified', 'Certified'),
	('en', 'usps_service_collect_on_delivery', 'Collect on delivery'),
	('en', 'usps_service_delivery_confirmation', 'USPS Tracking/Delivery confirmation'),
	('en', 'usps_service_edelivery_confirmation', 'e-Delivery Confirmation'),
	('en', 'usps_service_express_mail_insurance', 'Express mail insurance'),
	('en', 'usps_service_insurance', 'Insurance'),
	('en', 'usps_service_pick_up_on_demand', 'Pick up on demand'),
	('en', 'usps_service_registered_mail', 'Registered mail'),
	('en', 'usps_service_registered_without_insurance', 'Registered without insurance'),
	('en', 'usps_service_registered_with_insurance', 'Registered with insurance'),
	('en', 'usps_service_return_receipt', 'Return receipt'),
	('en', 'usps_service_return_receipt_electronic', 'Return receipt electronic'),
	('en', 'usps_service_return_receipt_for_merchandise', 'Return receipt for merchandise'),
	('en', 'usps_service_signature_confirmation', 'Signature confirmation'),
	('en', 'usps_size', 'Please specify the package width, height and length for Priority mail, if Package Size is Large only.'),
	('en', 'valid', 'Period of validity'),
	('en', 'validate_email', 'Validate E-mail'),
	('en', 'validate_secret_word', 'Validate secret word'),
	('en', 'valid_thru', 'Valid thru (mm/yy)'),
	('en', 'value', 'Value'),
	('en', 'value_to_display', 'Value to display'),
	('en', 'variant', 'Variant'),
	('en', 'variants', 'Variants'),
	('en', 'variant_name', 'Variant name'),
	('en', 'vendor', 'Store'),
	('en', 'vendors', 'Stores'),
	('en', 'vendors_menu_description', 'Sorted list of company accounts registered in the store.'),
	('en', 'vendor_id', 'Store ID'),
	('en', 'vendor_name', 'Store \nname'),
	('en', 'vendor_pages', 'Store pages'),
	('en', 'version', 'Version'),
	('en', 'vertical', 'Vertical'),
	('en', 'very_good', 'Very Good'),
	('en', 'view', 'View'),
	('en', 'viewing_feature', 'Viewing feature'),
	('en', 'viewing_filter', 'Viewing filter'),
	('en', 'view_all', 'view all'),
	('en', 'view_all_orders', 'View all orders'),
	('en', 'view_all_product_features', 'View all product features'),
	('en', 'view_cart', 'View cart'),
	('en', 'view_categories', 'View categories'),
	('en', 'view_compare_list', 'Compare list'),
	('en', 'view_details', 'View details'),
	('en', 'view_orders', 'View orders'),
	('en', 'view_orders_menu_description', 'View, process and print invoices slips for orders placed from your web site.'),
	('en', 'view_page', 'View page'),
	('en', 'view_product', 'View product'),
	('en', 'view_products', 'View products'),
	('en', 'view_product_features', 'View product features'),
	('en', 'view_purchased_products', 'View purchased products'),
	('en', 'view_report', 'View report'),
	('en', 'view_results', 'View results'),
	('en', 'view_storefront', 'View STOREFRONT'),
	('en', 'view_vendor_categories', 'View store categories'),
	('en', 'view_vendor_orders', 'View store orders'),
	('en', 'view_vendor_products', 'View store products'),
	('en', 'view_vendor_users', 'View store users'),
	('en', 'visa_card_discover', 'Visa, MasterCard, Discover'),
	('en', 'visited_page', 'Visited page'),
	('en', 'voided', 'Voided'),
	('en', 'warning', 'Warning'),
	('en', 'warning_default_language_disabled', 'The default language defined in your settings has been disabled or deleted. Please update the Frontend default language value on the following page: <a href="[link]">Settings :: Appearance</a>'),
	('en', 'default_language_status', 'Status of the Default language cannot be changed'),
	('en', 'default_currency_status', 'Status of the Primary currency cannot be changed'),
	('en', 'warning_https_disabled', 'The secure connection check has failed. Please check HTTPS settings in the "config.php" file and make sure that SSL certificate is installed on your server.'),
	('en', 'warning_insecure_admin_script', 'It is strongly recommended that you rename the default <b>admin.php</b> script (check the <a href="[href]" target="_blank">Knowledge base</a>) for security reasons.'),
	('en', 'warning_insecure_password', 'The password must be different from the username! <p><a href="[link]" class="underlined"><b>Change password &#155;&#155;</b></a></p>'),
	('en', 'warning_insecure_password_email', 'The password must be different from the E-mail! <p><a href="[link]" class="underlined"><b>Change password &#155;&#155;</b></a></p>'),
	('en', 'warning_lanvar_incorrect_name', 'Language variable name contains unsupported characters!'),
	('en', 'warning_not_deleted_default_language', 'The [lang_name] language cannot be deleted because it is the default store language'),
	('en', 'warning_promotions_incorrect_condition', 'The "[condition]" condition can be used in groups with "[set_value]" conditions only.'),
	('en', 'warning_store_optimization_dev', 'Auto cache update enabled.<br /><br />Modified files are tracked in real time (including the files modified directly on server) and re-cached.<br /><br />Store performance may be slightly affected. Recommended to disable on production in the <a href="[link]">Themes</a>.'),
	('en', 'warning_store_optimization_dev_disabled', 'Auto cache update disabled.<br /><br />Clear compiled templates manually after modifying the theme files by following <a href="[link]">this link</a> to apply the changes.'),
	('en', 'warning_subscr_email_exists', '<b>[email]</b> is already in the subscribers list'),
	('en', 'warning_theme_clone_dir_exists', 'Can not clone theme, because directory you entered is already exist. Please enter another one.'),
	('en', 'warning_track_orders_not_allowed', 'You are not allowed to view the details of this order.'),
	('en', 'warning_track_orders_not_found', 'The E-mail/Order ID you entered doesn\'t exist'),
	('en', 'warning_variants_removal', 'Clicking on Save will remove product feature values.'),
	('en', 'website', 'Website'),
	('en', 'web_pages', 'Web pages'),
	('en', 'web_site', 'Website'),
	('en', 'week', 'Week'),
	('en', 'weekday_0', 'Sunday'),
	('en', 'weekday_1', 'Monday'),
	('en', 'weekday_2', 'Tuesday'),
	('en', 'weekday_3', 'Wednesday'),
	('en', 'weekday_4', 'Thursday'),
	('en', 'weekday_5', 'Friday'),
	('en', 'weekday_6', 'Saturday'),
	('en', 'weekday_abr_0', 'Sun'),
	('en', 'weekday_abr_1', 'Mon'),
	('en', 'weekday_abr_2', 'Tue'),
	('en', 'weekday_abr_3', 'Wed'),
	('en', 'weekday_abr_4', 'Thu'),
	('en', 'weekday_abr_5', 'Fri'),
	('en', 'weekday_abr_6', 'Sat'),
	('en', 'weeks', 'week(s)'),
	('en', 'weight', 'Weight'),
	('en', 'weight_dependences', 'Weight dependencies'),
	('en', 'weight_limit', 'Weight limit'),
	('en', 'weight_modifier', 'Weight modifier'),
	('en', 'weight_symbol', 'Weight symbol'),
	('en', 'well_done', 'Well done!'),
	('en', 'what_is_cvv2', 'What is CVV/CVC'),
	('en', 'widget_code', 'Widget code'),
	('en', 'width', 'Width'),
	('en', 'without_image', 'Without image'),
	('en', 'with_contact_information', 'With contact information only'),
	('en', 'world', 'World'),
	('en', 'worldnettps_hash_error', 'An error occurred. Error details: Request and Response hash do not match.'),
	('en', 'worldpay_secret', 'MD5 secret for transactions'),
	('en', 'wrapper', 'Wrapper'),
	('en', 'write', 'Write'),
	('en', 'year', 'Year'),
	('en', 'yes', 'Yes'),
	('en', 'yesterday', 'Yesterday'),
	('en', 'your_message', 'Your message'),
	('en', 'your_name', 'Your name'),
	('en', 'your_range', 'Your range'),
	('en', 'you_have_no_permissions', 'You have no permissions'),
	('en', 'you_save', 'You save'),
	('en', 'zero_price_action', 'Zero price action'),
	('en', 'zipcodes', 'Zip/Postal codes'),
	('en', 'zip_postal_code', 'Zip/postal code'),
	('en', 'zone', 'Zone'),
	('en', 'zpa_ask_price', 'Ask customer to enter the price'),
	('en', 'zpa_permit', 'Allow customers to add the product to cart'),
	('en', 'zpa_refuse', 'Do not allow customers to add the product to cart'),
	('en', 'po_file', 'Choose a file in the PO or ZIP format'),
	('en', 'text_free_mode_activated', 'You have switched your store to the Free mode.<br><br>Note that in this mode some features (e.g. certain add-ons) are unavailable.'),
	('en', 'hidden_categories', 'Hidden categories'),
	('en', 'clone_categories', 'Copy categories'),
	('en', 'clone_layouts', 'Copy layouts'),
	('en', 'clone_pages', 'Share pages'),
	('en', 'clone_payments', 'Share payment methods'),
	('en', 'clone_products', 'Share products'),
	('en', 'clone_product_features', 'Share product features'),
	('en', 'clone_product_filters', 'Share product filters'),
	('en', 'clone_profile_fields', 'Share profile fields'),
	('en', 'clone_promotions', 'Share promotions'),
	('en', 'clone_settings', 'Copy settings'),
	('en', 'clone_shippings', 'Share shipping methods'),
	('en', 'clone_sitemap', 'Copy sitemap'),
	('en', 'clone_static_data_clone', 'Copy menus'),
	('en', 'text_uc_failed_to_decompress_files', 'Failed to extract files from the archive'),
	('en', 'development', 'Development'),
	('en', 'check_po_file', 'PO-file contains syntax errors or incorrect structure. Please re-check it and upload again.'),
	('en', 'product_option_delimiter', 'Option delimiter'),
	('en', 'text_product_option_delimiter', 'Delimiter for product options within an option combination (e.g. "Color: Red, Size: Small")'),
	('en', 'upload_addon', 'Upload & install add-on'),
	('en', 'upload_theme', 'Upload theme'),
	('en', 'install_theme_text', 'Uploading and installing a new theme is a great way to personalize your storefront. You can upload a theme by picking a [exts] format archive and clicking <strong>Upload</strong>.'),
	('en', 'non_writable_directories', 'The following directories do not have writable permissions'),
	('en', 'text_set_write_permissions_for_dirs', 'You can set the write permissions for the Web server to the directories listed above or provide an FTP-access with the write permissions to these directories.'),
	('en', 'ftp_server_options', 'FTP server options'),
	('en', 'ftp_directory', 'FTP directory'),
	('en', 'recheck', 'Re-check'),
	('en', 'use_this_style', 'Use this style'),
	('en', 'upload_via_ftp', 'Upload via FTP'),
	('en', 'invalid_ftp_access', 'Invalid FTP access'),
	('en', 'install_addon_text', 'Add-ons extend the functionality of your store. <br /> You can install an add-on by picking a [exts] format archive and clicking Upload & install.'),
	('en', 'xml_error', 'XML parse error'),
	('en', 'column', 'Column'),
	('en', 'checking_core_version_is_not_suitable', 'Version of your cart ([version]) is \nnot supported. Minimal: [min]. Maximal: [max].'),
	('en', 'checking_core_edition_is_not_suitable', 'Edition of your cart ([current_edition]) is not supported. Required: [required_edition].'),
	('en', 'checking_php_version_is_not_suitable', 'PHP version ([version]) is not supported. Minimal: [min]. Maximal: [max].'),
	('en', 'checking_extension_should_be_installed', 'The [extension] extension should be installed on your server for correct add-on operation.'),
	('en', 'checking_extension_should_be_removed', 'The [extension] extension should be removed from your server for correct add-on operation.'),
	('en', 'checking_extension_version_is_not_suitable', 'The [extension] version ([version]) is not supported by the add-on. Minimal: [min]. Maximal: [max].'),
	('en', 'scroll_per_page', 'Scroll per page'),
	('en', 'payments.paypal_adv_layout', 'Layout'),
	('en', 'payments.layout_a', 'Layout A'),
	('en', 'payments.layout_b', 'Layout B'),
	('en', 'payments.layout_c', 'Layout C'),
	('en', 'payments.eway_rapidapi_rsp.header_text', 'Header text'),
	('en', 'payments.futurepay.zipcode_combination_error', 'The Zip code does not match the state entered. Please re-enter and try your purchase again.'),
	('en', 'payments.futurepay.amount_error', 'FuturePay can only be used on orders under $500'),
	('en', 'payments.futurepay.country_error', 'FuturePay is currently unavailable outside of America'),
	('en', 'payments.futurepay.customer_error', 'You currently have an outstanding application with FuturePay which needs resolving'),
	('en', 'payments.futurepay.phone_error', 'There was no phone number entered for your billing address. Please enter a phone number and try again'),
	('en', 'payments.futurepay.zipcode_error', 'The Zip code you entered for your billing address corresponds to a Military (APO/FPO/DPO), PO Box or other non-physical address. To approve your application we require a Zip code associated with a physical address in the U.S.'),
	('en', 'payments.futurepay.order_exists', 'The reference exists with an order that has completed sales attached'),
	('en', 'filter_by_categories', 'Filter by categories'),
	('en', 'default_filter_by_location', 'No filter specified. Filter by location set as default.'),
	('en', 'theme_information', 'Theme information'),
	('en', 'developer', 'Developer'),
	('en', 'theme_styles_and_layouts', 'Theme styles and layouts'),
	('en', 'activate', 'Activate'),
	('en', 'export_layout', 'Export layout'),
	('en', 'import_layout', 'Import layout'),
	('en', 'create_new_layout', 'Create new layout'),
	('en', 'update_current_layout', 'Update current layout'),
	('en', 'get_social', 'Get social'),
	('en', 'uc_searchanise_disabled', 'The Searchanise add-on was automatically disabled during upgrade to avoid false search results. Activate it at any time on the <a href="[url]">Add-ons</a> page.'),
	('en', 'text_store_closed', 'Sorry, the store is temporarily closed for maintenance.'),
	('en', 'theme_editor.presets', 'Presets'),
	('en', 'theme_editor.preset_data_cannot_be_saved', 'Preset data cannot be saved. You should set write permissions for <b>[theme_dir]</b> directory to fix this issue.'),
	('en', 'theme_editor.preset_name', 'Preset name'),
	('en', 'active_preset', 'Active preset'),
	('en', 'theme_editor.error_preset_exists', 'The preset with this name is already exist. Please choose another one.'),
	('en', 'theme_editor.incorrect_preset_name', 'Preset name can not contain the following characters: "/ # % ? * : ; { }  "'),
	('en', 'theme_editor.convert_to_css', 'Convert to CSS'),
	('en', 'theme_editor.text_convert_to_css', '<p>Generate CSS files from LESS (for manual editing).</p><p>IMPORTANT: You won\'t be able to use the Theme editor to customize the storefront!</p><p><i>The original LESS files will be backed up and you will be able to restore them later</i></p>'),
	('en', 'theme_editor.enable_less', 'Enable LESS'),
	('en', 'theme_editor.warning_css_changes_will_be_reverted', '<p>You should switch back to LESS to be able to use the Theme editor, because it deals with LESS files instead of plain CSS.</p><p><strong>Important:</strong> All CSS files will be overwritten during the restore! Custom CSS modifications will be saved in the backup directory.</p>'),
	('en', 'theme_editor.\nconfirm_enable_less', 'Your CSS modifications will be backed up and overwritten. Are you sure to continue with the LESS restore?'),
	('en', 'theme_editor.error_theme_converted_to_css', 'Compiled CSS files do not support styling. Restore LESS in the <a target="_blank" href="[url]">Theme editor</a> to be able to change styles.'),
	('en', 'need_product_name', 'You have to specify product name'),
	('en', 'api_required_field', 'The [field] field is required'),
	('en', 'update_translation', 'Update from PO file'),
	('en', 'po_meta_error_validating_lang_code', 'Language code in the PO file does not match that of the updated language'),
	('en', 'error_class_phar_data_not_found', 'The PharData class not found. Read more: <a href="https://php.net/manual/en/class.phardata.php">https://php.net/manual/en/class.phardata.php</a>'),
	('en', 'error_class_zip_archive_not_found', 'The ZipArchive class not found. Read more: <a href="https://php.net/manual/en/class.ziparchive.php">https://php.net/manual/en/class.ziparchive.php</a>'),
	('en', 'make_archive', 'Make archive'),
	('en', 'marketplace', 'Marketplace'),
	('en', 'marketplace_find_more', 'Find more add-ons and themes in <a href="[href]" target="_blank">Marketplace</a>'),
	('en', 'extract_archive', 'Extract archive'),
	('en', 'seo', 'SEO'),
	('en', 'text_magnific', 'MagnificPopup'),
	('en', 'bulk_print_packing_slip', 'Packing slip bulk print'),
	('en', 'bulk_print_pdf', 'Invoice bulk print (PDF)'),
	('en', 'text_all_categories_included', 'All categories included'),
	('en', 'text_all_products_included', 'All products included'),
	('en', 'usergroup_registered', 'Registered user'),
	('en', 'person_name', 'Name'),
	('en', 'promotions.cond_any', 'any'),
	('en', 'promotions.cond_all', 'all'),
	('en', 'promotions.cond_true', 'true'),
	('en', 'promotions.cond_false', 'false'),
	('en', 'text_select_vendor', 'Please select a store first'),
	('en', 'views', 'Views'),
	('en', 'product_must_have_owner_category', 'Product must belong to some category created by the owner company.'),
	('en', 'access_restrictions', 'Access restrictions'),
	('en', 'add_ips', 'Add IPs'),
	('en', 'new_ips', 'New IPs'),
	('en', 'add_domains', 'Add domains'),
	('en', 'new_domains', 'New domains'),
	('en', 'add_emails', 'Add e-mail addresses'),
	('en', 'new_emails', 'New e-mail addresses'),
	('en', 'new_credit_card', 'New credit card'),
	('en', 'add_credit_card', 'Add credit card'),
	('en', 'privileges.manage_access_restrictions', 'Manage access restrictions'),
	('en', 'domain', 'Domain'),
	('en', 'warning_of_ip_adding', 'The entered IP address <b>[entered_ip]</b> forbids access to the administration panel from your computer (your IP is <b>[your_ip]</b>).'),
	('en', 'text_cc_number_is_blocked', 'The credit card number <b>[cc_number]</b> is blocked by the administrator. Please contact the store administrator or try another one.'),
	('en', 'text_not_valid_ip', '<b>[ip]</b> is not a valid ip address.'),
	('en', 'text_not_valid_domain', '<b>[domain]</b> is not a valid domain name.'),
	('en', 'text_not_valid_cc_number', '<b>[cc_number]</b> is not a valid credit card number.'),
	('en', 'text_email_is_blocked', 'The e-mail address <b>[email]</b> is blocked by the administrator. Please contact the store administrator or try another one.'),
	('en', 'text_ips_denied', 'You are not allowed to access this area'),
	('en', 'text_ip_blocked_failed_login', 'The IP was blocked after [number] unsuccessful logins'),
	('en', 'text_ip_is_blocked', 'Your IP address is blocked.'),
	('en', 'store_admin', 'Store administrator'),
	('en', 'your_ip_added', 'Your IP address <b>[ip]</b> has been added to the access restrictions table.'),
	('en', 'your_ip_enabled', 'Your IP address <b>[ip]</b> has been enabled in the access restrictions table.'),
	('en', 'your_ip_removed', 'Your IP address <b>[ip]</b> has been removed from the access restrictions table.'),
	('en', 'ip_from', 'IP from'),
	('en', 'ip_to', 'IP to'),
	('en', 'text_access_notice', 'You can use the wildcards for the "Domain", "E-mail" and "Credit Card" tabs: <br /><b>*</b> - can represent any number of characters, including zero<br /><b>?</b> - can represent any single character.'),
	('en', 'ips', 'IPs'),
	('en', 'make_permanent', 'Make permanent'),
	('en', 'credit_card_number', 'Credit card \nnumber'),
	('en', 'attachments', 'Attachments'),
	('en', 'new_attachment', 'New attachment'),
	('en', 'add_attachment', 'Add attachment'),
	('en', 'editing_attachment', 'Editing attachment'),
	('en', 'banners.new_banner', 'New banner'),
	('en', 'banners.editing_banner', 'Editing banner'),
	('en', 'add_banner', 'Add banner'),
	('en', 'banner', 'Banner'),
	('en', 'banners', 'Banners'),
	('en', 'banners_menu_description', 'Create graphic and text banners that can then be placed on the storefront.'),
	('en', 'banner_code', 'Banner code'),
	('en', 'banner_code_for_some_products', 'Banner code for some products'),
	('en', 'manage_banners', 'Manage banners'),
	('en', 'block_banners', 'Banners'),
	('en', 'block_banners_description', 'Visual and text banners'),
	('en', 'privileges.view_banners', 'View banners'),
	('en', 'privileges.manage_banners', 'Manage banners'),
	('en', 'add_banners', 'Add banners'),
	('en', 'add_banners_and_close', 'Add banners and close'),
	('en', 'graphic_banner', 'Graphic banner'),
	('en', 'text_banner', 'Text banner'),
	('en', 'banners_statistics', 'Banners statistics'),
	('en', 'conversion', 'Conversion'),
	('en', 'please_enable_the_add_on_to_see_barcode', 'Please enable the add-on to see a code example.'),
	('en', 'sort_by_bestsellers_asc', 'Sort by Bestselling: Low to High'),
	('en', 'sort_by_bestsellers_desc', 'Sort by Bestselling'),
	('en', 'sort_by_on_sale_asc', 'Sort by discount: Low to High'),
	('en', 'sort_by_on_sale_desc', 'Sort by discount: High to Low'),
	('en', 'sales_amount', 'Sales amount'),
	('en', 'bestselling', 'Bestselling'),
	('en', 'on_sale', 'On sale'),
	('en', 'buy_together', 'Buy together'),
	('en', 'specify_options', 'Specify options'),
	('en', 'total_list_price', 'Total list price'),
	('en', 'price_for_all', 'Price for all'),
	('en', 'add_all_to_cart', 'Add all to cart'),
	('en', 'editing_combination', 'Editing combination'),
	('en', 'buy_together_calculation_information', 'Total price: [total_price], Discount: [discount], Combination price: [combination_price]'),
	('en', 'display_in_promotions', 'Display in promotions'),
	('en', 'combination_products', 'Combination products'),
	('en', 'share_discount', 'Share discount'),
	('en', 'buy_together_is_not_compatible_with_configurator', '[product_name] cannot be added to combination. Buy together is not compatible with the Product configurator addon'),
	('en', 'buy_together_is_not_compatible_with_recurring_billing', '[product_name] cannot be added to combination. Buy together is not compatible with the Recurring billing addon'),
	('en', 'buy_together_combination_cannot_be_added', 'Combination cannot be added to cart'),
	('en', 'buy_together_product_was_removed', '[product] did not have enough amount ([amount]) and was removed from the cart'),
	('en', 'buy_together_fill_the_mandatory_fields', 'Please specify product options before adding this product combination to the cart.'),
	('en', 'catalog_mode', 'Catalog Mode'),
	('en', 'text_catalog_mode_zero_price_action_notice', 'In order that the "Buy now" button could be displayed on the product details page, please set "Zero price action" as "Allow customers to add the product to cart".'),
	('en', 'buy_now_url', 'Buy Now URL'),
	('en', 'data_feeds', 'Data feeds'),
	('en', 'data_feed', 'Data feed'),
	('en', 'export_by_cron', 'Export by cron'),
	('en', 'export_by_cron_to', 'Export by cron to'),
	('en', 'add_new_datafeed', 'New data feed'),
	('en', 'add_datafeed', 'Add data feed'),
	('en', 'datafeed_name', 'Data feed name'),
	('en', 'save_directory', 'Server directory'),
	('en', 'ftp_url', 'FTP server'),
	('en', 'ftp_url_hint', 'The format is: FTPHOST[:PORT][/DIRECTORY]. Example: ftp.yourhost.com:21/home/username/folder'),
	('en', 'ftp_user', 'FTP username'),
	('en', 'ftp_pass', 'FTP password'),
	('en', 'fields', 'Fields'),
	('en', 'field_name', 'Field name'),
	('en', 'field_type', 'Field type'),
	('en', 'map_fields', 'Fields mapping'),
	('en', 'update_datafeed', 'Editing data feed'),
	('en', 'export_cron_hint', 'Use the following line to run the script according to schedule'),
	('en', 'exported_items', 'Exported items'),
	('en', 'ftp_connection_problem', 'Unable connect to FTP server. Please, check FTP connection information'),
	('en', 'categories_products', 'Products from categories'),
	('en', 'local_export', 'Download'),
	('en', 'upload_to_ftp', 'Upload to FTP \nserver'),
	('en', 'cron_export', 'Cron export settings'),
	('en', 'export_to_server', 'Export to server'),
	('en', 'export_to_ftp', 'FTP server options'),
	('en', 'ftp', 'FTP'),
	('en', 'check_server_export_settings', 'Check server export settings'),
	('en', 'exclude_disabled_products', 'Exclude disabled products'),
	('en', 'general_settings', 'General settings'),
	('en', 'enclosure', 'Enclosure'),
	('en', 'comments_and_reviews_menu_description', 'Customer comments and reviews on products, categories, orders, etc.'),
	('en', 'discussion_title_category', 'Reviews'),
	('en', 'discussion_title_giftreg', 'Guestbook'),
	('en', 'discussion_title_home_page_menu_description', 'Manage the testimonials from your store visitors.'),
	('en', 'discussion_title_news', 'Comments'),
	('en', 'discussion_title_order', 'Communication'),
	('en', 'discussion_title_page', 'Comments'),
	('en', 'discussion_title_product', 'Reviews'),
	('en', 'discussion_title_return', 'Communication'),
	('en', 'no_posts_found', 'No posts found'),
	('en', 'your_rating', 'Your rating'),
	('en', 'comments_and_reviews', 'Comments and reviews'),
	('en', 'discussion_title_home_page', 'Testimonials'),
	('en', 'text_enabled_testimonials_notice', 'Testimonials are disabled. To enable, please go to <a href="[link]">Comments and reviews: options</a> and select the "Communication", "Rating" or "Communication and Rating" value in "Testimonials" field.'),
	('en', 'discussion_title_company', 'Reviews'),
	('en', 'communication', 'Communication'),
	('en', 'rating', 'Rating'),
	('en', 'cant_find_thread', 'Thread can not be found.'),
	('en', 'error_already_posted', 'You have posted in this discussion already'),
	('en', 'text_thank_you_for_post', 'Thank you for your post'),
	('en', 'text_post_pended', 'Your post will be checked before it gets published.'),
	('en', 'discussion', 'Comments and reviews'),
	('en', 'text_new_post_notification', 'This is a notification of a new post to'),
	('en', 'text_approval_notice', 'This post needs approving'),
	('en', 'latest_reviews', 'Latest comments & reviews'),
	('en', 'comment_by', 'Comment by'),
	('en', 'and', 'and'),
	('en', 'add_post', 'Add post'),
	('en', 'not_approved', 'Not approved'),
	('en', 'discussion_manager', 'Comments and reviews'),
	('en', 'testimonials', 'Testimonials'),
	('en', 'privileges.view_discussions', 'View comments and reviews'),
	('en', 'privileges.manage_discussions', 'Manage comments and reviews'),
	('en', 'block_testimonials', 'Testimonials'),
	('en', 'block_testimonials_description', 'User testimonials'),
	('en', 'sort_by_rating_asc', 'Sort by rating: Low to High'),
	('en', 'sort_by_rating_desc', 'Sort by rating'),
	('en', 'reviews', 'review|reviews'),
	('en', 'write_review', 'Write a review'),
	('en', 'D', 'Disabled'),
	('en', 'subscribers_menu_description', 'Manage newsletter subscribers and settings.'),
	('en', 'email_marketing.subscription_confirmed', 'Thank you for subscribing to our newsletter'),
	('en', 'email_marketing.text_subscription_confirmed', 'Your subscription has been confirmed. No extra actions is required.'),
	('en', 'email_marketing.subscription_pending', 'Email confirmation is required!'),
	('en', 'email_marketing.text_subscription_pending', 'Thank you for subscribing to our newsletter.<p>A confirmation email has been sent to you. Please use the link in the email to confirm your subscription</p>'),
	('en', 'email_marketing.confirm_subscription', 'Please confirm subscription'),
	('en', 'email_marketing.text_confirm_subscription', 'We received a subscription request from you. Please confirm it:<p><a href="[href]">Click here to confirm your subscription to our newsletter</a></p>If you received this email by mistake, simply delete it. You won\'t be subscribed if you don\'t click the confirmation link above.'),
	('en', 'email_marketing.subscription_confirmed_2', 'Subscription confirmed'),
	('en', 'email_marketing.text_subscription_confirmed_2', 'Your subscription to our newsletter has been confirmed. Thank you for subscribing!'),
	('en', 'email_marketing.email_subscribed', 'You were subscribed to our newsletter'),
	('en', 'email_marketing.text_email_subscribed', 'Thank you for subscribing to our newsletter. <p>If at any time you wish to stop receiving our emails, <a href="[href]">click on this link to unsubscribe</a>.\n</p>'),
	('en', 'email_marketing.email_subscribed_2optin', 'Subscription confirmed'),
	('en', 'email_marketing.text_email_subscribed_2optin', 'Your subscription to our newsletter has been confirmed.<p>If at any time you wish to stop receiving our emails, <a href="[href]">click on this link to unsubscribe</a>.</p>'),
	('en', 'email_marketing.unsubscribe_successful', 'Unsubscribe successful'),
	('en', 'email_marketing.text_unsubscribe_successful', 'Your email has been removed from our list.'),
	('en', 'email_marketing.export_all', 'Export all'),
	('en', 'email_marketing.enter_api_key_and_save', 'Enter API key and save first'),
	('en', 'email_marketing.warning_email_exists', '[email] is already subscribed'),
	('en', 'email_marketing.new_subscriber', 'New subscriber'),
	('en', 'email_marketing.sync', 'Sync'),
	('en', 'email_marketing.text_subscribe', 'Subscribe to our newsletter'),
	('en', 'email_marketing.tmpl_subscription', 'Newsletter subscription form'),
	('en', 'privileges.manage_email_marketing', 'Manage email marketing addon'),
	('en', 'privileges.view_email_marketing', 'View email marketing addon'),
	('en', 'new_form', 'New form'),
	('en', 'editing_form', 'Editing form'),
	('en', 'form_builder', 'Form builder'),
	('en', 'form_submit_text', 'Form submit text'),
	('en', 'email_to', 'E-mail to'),
	('en', 'form_is_secure', 'Form is secure (SSL)'),
	('en', 'add_form', 'Add form'),
	('en', 'base', 'Base'),
	('en', 'multiple_checkboxes', 'Multiple checkboxes'),
	('en', 'multiple_selectbox', 'Multiple selectbox'),
	('en', 'separator', 'Separator'),
	('en', 'special', 'Special'),
	('en', 'countries_list', 'Countries list'),
	('en', 'states_list', 'States list'),
	('en', 'referer', 'Referer'),
	('en', 'gift_certificate', 'Gift certificate'),
	('en', 'gift_certificates', 'Gift certificates'),
	('en', 'gift_certificates_menu_description', 'View and manage the gift certificates that customers have purchased.'),
	('en', 'gift_certificate_info', 'Gift certificate info'),
	('en', 'gift_certificate_verification', 'Gift certificate verification'),
	('en', 'gift_cert_code', 'Gift certificate code'),
	('en', 'gift_cert_debit', 'Debit balance'),
	('en', 'gift_cert_from', 'From'),
	('en', 'gift_cert_to', 'To'),
	('en', 'promotion_bonus_gift_certificate', 'Gift certificate'),
	('en', 'purchase_gift_certificate', 'Purchase Gift Certificate'),
	('en', 'text_gift_certificate_logo', 'Logo for <b>gift certificates</b>'),
	('en', 'text_gift_cert_amount_alert', 'Amount should be between [min] and [max]'),
	('en', 'text_gift_cert_has_been_deleted', 'Gift certificate has been deleted successfully.'),
	('en', 'error_gift_cert_code', 'The gift certificate code you entered is invalid. Please try again.'),
	('en', 'gift_add_products', 'Add products for a gift'),
	('en', 'gift_comment', 'Message'),
	('en', 'certificate_verification', 'Validate/Redeem gift certificate'),
	('en', 'detailed_info', 'Detailed information'),
	('en', 'history', 'History'),
	('en', 'gift_certificate_statuses', 'Gift certificate statuses'),
	('en', 'text_gift_cert_applied', 'Gift certificate has been applied'),
	('en', 'certificate_already_used', 'This gift certificate is already in use'),
	('en', 'certificate_code_not_available', 'Gift certificate cannot be applied. Please contact the store administration.'),
	('en', 'certificate_code_not_valid', 'Gift certificate code is not valid'),
	('en', 'warning_gift_cert_deny', 'The following gift certificates have been deleted or cancelled by administrator and have been removed from your cart: [codes]. Please contact the store administrator or try another one.'),
	('en', 'text_gift_cert_cannot_delete', 'Gift certificate [code] cannot be deleted because it is used in order(s) [ids].'),
	('en', 'gift_cert_amount_changed', 'Gift certificate amount has been changed.'),
	('en', 'purchased', 'Purchased'),
	('en', 'used', 'Used'),
	('en', 'create_gift_certificate_for_customer', 'Create Gift Certificate for this customer'),
	('en', 'related_gift_cert', 'Related gift certificates'),
	('en', 'add_gift_certificate', 'Add gift certificate'),
	('en', 'gift_certificate_status', 'Gift certificate status'),
	('en', 'current_amount', 'Current amount'),
	('en', 'mail', 'Mail'),
	('en', 'statuses', 'statuses'),
	('en', 'new_certificate', 'New certificate'),
	('en', 'editing_certificate', 'Editing certificate'),
	('en', 'shop_now', 'Shop now'),
	('en', 'theme_editor.gift_cert', 'Gift Certificate'),
	('en', 'promo_code_or_certificate', 'Gift certificate or promo code'),
	('en', 'gift_certificate_added_to_cart', 'Gift certificate was added to your cart'),
	('en', 'gift_certificates_verify', 'Gift certificate verification'),
	('en', 'block_gift_certificates_verify', 'Gift certificate verification'),
	('en', 'block_gift_certificates_verify_description', 'Gift certificate input and validation'),
	('en', 'gift_cert_error_amount', 'Amount should not be higher than [max] and less than [min]'),
	('en', 'privileges.manage_gift_certificates', 'Manage gift certificate system'),
	('en', 'change_gift_certificate_status', 'Change gift certificate status to'),
	('en', 'gift_cert_with_products', 'Purchasing products and gift certificates together is impossible. Please, place the current order and repeat your attempt.'),
	('en', 'sitemap_clear_cache_info', 'If products, categories, etc. were added or changed, please <a href="[clear_cache_url]">clear the cache</a> to regenerate the XML sitemap.<br /><br /> [sitemap_available_in_customer]'),
	('en', 'sitemap_available_in_customer', 'Sitemap is available by this link: <a href="[sitemap_url]">[sitemap_url]</a><br /><br />Sitemap can be reached by the URL <a href="[http_location]/sitemap.xml">[http_location]/sitemap.xml</a> if SEO addon is enabled. If it is disabled, you need to add the following code to the ".htaccess" file to get this URL working:<br />RewriteRule ^sitemap.xml$ [sitemap_url] [L]<br />Add this line after the "RewriteBase" line.<br /><br />'),
	('en', 'always', 'Always'),
	('en', 'hourly', 'Hourly'),
	('en', 'daily', 'Daily'),
	('en', 'weekly', 'Weekly'),
	('en', 'monthly', 'Monthly'),
	('en', 'yearly', 'Yearly'),
	('en', 'never', 'Never'),
	('en', 'help_tutorial.need_help', 'Need help?'),
	('en', 'text_hidpi_support_enabled', 'HiDPI support is enabled'),
	('en', 'text_hidpi_support_tooltip', 'What does HiDPI stand for?HiDPI stands for High resolution Dots Per Inch when referring to displays. For example, the Retina displays found on the iPhone, iPad, and MacBook Pro are HiDPI.'),
	('en', 'text_hidpi_install', 'All newly uploaded images will be automatically shrinked to improve loading time on non-HiDPI devices. Existing images are not changed. It is recommended to upload high-definition images.'),
	('en', 'text_hidpi_uninstall', 'Some images may be shrinked to improve loading time on non-HiDPI devices. You may want to re-upload the images with better resolution.'),
	('en', 'hybrid_auth_need_update_profile', 'The "Password" field and some other mandatory fields are empty at the moment. Please update your profile.'),
	('en', 'hybrid_auth_social_login', 'Or sign-in with another identity provider'),
	('en', 'hybrid_auth_unspecified_error', 'Unspecified error'),
	('en', 'hybrid_auth_configuration_error', 'Social login configuration error'),
	('en', 'hybrid_auth_provider_error_configuration', 'Provider not properly configured'),
	('en', 'hybrid_auth_wrong_provider', 'Unknown or disabled provider'),
	('en', 'hybrid_auth_missing_credentials', 'Missing provider application credentials'),
	('en', 'hybrid_auth_failed_auth', 'Authentication failed. The user has canceled the authentication or the provider refused the connection'),
	('en', 'hybrid_auth_connecting_provider', 'Contacting <b>[provider]</b>. Please wait...'),
	('en', 'hybrid_auth_cant_create_profile', 'Unfortunately, we failed to create a customer and log in to the store due to one of the following reasons:<br />- You logged in to our store earlier using some other OpenID provider in which the same email is used.<br />- You have already registered in our store using your email.<br />Please contact the store owner to resolve the problems.'),
	('en', 'google_callback_url', 'Google callback URL'),
	('en', 'janrain_general_info', '<p>Get these values and configure social login at <a href="http://janrain.com" target="_blank">janrain.com</a></p>'),
	('en', 'janrain_social_login', 'Social login'),
	('en', 'janrain_need_update_profile', 'The "Password" field and some other mandatory fields are empty at the moment. Please update your profile.'),
	('en', 'janrain_cant_create_profile', '\nUnfortunately, we failed to create a customer and log in to the store due to one of the following reasons:<br />- You logged in to our store earlier using some other OpenID provider in which the same email is used.<br />- You have already registered in our store using your email.<br />Please contact the store owner to resolve the problems.'),
	('en', 'news', 'News'),
	('en', 'newsletters_menu_description', 'Create and send newsletters to your customer.'),
	('en', 'news_menu_description', 'Manage news that is published in News box on the storefront.'),
	('en', 'news_plain', 'Plain'),
	('en', 'text_signup_for_subscriptions', 'Sign up for our newsletters!'),
	('en', 'tmpl_subscription', 'Newsletter subscription form'),
	('en', 'log_type_news', 'News'),
	('en', 'news_and_emails', 'News & e-mails'),
	('en', 'unsubscribe_link', 'Unsubscribe link'),
	('en', 'ne_add_subscribers_from_users', 'Add subscribers from the list of users'),
	('en', 'ne_warning_subscr_email_exists', '<b>[email]</b> is already in the subscribers list'),
	('en', 'warning_subscribers_import', 'Some mailing lists from the input file could not be found in the database. Certain imported subscribers will be left unassigned.'),
	('en', 'subscribers_menu_item_text', 'Subscribers'),
	('en', 'news_list_page', 'News list page'),
	('en', 'view_news_page', 'News page'),
	('en', 'block_mailing_lists', 'Newsletter subscription'),
	('en', 'block_news', 'News'),
	('en', 'block_mailing_lists_description', 'Email field for newsletter subscription'),
	('en', 'block_news_description', ''),
	('en', 'privileges.view_news', 'View news'),
	('en', 'privileges.manage_news', 'Manage news'),
	('en', 'warning_newsletter_no_recipients', 'Newsletter hasn\'t been sent because no recipients were found matching the selected criteria.'),
	('en', 'text_newsletter_sent', 'The newsletter(s) have been sent successfully.'),
	('en', 'email_cannot_be_empty', 'E-mail cannot be empty'),
	('en', 'sending_email_to', 'Sending email to [email]...'),
	('en', 'text_subscriber_added', 'Your e-mail has been successfully added to our free e-mail updates list'),
	('en', 'error_email_already_subscribed', 'Your e-mail is already subscribed.'),
	('en', 'text_subscriber_removed', 'Your e-mail has been successfully removed from our free e-mail updates list'),
	('en', 'text_subscriber_activated', 'Your email has been successfully activated'),
	('en', 'link_message_for_test_letter', 'The link will be displayed in a live newsletter'),
	('en', 'newsletters', 'Newsletters'),
	('en', 'templates', 'Templates'),
	('en', 'autoresponders', 'Autoresponders'),
	('en', 'campaigns', 'Campaigns'),
	('en', 'sent', 'Sent'),
	('en', 'add_news', 'Add news'),
	('en', 'add_news_and_close', 'Add news and close'),
	('en', 'subscribers_num', 'Number of subscribers'),
	('en', 'editing_mailing_list', 'Editing mailing list'),
	('en', 'from_name', 'From name'),
	('en', 'from_email', 'From email'),
	('en', 'reply_to', 'Reply to'),
	('en', 'register_autoresponder', 'Confirmation email'),
	('en', 'no_autoresponder', 'No autoresponder'),
	('en', 'show_on_checkout', 'Show at checkout'),
	('en', 'show_on_registration', 'Show on registration'),
	('en', 'show_on_separate_page', 'Show on separate page'),
	('en', 'editing_news', 'Editing news'),
	('en', 'new_news', 'New news'),
	('en', 'campaign_stats', 'Campaign statistics'),
	('en', 'add_campaign', 'Add campaign'),
	('en', 'new_campaign', 'New campaign'),
	('en', 'newsletter_templates', 'Newsletter templates'),
	('en', 'newsletter_autoresponders', 'Newsletter autoresponders'),
	('en', 'subject', 'Subject'),
	('en', 'add_newsletter', 'Add newsletter'),
	('en', 'add_template', 'Add template'),
	('en', 'add_autoresponder', 'Add autoresponder'),
	('en', 'more_subjects', 'Random subjects (one per line)'),
	('en', 'body_html', 'HTML body'),
	('en', 'no_template', 'No template'),
	('en', 'load', 'Load'),
	('en', 'campaign', 'Campaign'),
	('en', 'send_to', 'Send to'),
	('en', 'add_recipients_from_users', 'Add recipients from users'),
	('en', 'customers_with_abandoned', 'Customers with abandoned'),
	('en', 'cart_or_wishlist', 'Cart or Wishlist'),
	('en', 'which_is', 'which is'),
	('en', 'days_old', 'days old'),
	('en', 'send_to_test_email', 'Send to test email'),
	('en', 'save_and_send', 'Save and send'),
	('en', 'newsletter', 'Newsletter'),
	('en', 'newsletter_template', 'Newsletter template'),
	('en', 'newsletter_autoresponder', 'Newsletter autoresponder'),
	('en', 'mailing_list', 'Mailing list'),
	('en', 'confirmed', 'Confirmed'),
	('en', 'subscribed_to', 'Subscribed to [num] lists'),
	('en', 'subscribed', 'Subscribed'),
	('en', 'text_success_subscription', 'You have been successfully subscribed to our free e-mail updates and promotions!'),
	('en', 'text_unsubscribe_instructions', 'We respect your privacy and do not send unsolicited e-mail to users who have not requested correspondence. You have received this e-mail because you requested to receive our free updates and promotions.<br /><br /> If you wish to unsubscribe, please follow the link below:'),
	('en', 'updates_subscription', 'updates and promotions subscription'),
	('en', 'ult_shared_with', 'Shared with:'),
	('en', 'tt_addons_news_and_emails_views_mailing_lists_update_from_email', 'Email of a sender.'),
	('en', 'tt_addons_news_and_emails_views_mailing_lists_update_from_name', 'Name of a sender (e.g. company name).'),
	('en', 'tt_addons_news_and_emails_views_mailing_lists_update_reply_to', 'Email to send replies to.'),
	('en', 'tt_addons_news_and_emails_views_newsletters_update_more_subjects', 'If several subjects are specified, email subject is randomly picked from this list.'),
	('en', 'tt_addons_news_and_emails_views_newsletters_update_users', 'If the message text contains the unsubscribe link, it will be empty for these users.'),
	('en', 'add_mailing_lists', 'Add mailing list'),
	('en', 'add_subscribers', 'Add subscribers'),
	('en', 'new_mailing_lists', 'New mailing list'),
	('en', 'new_subscribers', 'New subscribers'),
	('en', 'tmpl_polls_central', 'Central'),
	('en', 'tmpl_polls_side', 'Side box'),
	('en', 'polls_answers_with_comments', 'Answers with comments'),
	('en', 'polls_have_completed', 'You have already completed this poll.'),
	('en', 'polls_total_votes', 'Total votes'),
	('en', 'polls', 'Polls'),
	('en', 'new_poll', 'New poll'),
	('en', 'editing_poll', 'Editing poll'),
	('en', 'use_for_polls', 'Polls'),
	('en', 'text_you_have_already_filled_this_poll', 'You have already completed this poll'),
	('en', 'block_polls', 'Polls'),
	('en', 'block_polls_description', ''),
	('en', 'poll', 'Poll'),
	('en', 'questions', 'Questions'),
	('en', 'poll_statistics', 'Poll statistics'),
	('en', 'add_polls_and_close', 'Add polls and close'),
	('en', 'add_polls', 'Add polls'),
	('en', 'required_not_answered', 'You should answer all the mandatory questions'),
	('en', 'thanks_for_voting', 'Thank you for taking time to complete this poll.'),
	('en', 'poll_show_results', 'Poll results visible to'),
	('en', 'poll_results_nobody', 'nobody'),
	('en', 'poll_results_voted', 'voted users'),
	('en', 'poll_results_everybody', 'everybody (in a pop-up)'),
	('en', 'poll_header', 'Poll header'),
	('en', 'poll_footer', 'Poll footer'),
	('en', 'poll_results', 'Poll message'),
	('en', 'new_question', 'New question'),
	('en', 'add_question', 'Add question'),
	('en', 'editing_question', 'Editing question'),
	('en', 'add_poll', 'Add poll'),
	('en', 'polls_total_submited', 'Total number of submitted poll forms'),
	('en', 'polls_total_completed', 'Number of poll forms completed in full'),
	('en', 'polls_first_submited', 'First poll form submitted'),
	('en', 'polls_last_submited', 'Last poll form submitted'),
	('en', 'statistics_by_questions', 'Statistics by questions'),
	('en', 'view_answers', 'View answers'),
	('en', 'polls_votes', 'Votes'),
	('en', 'answers', 'Answers'),
	('en', 'question_text', 'Question text'),
	('en', 'select_single_type', 'Select single option'),
	('en', 'select_one_or_more_type', 'Select one or more options'),
	('en', 'text_answer_type', 'Provide a textual answer'),
	('en', 'answer_text', 'Answer text'),
	('en', 'text_box', 'Text box'),
	('en', 'tt_addons_polls_hooks_pages_tabs_content_post_poll_results', 'Message that is displayed in the storefront after the poll is completed.'),
	('en', 'price_list', 'Price list'),
	('en', 'selected_fields', 'Selected fields'),
	('en', 'xml_info', 'Use this link to download the price list in XLS (MS Excel) format'),
	('en', 'ult_xml_info', 'Use this links to download the price list in XLS (MS Excel) format'),
	('en', 'pdf_info', 'Use this link to download the price list in PDF format'),
	('en', 'ult_pdf_info', 'Use this links to download the price list in PDF format'),
	('en', 'clear_cache_\ninfo', 'If columns were added or changed, please <a href="[clear_cache_url]">clear the cache</a> to regenerate the price list.'),
	('en', 'generating_pdf', 'Generating PDF. Please, be patient...'),
	('en', 'generating_xls', 'Generating XLS. Please, be patient...'),
	('en', 'xls_currencies_note', 'Please, note: the prices in XLS will be indicated in base currency.'),
	('en', 'price_list_ziparchive_not_installed', 'Impossible to create XML price list. Please add zip support in PHP on your server. Follow <a href="http://www.php.net/manual/en/zip.installation.php">http://www.php.net/manual/en/zip.installation.php</a>.'),
	('en', 'required_products', 'Required products'),
	('en', 'required_products_added', 'The following required product(s) were added to your cart'),
	('en', 'required_products_out_of_stock', 'This product cannot be added to your cart, because following required product(s) are out of stock:'),
	('en', 'reward_points', 'Reward points'),
	('en', 'reward_points_log', 'Reward points log'),
	('en', 'reward_points_menu_description', 'Assign global reward points in your store.'),
	('en', 'promotion_cond_reward_points', 'Points on user account'),
	('en', 'points', 'Points'),
	('en', 'points_in_use', 'Points in use'),
	('en', 'points_in_use_lower', 'points in use'),
	('en', 'points_lower', 'points'),
	('en', 'points_to_use', 'Points to use'),
	('en', 'point_payment', 'Point payment'),
	('en', 'point_price', 'Price in points'),
	('en', 'text_increase_points_in_use', 'The points used in the order were added to user account.'),
	('en', 'text_points_used_in_order', 'Points were used in order'),
	('en', 'text_point_in_account', 'You have'),
	('en', 'pay_by_points', 'Allow payment by points'),
	('en', 'override_per', 'Override global PER'),
	('en', 'override_gc_points_brief', 'Override global/category points'),
	('en', 'text_points_exceed_points_on_account', 'The number of the points entered by you exceeds the number of points at your account.'),
	('en', 'text_points_exceed_points_that_can_be_applied', 'The number of points entered by you exceeds the number of points that can be applied to this order.'),
	('en', 'text_points_cannot_applied_because_subtotal_redeemed', 'Points cannot be applied because the subtotal is completely redeemed.'),
	('en', 'text_cannot_apply_points_to_this_order_because_total', 'Unfortunately, you cannot apply points to this order, because the total cost is zero.'),
	('en', 'text_cannot_apply_points_to_this_order_because_user', 'Unfortunately, you cannot apply points to this order, because you do not have enough points at the account.'),
	('en', 'text_order_status_has_not_been_changed', 'The order status has not been changed, because the user did not have enough points.'),
	('en', 'price_in_points_increased', 'Price in points has been increased by'),
	('en', 'price_in_points_decreased', 'Price in points has been decreased by'),
	('en', 'earned_points', 'Points earned per product'),
	('en', 'override_g_points', 'Override global point value for all products in this category'),
	('en', 'amount_type', 'Amount type'),
	('en', 'maximum', 'Maximum'),
	('en', 'earned_point_modifier', 'Earned point modifier'),
	('en', 'override_gc_points', 'Override global/category point value for this product'),
	('en', 'view_user_points', 'View user points'),
	('en', 'log', 'Log'),
	('en', 'subtract', 'Subtract'),
	('en', 'change_points', 'Change points'),
	('en', 'add_subtract_points', 'Add & subtract points'),
	('en', 'cleanup_log', 'Cleanup log'),
	('en', 'we_would_like_to_inform', 'We would like to inform you that'),
	('en', 'reward_points_subj_added_to', 'have been added to your account.'),
	('en', 'reward_points_subj_subtracted_from', 'have been subtracted from your account.'),
	('en', 'privileges.manage_reward_points', 'Manage reward points system'),
	('en', 'returned_products', 'Returned products'),
	('en', 'rma_return', 'Return'),
	('en', 'no_return_requests_found', 'No return requests found'),
	('en', 'returned_product', 'Returned product'),
	('en', 'returns', 'Returns'),
	('en', 'returns_info', 'Returns info'),
	('en', 'return_info', 'Return information'),
	('en', 'order_returns', 'Order returns'),
	('en', 'return_registration', 'Request a replacement or a refund'),
	('en', 'return_requests', 'Return requests'),
	('en', 'return_requests_\nmenu_description', 'View and process return requests from orders placed on your web site.'),
	('en', 'return_status', 'Return status'),
	('en', 'return_period', 'Return period'),
	('en', 'what_you_would_like_to_do', 'What would you like to do'),
	('en', 'rma_notify_supplier', 'Notify supplier'),
	('en', 'add_reason', 'Add reason'),
	('en', 'new_reason', 'New reason'),
	('en', 'type_comment', 'Type comments here'),
	('en', 'return_requests_note', 'Go to the list of your return requests'),
	('en', 'privileges.manage_rma', 'Manage RMA system'),
	('en', 'text_return_change_warning', 'The status of return #[return_id] will be changed'),
	('en', 'returnable', 'Returnable'),
	('en', 'returnable_product', 'Returnable product'),
	('en', 'rma_request_statuses', 'RMA request statuses'),
	('en', 'return_products_information', 'Return products information'),
	('en', 'declined_products_information', 'Declined products information'),
	('en', 'rma_reasons', 'RMA reasons'),
	('en', 'rma_actions', 'RMA actions'),
	('en', 'rma', 'RMA'),
	('en', 'return_period_days', 'Return period (days)'),
	('en', 'all_actions', 'All actions'),
	('en', 'order_total_will_changed', 'The order total will be changed by'),
	('en', 'shipping_costs_will_changed', 'Shipping costs will be changed by'),
	('en', 'decline_products', 'Decline products'),
	('en', 'create_gift_certificate', 'Create gift certificate'),
	('en', 'accept_products', 'Accept products'),
	('en', 'recalculate_order', 'Recalculate order'),
	('en', 'manually_recalculate_order', 'Recalculate the order manually'),
	('en', 'dont_recalculate_order', 'Do not recalculate order'),
	('en', 'delete_this_return', 'Delete this return'),
	('en', 'update_totals_and_inventory', 'Update totals and inventory'),
	('en', 'request_statuses', 'request statuses'),
	('en', 'rss_feed', 'RSS feed'),
	('en', 'feed_title', 'Feed title'),
	('en', 'feed_description', 'Feed description'),
	('en', 'rss_sort_by', 'Sort items by'),
	('en', 'rss_display_sku', 'Display SKU'),
	('en', 'rss_display_image', 'Display image'),
	('en', 'rss_display_price', 'Display gross price'),
	('en', 'rss_display_original_price', 'Display net price'),
	('en', 'rss_display_add_to_cart', 'Display add to cart button'),
	('en', 'rss_created', 'Created'),
	('en', 'rss_updated', 'Updated'),
	('en', 'block_rss_feed', 'RSS feed'),
	('en', 'block_rss_feed_description', 'RSS feed subscription icon'),
	('en', 'seo_rules_menu_description', 'Use this section to define global rules for the URLs rewritten in your store.'),
	('en', 'seo.redirects_manager_menu_description', 'Manages redirect rules from old URLs'),
	('en', 'controller_description', 'If you want to specify a SEO-name for the URL, e.g. http://example.com/index.php?dispatch=<b>categories.catalog</b>, you need to enter the "<b>categories.catalog</b>" value into the "<b>The value of the "dispatch" parameter from the URL</b>" field and specify the SEO name in the "<b>SEO name</b>" field.'),
	('en', 'seo_name', 'SEO name'),
	('en', 'warning_seo_urls_disabled', 'SEO-friendly URLs are disabled. Check your web server and URL manipulation engine settings.'),
	('en', 'dispatch_value', 'Dispatch value'),
	('en', 'url_dispatch_part', 'The value of the "dispatch" parameter from the URL'),
	('en', 'new_rule', 'New rule'),
	('en', 'seo_rules', 'SEO rules'),
	('en', 'seo_page_title', 'page [n]'),
	('en', 'privileges.manage_seo_rules', 'Manage SEO rules and 301 redirects'),
	('en', 'privileges.view_seo_rules', 'View SEO rules and 301 redirects'),
	('en', 'seo.redirects_manager', '301 redirects'),
	('en', 'seo.old_url', 'Old URL'),
	('en', 'seo.new_url', 'New URL'),
	('en', 'seo.new_redirect', 'New Redirect'),
	('en', 'seo.error_old_url_exists', 'The URL you\'re redirecting from is already exist'),
	('en', 'seo.rich_snippets', 'Google rich snippets preview'),
	('en', 'seo.rich_snippets_rating', 'Rating'),
	('en', 'seo.rich_snippets_reviews', '[n] review|[n] reviews'),
	('en', 'seo.create_redirect', 'Create redirect from old URL'),
	('en', 'seo.error_incorrect_url', 'Incorrect format for <b>[url]</b> URL. For example, if your URL is <b>http://example.com/path/to/object</b>, you need to enter <b>/path/to/object</b>'),
	('en', 'tt_addons_seo_views_seo_redirects_manage_seo.old_url', 'For example, if your URL is <b>http://example.com/path/to/object</b>, you need to enter <b>/\npath/to/object</b>'),
	('en', 'facebook', 'Facebook'),
	('en', 'facebook_obj_type', 'Facebook object type'),
	('en', 'fb_activities', 'Activities'),
	('en', 'fb_businesses', 'Businesses'),
	('en', 'fb_groups', 'Groups'),
	('en', 'fb_organizations', 'Organizations'),
	('en', 'fb_people', 'People'),
	('en', 'fb_places', 'Places'),
	('en', 'fb_products_entertainment', 'Products and Entertainment'),
	('en', 'fb_websites', 'Websites'),
	('en', 'error_no_recipient_address', 'Please enter your friends e-mail address to proceed'),
	('en', 'recommendation_from', 'Recommendation from'),
	('en', 'text_recommendation_notes', 'Your friend has recommended this page to you. Please follow the link:'),
	('en', 'your_email', 'Your e-mail'),
	('en', 'name_of_friend', 'Name of your friend'),
	('en', 'email_of_friend', 'E-mail of your friend'),
	('en', 'share_via_email', 'Share via E-Mail'),
	('en', 'sb_share', 'Share'),
	('en', 'view_on_map', 'View on map'),
	('en', 'get_api_key', 'Obtaining an API Key'),
	('en', 'block_store_locator', 'Store locator'),
	('en', 'block_store_locator_description', 'Store locator block'),
	('en', 'text_address_not_found', 'Address not found'),
	('en', 'select_coordinates', 'Select coordinates'),
	('en', 'set', 'Set'),
	('en', 'editing_store_location', 'Editing store location'),
	('en', 'new_store_location', 'New store location'),
	('en', 'add_store_location', 'Add store location'),
	('en', 'coordinates', 'Coordinates'),
	('en', 'latitude_short', 'lat'),
	('en', 'longitude_short', 'long'),
	('en', 'all_stores', 'All stores'),
	('en', 'zoom', 'Map zoom'),
	('en', 'map_type_control', 'MapType control'),
	('en', 'zoom_control', 'Zoom control'),
	('en', 'scale_control', 'Scale control'),
	('en', 'tags_menu_description', 'Manage the tags that are added to different pages of your store.'),
	('en', 'tmpl_my_tag_cloud', 'My tag cloud'),
	('en', 'popular_tags', 'Popular tags'),
	('en', 'sign_in_to_enter_tags', 'Sign in to enter tags'),
	('en', 'tag_cloud', 'Tag cloud'),
	('en', 'my_tags', 'My tags'),
	('en', 'my_tags_summary', 'My tags summary'),
	('en', 'tags', 'Tags'),
	('en', 'block_tags', 'Tags'),
	('en', 'block_tags_description', 'Product tags'),
	('en', 'addons.tags.add_a_tag', 'add a tag'),
	('en', 'items_marked_by_tag', 'Items marked by the tag "[tag]":'),
	('en', 'my_items_marked_by_tag', 'My items marked by the tag "[tag]":'),
	('en', 'tag', 'Tag'),
	('en', 'new_tag', 'New tag'),
	('en', 'add_tag', 'Add tag'),
	('en', 'twgadmin_access_id', 'Access ID'),
	('en', 'twgadmin_more_than_year', 'More than a year'),
	('en', 'twgadmin_error_cannot_connect_store', 'Cannot connect to Twigmo service at this time. Please try again later. If the problem is still there, please visit <a href="http://support.twigmo.com" target="_blank">Twigmo Support Portal</a> for assistance.'),
	('en', 'twgadmin_text_store_connected', 'Your store was connected to Twigmo service successfully!'),
	('en', 'twgadmin_connect_your_store', 'Connect your store to the Twigmo service'),
	('en', 'twgadmin_connect', 'Connect'),
	('en', 'tt_addons_twigmo_settings_settings_twgadmin_home_page_content', 'If \'Desktop home page blocks\' is selected, there are all the supported types of the desktop home page blocks displayed on the Mobile Storefront home page. If \'Twigmo home page blocks\' is selected, Twigmo home page blocks are displayed (configured in \'Design\'->\'Blocks\'->\'Twigmo home page\'). If a category is selected, only its products are displayed on the Mobile Storefront home page.'),
	('en', 'twgadmin_manage_settings', 'Service account infomation'),
	('en', 'twgadmin_manage_storefront_settings', 'Mobile Storefront settings'),
	('en', 'twgadmin_wrong_api_object_data', 'Wrong [object] data'),
	('en', 'twgadmin_wrong_api_data', 'Wrong API data'),
	('en', 'twgadmin_wrong_shipping_info', 'Failed to place order: wrong shipping data'),
	('en', 'twgadmin_wrong_payment_info', 'Failed to place order: wrong payment data'),
	('en', 'twgadmin_object_was_not_found', 'The [object] data were not found'),
	('en', 'twgadmin_fail_create_user', 'Failed to create user'),
	('en', 'twgadmin_fail_post_order', 'Failed to place order'),
	('en', 'twg_post_request_fail', 'Failed to post request'),
	('en', 'twgadmin_error_validator_required', 'The \'[field]\' field is mandatory'),
	('en', 'twgadmin_mobile_version', 'Mobile version'),
	('en', '\ntwgadmin_text_updates_available', 'A new version of Twigmo add-on is available! <a href="[link]">Click here to upgrade to it</a>.'),
	('en', 'twgadmin_home_page_content', 'Home page content'),
	('en', 'twgadmin_use_mobile_frontend_for', 'Show mobile version for'),
	('en', 'twgadmin_phones', 'Phones'),
	('en', 'twgadmin_tablets', 'Tablets'),
	('en', 'twgadmin_home_page_blocks', 'Desktop home page blocks'),
	('en', 'twgadmin_tw_home_page_blocks', 'Twigmo home page blocks'),
	('en', 'twgadmin_homepage', 'Twigmo home page'),
	('en', 'twgadmin_edit_these_blocks', 'Edit these blocks'),
	('en', 'twgadmin_select_skin', 'Skin'),
	('en', 'twgadmin_hide_header', 'Hide header'),
	('en', 'twg_btn_load_more_items', 'Load More'),
	('en', 'twg_btn_log_in_to_checkout', 'Sign in to checkout'),
	('en', 'twg_lbl_copy_from_billing', 'Ship to the same address'),
	('en', 'twg_msg_date_invalid', 'Please enter a valid date.'),
	('en', 'twg_msg_dateiso_invalid', 'Please enter a valid date (YYYY-MM-DD).'),
	('en', 'twg_msg_digits_required', 'Please enter only digits.'),
	('en', 'twg_msg_email_invalid', 'Please enter a valid email address.'),
	('en', 'twg_msg_extension_invalid', 'Please enter a value with a valid extension.'),
	('en', 'twg_msg_field_required', 'This field is required.'),
	('en', 'twg_msg_fill_required_fields', 'Please fill in all the required fields.'),
	('en', 'twg_msg_field_invalid', 'Please fix this field.'),
	('en', 'twg_msg_max_length', 'Please enter no more than {0} characters.'),
	('en', 'twg_msg_max_value', 'Please enter a value less than or equal to {0}.'),
	('en', 'twg_msg_min_length', 'Please enter at least {0} characters.'),
	('en', 'twg_msg_min_value', 'Please enter a value greater than or equal to {0}.'),
	('en', 'twg_msg_number_invalid', 'Please enter a valid number.'),
	('en', 'twg_msg_order_was_placed', 'Your order has been placed!<br />The order ID is '),
	('en', 'twg_msg_orders_were_placed', 'Your orders have been placed!<br />The order IDs are '),
	('en', 'twg_msg_cc_invalid', 'Please enter a valid credit card number.'),
	('en', 'twg_msg_range_length', 'Please enter a value between {0} and {1} characters long.'),
	('en', 'twg_msg_range_value', 'Please enter a value between {0} and {1}.'),
	('en', 'twg_msg_same_value_required', 'Please enter the same value again.'),
	('en', 'twg_msg_url_invalid', 'Please enter a valid URL.'),
	('en', 'twg_cart_info', '[amount] ([total])'),
	('en', 'twg_share', 'Share'),
	('en', 'twg_facebook', 'Facebook'),
	('en', 'twg_twitter', 'Twitter'),
	('en', 'twg_desktop_site', 'Desktop site'),
	('en', 'twgadmin_connect_to_first_ult', 'Your store is not connected to the Twigmo service yet. Please ask the root store administrator to do it.'),
	('en', 'twgadmin_mobile_logo', 'Mobile Storefront logo'),
	('en', 'twgadmin_mobile_favicon', 'iOS device home screen icon'),
	('en', 'twgadmin_url_for_facebook', 'URL of your Facebook page'),
	('en', 'twgadmin_url_for_twitter', 'URL of your Twitter page'),
	('en', 'twgadmin_only_req_profile_fields', 'Show only user profile fields marked as required'),
	('en', 'twgadmin_reinstall', 'The version of Twigmo add-on files does not match the one in the database, so the mobile version of your store has been disabled. Please re-install Twigmo add-on (click Uninstall, then Install on the add-ons list) to enable it.'),
	('en', 'twg_view_cart_checkout', 'View cart & checkout'),
	('en', 'twg_sign_in_to_checkout', 'Sign in to checkout'),
	('en', 'twg_only_via_desktop', 'This product can be added to cart only via the [linkOpen]desktop website[linkClose].'),
	('en', 'twg_share_on_social', 'Share on social networks'),
	('en', 'twgadmin_order_via_twigmo', '[This order was placed via Twigmo Mobile Storefront]'),
	('en', 'twgadmin_on_social', 'Twigmo on social media'),
	('en', 'twg_contact_twigmo_support', 'Contact Twigmo support'),
	('en', 'twgadmin_enable_geolocation', 'Enable geolocation'),
	('en', 'tt_addons_twigmo_settings_settings_twgadmin_enable_geolocation', 'If enabled, shipping and billing address fields will be populated with the address determined by a geolocation service on the registration and checkout pages.'),
	('en', 'twg_billing_is_the_same', 'Billing address is the same'),
	('en', 'twgadmin_upgrade_addon', 'Twigmo add-on upgrade has started.'),
	('en', 'twgadmin_download_\ntwigmo', 'Downloading Twigmo upgrade package. Please wait...'),
	('en', 'twgadmin_checking_permissions', 'Done.</br>Checking file permissions...'),
	('en', 'twgadmin_no_files_permissions', 'Error: Cannot overwrite the existing Twigmo add-on files. Please check and correct the file permissions manually or [link]provide your FTP access details[/link] (if they are provided, please make sure this FTP user has enough permissions to modify files on the server).'),
	('en', 'twgadmin_backup_files', 'Backing up Twigmo files...'),
	('en', 'twgadmin_backup_settings', 'Backing up Twigmo add-on settings...'),
	('en', 'twgadmin_uninstall_addon', 'Uninstalling Twigmo add-on...'),
	('en', 'twgadmin_restore_settings', 'Restoring Twigmo add-on settings...'),
	('en', 'twg_min_product_quantity', 'Minimum order quantity'),
	('en', 'twg_checkout_terms_n_conditions', 'I accept Terms and Conditions'),
	('en', 'twgadmin_cant_create_file', 'Cannot create a file [file]. Please create it manually in [path] (only in case you need to customize the selected Twigmo mobile skin).'),
	('en', 'twg_visit_our_mobile_store', 'Visit our mobile site'),
	('en', 'twg_app_for_android', 'App for Android'),
	('en', 'twg_app_for_iphone', 'App for iPhone'),
	('en', 'twg_app_for_ipad', 'App for iPad'),
	('en', 'twgadmin_url_on_appstore', 'URL of your app on iTunes App Store'),
	('en', 'twgadmin_url_on_googleplay', 'URL of your app on Google Play'),
	('en', 'twg_product_added_to_cart', 'Product Added to Cart'),
	('en', 'twg_configurable_via_desktop', 'This is a configurable product. It can be configured only via [linkOpen]the desktop website[linkClose].'),
	('en', 'twg_requrring_via_desktop', 'This is a subscription product. Its subscription plan can be selected only via [linkOpen]the desktop website[linkClose].'),
	('en', 'twgadmin_check_for_updates', 'Check for updates'),
	('en', 'twgadmin_basic_skin', 'Basic skin'),
	('en', 'twgadmin_connect_notification', 'The <a href="[addon_link]">Twigmo add-on</a> is not connected to the <a href="http://www.twigmo.com" target="_blank">Twigmo service</a>. Set it up to enable a mobile version of your store for iOS and Android.'),
	('en', 'twgadmin_phpmod_required', 'PHP extension module [php_module_name] is required for proper operation of the Twigmo add-on. Please install it.'),
	('en', 'twgadmin_select_store', 'Please select a store first'),
	('en', 'twg_is_logged_in', 'logged in.'),
	('en', 'twg_review_and_place_order', 'Review and place order'),
	('en', 'twg_login_to_add_to_cart', 'This product cannot be added to the cart because you are not logged in.'),
	('en', 'twgadmin_disconnected', 'Disconnected'),
	('en', 'twgadmin_connected', 'Connected'),
	('en', 'twgadmin_terms', 'Terms and conditions'),
	('en', 'twgadmin_accept_terms_n_conditions', 'I accept the <a href="//www.twigmo.com/terms/" target="_blank">Terms and Conditions</a>.'),
	('en', 'twgadmin_stores', 'Stores'),
	('en', 'twgadmin_curl_error', 'Couldn\'t get HTTP response from the Twigmo server. Please make sure that your server supports executing HTTP requests either through curl or sockets.'),
	('en', 'twgadmin_open_te', 'Visual Editor'),
	('en', 'twgadmin_open_cp', 'Twigmo Control Panel'),
	('en', 'twgadmin_no_token_recieved', 'Twigmo failed to retrieve authentication token. [linkOpen]Go back[linkClose]'),
	('en', 'twg_buy_only_via_desktop', 'This product can be purchased via [linkOpen]the desktop website[linkClose].'),
	('en', 'tt_addons_twigmo_settings_connect_email', 'Enter your Twigmo account email address. If you have no Twigmo account, it will be created for you automatically (your email address will be verified).'),
	('en', 'tt_addons_twigmo_settings_connect_password', 'Enter your Twigmo account password. If you have no Twigmo account, please enter a secure password and we will create a new Twigmo account for you.'),
	('en', 'tt_addons_twigmo_settings_connect_twgadmin_stores', 'Select stores that are to be connected to the Twigmo service.'),
	('en', 'twg_cannot_redirect_to_desktop', 'The desktop site cannot be displayed in this Visual Editor, but the link will work fine on a real mobile device.'),
	('en', 'twgadmin_about', 'About Twigmo'),
	('en', 'twgadmin_addon_version', 'Add-on version'),
	('en', 'twgadmin_\ndisconnect', 'Disconnect'),
	('en', 'twgadmin_disconnect_whole', 'Disconnect whole addon'),
	('en', 'plan', 'Plan'),
	('en', 'twgadmin_failed_to_decompress_files', 'Failed to extract files from the archive'),
	('en', 'twgadmin_upgrade_completed', 'Upgrade completed'),
	('en', 'wt_watermarks', 'Watermarks'),
	('en', 'wt_graphic_watermark', 'Graphic watermark'),
	('en', 'wt_text_watermark', 'Text watermark'),
	('en', 'wt_watermark_vertical_position', 'Watermark vertical position'),
	('en', 'wt_watermark_horizontal_position', 'Watermark horizontal position'),
	('en', 'wt_watermark_position', 'Watermark position'),
	('en', 'wt_watermark_image', 'Watermark image'),
	('en', 'wt_watermark_text', 'Watermark text'),
	('en', 'wt_font', 'Font'),
	('en', 'wt_font_color', 'Font color'),
	('en', 'wt_font_size_icon', 'Font size (thumbnail)'),
	('en', 'wt_font_size_detailed', 'Font size (larger image)'),
	('en', 'wt_watermark_icon', 'Thumbnail watermark'),
	('en', 'wt_watermark_detailed', 'Popup larger image watermark'),
	('en', 'wt_fail_apply_graphic_watermark', 'Failed to apply the watermark to [image_type]. The watermark image is not added.'),
	('en', 'wt_icons', 'thumbnails'),
	('en', 'wt_detailed', 'popup larger images'),
	('en', 'wt_images_access_description', 'To deny access to your original images, please add the following instructions to the \'.htaccess\' file in the \'images\' directory of your installation. It will protect your original images. Even if an original image is opened, the corresponding watermarked image will be show instead.'),
	('en', 'wt_watermarks_access_description', 'To generate watermarked images automatically even if they are requested not from your store pages, please add the \'.htaccess\' file with the following instructions to the \'images/watermarked\' directory of your installation.'),
	('en', 'wt_access_note', 'Please note, if you disable or uninstall the \'Watermarks\' add-on, you should remove these instructions from \'.htaccess\' files manually. Otherwise category and product images will be unavailable.'),
	('en', 'wt_access_warning', 'Watermark creating is disabled. If there are any "Rewrite watermarks rules" instructions in the "images/.htaccess" file, you should remove them manually. Otherwise category and product images will be unavailable.'),
	('en', 'wt_images_access_info', 'Images access'),
	('en', 'add_to_wishlist', 'Add to wish list'),
	('en', 'clear_wishlist', 'Clear wish list'),
	('en', 'view_wishlist', 'View wish list'),
	('en', 'wishlist_content', 'Wish list content'),
	('en', 'wishlist', 'Wish list'),
	('en', 'wishlist_note', 'Go to your wishlist'),
	('en', 'text_failed_gift_certificate_addition', 'Failed to add the certificate. Make sure the summary amount is not zero.'),
	('en', 'text_gift_cert_added_to_wishlist', 'The gift certificate has been added to the wish list'),
	('en', 'product_added_to_wl', 'The product was added to your Wish list'),
	('en', 'product_in_wishlist', 'This product is already in the wish list'),
	('en', 'wishlist_products', 'Wish list products');
/*!40000 ALTER TABLE `cscart_language_values` ENABLE KEYS */;


-- Dumping structure for table installer_skozachuk_cscart421u.cscart_localizations
DROP TABLE IF EXISTS `cscart_localizations`;
CREATE TABLE IF NOT EXISTS `cscart_localizations` (
  `localization_id` mediumint(8) unsigned NOT NULL AUTO_INCREMENT,
  `custom_weight_settings` char(1) NOT NULL DEFAULT 'Y',
  `weight_symbol` varchar(255) NOT NULL DEFAULT '',
  `weight_unit` decimal(12,2) NOT NULL DEFAULT '0.00',
  `is_default` char(1) NOT NULL DEFAULT 'N',
  `status` char(1) NOT NULL DEFAULT 'A',
  PRIMARY KEY (`localization_id`)
) ENGINE=MyISAM DEFAULT CHARSET=utf8;

-- Dumping data for table installer_skozachuk_cscart421u.cscart_localizations: 0 rows
/*!40000 ALTER TABLE `cscart_localizations` DISABLE KEYS */;
/*!40000 ALTER TABLE `cscart_localizations` ENABLE KEYS */;


-- Dumping structure for table installer_skozachuk_cscart421u.cscart_localization_descriptions
DROP TABLE IF EXISTS `cscart_localization_descriptions`;
CREATE TABLE IF NOT EXISTS `cscart_localization_descriptions` (
  `localization_id` mediumint(8) unsigned NOT NULL DEFAULT '0',
  `localization` varchar(255) NOT NULL DEFAULT '',
  `lang_code` char(2) NOT NULL DEFAULT '',
  KEY `localisation_id` (`localization_id`,`lang_code`)
) ENGINE=MyISAM DEFAULT CHARSET=utf8;

-- Dumping data for table installer_skozachuk_cscart421u.cscart_localization_descriptions: 0 rows
/*!40000 ALTER TABLE `cscart_localization_descriptions` DISABLE KEYS */;
/*!40000 ALTER TABLE `cscart_localization_descriptions` ENABLE KEYS */;


-- Dumping structure for table installer_skozachuk_cscart421u.cscart_localization_elements
DROP TABLE IF EXISTS `cscart_localization_elements`;
CREATE TABLE IF NOT EXISTS `cscart_localization_elements` (
  `element_id` mediumint(8) unsigned NOT NULL AUTO_INCREMENT,
  `localization_id` mediumint(8) unsigned NOT NULL DEFAULT '0',
  `element` varchar(36) NOT NULL DEFAULT '',
  `element_type` char(1) NOT NULL DEFAULT 'S',
  `position` smallint(5) NOT NULL DEFAULT '0',
  PRIMARY KEY (`element_id`),
  KEY `c_avail` (`localization_id`),
  KEY `element` (`element`,`element_type`),
  KEY `position` (`position`)
) ENGINE=MyISAM DEFAULT CHARSET=utf8;

-- Dumping data for table installer_skozachuk_cscart421u.cscart_localization_elements: 0 rows
/*!40000 ALTER TABLE `cscart_localization_elements` DISABLE KEYS */;
/*!40000 ALTER TABLE `cscart_localization_elements` ENABLE KEYS */;


-- Dumping structure for table installer_skozachuk_cscart421u.cscart_logos
DROP TABLE IF EXISTS `cscart_logos`;
CREATE TABLE IF NOT EXISTS `cscart_logos` (
  `logo_id` mediumint(8) unsigned NOT NULL AUTO_INCREMENT,
  `layout_id` int(11) NOT NULL DEFAULT '0',
  `company_id` int(11) NOT NULL DEFAULT '0',
  `type` varchar(32) NOT NULL DEFAULT '',
  PRIMARY KEY (`logo_id`),
  KEY `type` (`type`,`company_id`)
) ENGINE=MyISAM AUTO_INCREMENT=7 DEFAULT CHARSET=utf8;

-- Dumping data for table installer_skozachuk_cscart421u.cscart_logos: 6 rows
/*!40000 ALTER TABLE `cscart_logos` DISABLE KEYS */;
INSERT INTO `cscart_logos` (`logo_id`, `layout_id`, `company_id`, `type`) VALUES
	(1, 1, 1, 'theme'),
	(2, 0, 1, 'mail'),
	(3, 1, 1, 'favicon'),
	(4, 2, 1, 'theme'),
	(5, 2, 1, 'favicon'),
	(6, 0, 1, 'gift_cert');
/*!40000 ALTER TABLE `cscart_logos` ENABLE KEYS */;


-- Dumping structure for table installer_skozachuk_cscart421u.cscart_logs
DROP TABLE IF EXISTS `cscart_logs`;
CREATE TABLE IF NOT EXISTS `cscart_logs` (
  `log_id` mediumint(8) unsigned NOT NULL AUTO_INCREMENT,
  `user_id` mediumint(8) unsigned NOT NULL DEFAULT '0',
  `timestamp` int(11) unsigned NOT NULL DEFAULT '0',
  `type` varchar(16) NOT NULL DEFAULT '',
  `event_type` char(1) NOT NULL DEFAULT 'N',
  `action` varchar(16) NOT NULL DEFAULT '',
  `object` char(1) NOT NULL DEFAULT '',
  `content` text NOT NULL,
  `backtrace` text NOT NULL,
  `company_id` int(11) unsigned NOT NULL DEFAULT '0',
  PRIMARY KEY (`log_id`),
  KEY `object` (`object`),
  KEY `type` (`type`,`action`)
) ENGINE=MyISAM AUTO_INCREMENT=3 DEFAULT CHARSET=utf8;

-- Dumping data for table installer_skozachuk_cscart421u.cscart_logs: 2 rows
/*!40000 ALTER TABLE `cscart_logs` DISABLE KEYS */;
INSERT INTO `cscart_logs` (`log_id`, `user_id`, `timestamp`, `type`, `event_type`, `action`, `object`, `content`, `backtrace`, `company_id`) VALUES
	(1, 1, 1413271060, 'users', 'N', 'session', '', 'a:3:{s:4:"user";s:41:"Admin Admin; testing@magneticone.com (#1)";s:2:"id";s:1:"1";s:10:"ip_address";s:10:"10.1.1.253";}', '', 0),
	(2, 1, 1413271062, 'requests', 'N', 'http', '', 'a:3:{s:3:"url";s:38:"http://cp.twigmo.com/check_updates.php";s:7:"request";s:40:"\'store_version=4.2.1&twigmo_version=3.5\'";s:8:"response";s:940:"{"next_version":"3.6","description":"Twigmo 3.6 is available. <a href=\\"http:\\/\\/www.twigmo.com\\/blog-twigmo-3-6-released\\/\\" target=\\"_blank\\">Read more<\\/a><br><br><b><span style=\\"color: red\\">Attention CS-Cart 4.2.x users:<\\/span><\\/b> if you upgraded to the current version of your Twigmo add-on before August 7, 2014, you can get the <b style=\\"color: red\\">SERVICE UNAVAILABLE<\\/b> error after starting the new upgrade. If you see this error, please <a href=\\"https:\\/\\/support.twigmo.com\\/support\\/tickets\\/new\\" target=\\"_blank\\">contact Twigmo support team<\\/a> and let them know your FTP access information for manual add-on upgrade. Or alternatively, <a href=\\"https:\\/\\/support.twigmo.com\\/support\\/solutions\\/articles\\/1000121950\\" target=\\"_blank\\">follow the instructions<\\/a> if you prefer to apply the patch to your Twigmo add-on yourself.","update_url":"http:\\/\\/cp.twigmo.com\\/download\\/cscart\\/3.6\\/twigmo.cscart4.tgz"}";}', '', 0);
/*!40000 ALTER TABLE `cscart_logs` ENABLE KEYS */;


-- Dumping structure for table installer_skozachuk_cscart421u.cscart_mailing_lists
DROP TABLE IF EXISTS `cscart_mailing_lists`;
CREATE TABLE IF NOT EXISTS `cscart_mailing_lists` (
  `list_id` mediumint(8) unsigned NOT NULL AUTO_INCREMENT,
  `timestamp` int(11) unsigned NOT NULL DEFAULT '0',
  `from_email` varchar(64) NOT NULL DEFAULT '',
  `from_name` varchar(128) NOT NULL DEFAULT '',
  `reply_to` varchar(64) NOT NULL DEFAULT '',
  `show_on_checkout` tinyint(3) unsigned NOT NULL DEFAULT '0',
  `show_on_registration` tinyint(3) unsigned NOT NULL DEFAULT '0',
  `status` char(1) NOT NULL DEFAULT 'D',
  `register_autoresponder` mediumint(8) unsigned NOT NULL DEFAULT '0',
  PRIMARY KEY (`list_id`)
) ENGINE=MyISAM DEFAULT CHARSET=utf8;

-- Dumping data for table installer_skozachuk_cscart421u.cscart_mailing_lists: 0 rows
/*!40000 ALTER TABLE `cscart_mailing_lists` DISABLE KEYS */;
/*!40000 ALTER TABLE `cscart_mailing_lists` ENABLE KEYS */;


-- Dumping structure for table installer_skozachuk_cscart421u.cscart_menus
DROP TABLE IF EXISTS `cscart_menus`;
CREATE TABLE IF NOT EXISTS `cscart_menus` (
  `menu_id` mediumint(8) unsigned NOT NULL AUTO_INCREMENT,
  `status` char(1) NOT NULL DEFAULT 'A',
  `company_id` int(11) unsigned DEFAULT NULL,
  PRIMARY KEY (`menu_id`)
) ENGINE=MyISAM AUTO_INCREMENT=2 DEFAULT CHARSET=utf8;

-- Dumping data for table installer_skozachuk_cscart421u.cscart_menus: 1 rows
/*!40000 ALTER TABLE `cscart_menus` DISABLE KEYS */;
INSERT INTO `cscart_menus` (`menu_id`, `status`, `company_id`) VALUES
	(1, 'A', 1);
/*!40000 ALTER TABLE `cscart_menus` ENABLE KEYS */;


-- Dumping structure for table installer_skozachuk_cscart421u.cscart_menus_descriptions
DROP TABLE IF EXISTS `cscart_menus_descriptions`;
CREATE TABLE IF NOT EXISTS `cscart_menus_descriptions` (
  `menu_id` mediumint(8) unsigned NOT NULL DEFAULT '0',
  `lang_code` char(2) NOT NULL DEFAULT '',
  `name` varchar(255) NOT NULL DEFAULT '',
  PRIMARY KEY (`menu_id`,`lang_code`)
) ENGINE=MyISAM DEFAULT CHARSET=utf8;

-- Dumping data for table installer_skozachuk_cscart421u.cscart_menus_descriptions: 1 rows
/*!40000 ALTER TABLE `cscart_menus_descriptions` DISABLE KEYS */;
INSERT INTO `cscart_menus_descriptions` (`menu_id`, `lang_code`, `name`) VALUES
	(1, 'en', 'Quick links');
/*!40000 ALTER TABLE `cscart_menus_descriptions` ENABLE KEYS */;


-- Dumping structure for table installer_skozachuk_cscart421u.cscart_news
DROP TABLE IF EXISTS `cscart_news`;
CREATE TABLE IF NOT EXISTS `cscart_news` (
  `news_id` mediumint(8) unsigned NOT NULL AUTO_INCREMENT,
  `company_id` int(11) unsigned NOT NULL DEFAULT '0',
  `date` int(11) unsigned NOT NULL DEFAULT '0',
  `separate` char(1) NOT NULL DEFAULT 'N',
  `status` char(1) NOT NULL DEFAULT 'D',
  `localization` varchar(255) NOT NULL DEFAULT '',
  PRIMARY KEY (`news_id`),
  KEY `localization` (`localization`),
  KEY `status` (`status`)
) ENGINE=MyISAM DEFAULT CHARSET=utf8;

-- Dumping data for table installer_skozachuk_cscart421u.cscart_news: 0 rows
/*!40000 ALTER TABLE `cscart_news` DISABLE KEYS */;
/*!40000 ALTER TABLE `cscart_news` ENABLE KEYS */;


-- Dumping structure for table installer_skozachuk_cscart421u.cscart_newsletters
DROP TABLE IF EXISTS `cscart_newsletters`;
CREATE TABLE IF NOT EXISTS `cscart_newsletters` (
  `newsletter_id` mediumint(8) unsigned NOT NULL AUTO_INCREMENT,
  `campaign_id` mediumint(8) unsigned NOT NULL DEFAULT '0',
  `sent_date` int(11) unsigned NOT NULL DEFAULT '0',
  `status` char(1) NOT NULL DEFAULT 'A',
  `type` char(1) NOT NULL DEFAULT 'N',
  `mailing_lists` varchar(255) NOT NULL DEFAULT '',
  `users` text NOT NULL,
  `abandoned_type` varchar(10) NOT NULL DEFAULT 'both',
  `abandoned_days` int(11) NOT NULL DEFAULT '0',
  PRIMARY KEY (`newsletter_id`)
) ENGINE=MyISAM DEFAULT CHARSET=utf8;

-- Dumping data for table installer_skozachuk_cscart421u.cscart_newsletters: 0 rows
/*!40000 ALTER TABLE `cscart_newsletters` DISABLE KEYS */;
/*!40000 ALTER TABLE `cscart_newsletters` ENABLE KEYS */;


-- Dumping structure for table installer_skozachuk_cscart421u.cscart_newsletter_campaigns
DROP TABLE IF EXISTS `cscart_newsletter_campaigns`;
CREATE TABLE IF NOT EXISTS `cscart_newsletter_campaigns` (
  `campaign_id` mediumint(8) unsigned NOT NULL AUTO_INCREMENT,
  `timestamp` int(11) unsigned NOT NULL DEFAULT '0',
  `status` char(1) NOT NULL DEFAULT 'D',
  PRIMARY KEY (`campaign_id`)
) ENGINE=MyISAM DEFAULT CHARSET=utf8;

-- Dumping data for table installer_skozachuk_cscart421u.cscart_newsletter_campaigns: 0 rows
/*!40000 ALTER TABLE `cscart_newsletter_campaigns` DISABLE KEYS */;
/*!40000 ALTER TABLE `cscart_newsletter_campaigns` ENABLE KEYS */;


-- Dumping structure for table installer_skozachuk_cscart421u.cscart_newsletter_descriptions
DROP TABLE IF EXISTS `cscart_newsletter_descriptions`;
CREATE TABLE IF NOT EXISTS `cscart_newsletter_descriptions` (
  `newsletter_id` mediumint(8) unsigned NOT NULL DEFAULT '0',
  `newsletter` varchar(255) NOT NULL DEFAULT '',
  `newsletter_multiple` text NOT NULL,
  `body_html` mediumtext NOT NULL,
  `lang_code` char(2) NOT NULL DEFAULT '',
  PRIMARY KEY (`newsletter_id`,`lang_code`)
) ENGINE=MyISAM DEFAULT CHARSET=utf8;

-- Dumping data for table installer_skozachuk_cscart421u.cscart_newsletter_descriptions: 0 rows
/*!40000 ALTER TABLE `cscart_newsletter_descriptions` DISABLE KEYS */;
/*!40000 ALTER TABLE `cscart_newsletter_descriptions` ENABLE KEYS */;


-- Dumping structure for table installer_skozachuk_cscart421u.cscart_newsletter_links
DROP TABLE IF EXISTS `cscart_newsletter_links`;
CREATE TABLE IF NOT EXISTS `cscart_newsletter_links` (
  `link_id` mediumint(8) unsigned NOT NULL AUTO_INCREMENT,
  `campaign_id` mediumint(8) unsigned NOT NULL,
  `newsletter_id` mediumint(8) unsigned NOT NULL,
  `url` varchar(255) NOT NULL DEFAULT '',
  `clicks` mediumint(8) unsigned DEFAULT NULL,
  PRIMARY KEY (`link_id`)
) ENGINE=MyISAM DEFAULT CHARSET=utf8;

-- Dumping data for table installer_skozachuk_cscart421u.cscart_newsletter_links: 0 rows
/*!40000 ALTER TABLE `cscart_newsletter_links` DISABLE KEYS */;
/*!40000 ALTER TABLE `cscart_newsletter_links` ENABLE KEYS */;


-- Dumping structure for table installer_skozachuk_cscart421u.cscart_news_descriptions
DROP TABLE IF EXISTS `cscart_news_descriptions`;
CREATE TABLE IF NOT EXISTS `cscart_news_descriptions` (
  `news_id` mediumint(8) unsigned NOT NULL DEFAULT '0',
  `news` varchar(128) NOT NULL DEFAULT '',
  `description` mediumtext NOT NULL,
  `lang_code` char(2) NOT NULL DEFAULT '',
  PRIMARY KEY (`news_id`,`lang_code`)
) ENGINE=MyISAM DEFAULT CHARSET=utf8;

-- Dumping data for table installer_skozachuk_cscart421u.cscart_news_descriptions: 0 rows
/*!40000 ALTER TABLE `cscart_news_descriptions` DISABLE KEYS */;
/*!40000 ALTER TABLE `cscart_news_descriptions` ENABLE KEYS */;


-- Dumping structure for table installer_skozachuk_cscart421u.cscart_new_orders
DROP TABLE IF EXISTS `cscart_new_orders`;
CREATE TABLE IF NOT EXISTS `cscart_new_orders` (
  `order_id` mediumint(8) unsigned NOT NULL DEFAULT '0',
  `user_id` mediumint(8) unsigned NOT NULL DEFAULT '0',
  PRIMARY KEY (`order_id`,`user_id`)
) ENGINE=MyISAM DEFAULT CHARSET=utf8;

-- Dumping data for table installer_skozachuk_cscart421u.cscart_new_orders: 0 rows
/*!40000 ALTER TABLE `cscart_new_orders` DISABLE KEYS */;
/*!40000 ALTER TABLE `cscart_new_orders` ENABLE KEYS */;


-- Dumping structure for table installer_skozachuk_cscart421u.cscart_orders
DROP TABLE IF EXISTS `cscart_orders`;
CREATE TABLE IF NOT EXISTS `cscart_orders` (
  `order_id` mediumint(8) unsigned NOT NULL AUTO_INCREMENT,
  `is_parent_order` char(1) NOT NULL DEFAULT 'N',
  `parent_order_id` mediumint(8) unsigned NOT NULL DEFAULT '0',
  `company_id` int(11) unsigned NOT NULL DEFAULT '0',
  `issuer_id` mediumint(8) unsigned DEFAULT NULL,
  `user_id` mediumint(8) unsigned NOT NULL DEFAULT '0',
  `total` decimal(12,2) NOT NULL DEFAULT '0.00',
  `subtotal` decimal(12,2) NOT NULL DEFAULT '0.00',
  `discount` decimal(12,2) NOT NULL DEFAULT '0.00',
  `subtotal_discount` decimal(12,2) NOT NULL DEFAULT '0.00',
  `payment_surcharge` decimal(12,2) NOT NULL DEFAULT '0.00',
  `shipping_ids` varchar(255) NOT NULL DEFAULT '',
  `shipping_cost` decimal(12,2) NOT NULL DEFAULT '0.00',
  `timestamp` int(11) unsigned NOT NULL DEFAULT '0',
  `status` char(1) NOT NULL DEFAULT 'O',
  `notes` text NOT NULL,
  `details` text NOT NULL,
  `promotions` text NOT NULL,
  `promotion_ids` varchar(255) NOT NULL DEFAULT '',
  `firstname` varchar(32) NOT NULL DEFAULT '',
  `lastname` varchar(32) NOT NULL DEFAULT '',
  `company` varchar(255) NOT NULL DEFAULT '',
  `b_firstname` varchar(128) NOT NULL DEFAULT '',
  `b_lastname` varchar(128) NOT NULL DEFAULT '',
  `b_address` varchar(255) NOT NULL DEFAULT '',
  `b_address_2` varchar(255) NOT NULL DEFAULT '',
  `b_city` varchar(64) NOT NULL DEFAULT '',
  `b_county` varchar(32) NOT NULL DEFAULT '',
  `b_state` varchar(32) NOT NULL DEFAULT '',
  `b_country` char(2) NOT NULL DEFAULT '',
  `b_zipcode` varchar(32) NOT NULL DEFAULT '',
  `b_phone` varchar(32) NOT NULL DEFAULT '',
  `s_firstname` varchar(128) NOT NULL DEFAULT '',
  `s_lastname` varchar(128) NOT NULL DEFAULT '',
  `s_address` varchar(255) NOT NULL DEFAULT '',
  `s_address_2` varchar(255) NOT NULL DEFAULT '',
  `s_city` varchar(64) NOT NULL DEFAULT '',
  `s_county` varchar(32) NOT NULL DEFAULT '',
  `s_state` varchar(32) NOT NULL DEFAULT '',
  `s_country` char(2) NOT NULL DEFAULT '',
  `s_zipcode` varchar(32) NOT NULL DEFAULT '',
  `s_phone` varchar(32) NOT NULL DEFAULT '',
  `s_address_type` varchar(32) NOT NULL DEFAULT '',
  `phone` varchar(32) NOT NULL DEFAULT '',
  `fax` varchar(32) NOT NULL DEFAULT '',
  `url` varchar(32) NOT NULL DEFAULT '',
  `email` varchar(128) NOT NULL DEFAULT '',
  `payment_id` mediumint(8) NOT NULL DEFAULT '0',
  `tax_exempt` char(1) NOT NULL DEFAULT 'N',
  `lang_code` char(2) NOT NULL DEFAULT '',
  `ip_address` varchar(15) NOT NULL DEFAULT '',
  `repaid` int(11) NOT NULL DEFAULT '0',
  `validation_code` varchar(20) NOT NULL DEFAULT '',
  `localization_id` mediumint(8) NOT NULL,
  `profile_id` mediumint(8) unsigned NOT NULL DEFAULT '0',
  PRIMARY KEY (`order_id`),
  KEY `timestamp` (`timestamp`),
  KEY `user_id` (`user_id`),
  KEY `promotion_ids` (`promotion_ids`),
  KEY `status` (`status`),
  KEY `shipping_ids` (`shipping_ids`)
) ENGINE=MyISAM DEFAULT CHARSET=utf8;

-- Dumping data for table installer_skozachuk_cscart421u.cscart_orders: 0 rows
/*!40000 ALTER TABLE `cscart_orders` DISABLE KEYS */;
/*!40000 ALTER TABLE `cscart_orders` ENABLE KEYS */;


-- Dumping structure for table installer_skozachuk_cscart421u.cscart_order_data
DROP TABLE IF EXISTS `cscart_order_data`;
CREATE TABLE IF NOT EXISTS `cscart_order_data` (
  `order_id` mediumint(8) unsigned NOT NULL DEFAULT '0',
  `type` char(1) NOT NULL DEFAULT '',
  `data` text NOT NULL,
  PRIMARY KEY (`order_id`,`type`)
) ENGINE=MyISAM DEFAULT CHARSET=utf8;

-- Dumping data for table installer_skozachuk_cscart421u.cscart_order_data: 0 rows
/*!40000 ALTER TABLE `cscart_order_data` DISABLE KEYS */;
/*!40000 ALTER TABLE `cscart_order_data` ENABLE KEYS */;


-- Dumping structure for table installer_skozachuk_cscart421u.cscart_order_details
DROP TABLE IF EXISTS `cscart_order_details`;
CREATE TABLE IF NOT EXISTS `cscart_order_details` (
  `item_id` int(11) unsigned NOT NULL DEFAULT '0',
  `order_id` mediumint(8) unsigned NOT NULL DEFAULT '0',
  `product_id` mediumint(8) unsigned NOT NULL DEFAULT '0',
  `product_code` varchar(32) NOT NULL DEFAULT '',
  `price` decimal(12,2) NOT NULL DEFAULT '0.00',
  `amount` smallint(5) unsigned NOT NULL DEFAULT '0',
  `extra` text NOT NULL,
  PRIMARY KEY (`item_id`,`order_id`),
  KEY `o_k` (`order_id`,`product_id`)
) ENGINE=MyISAM DEFAULT CHARSET=utf8;

-- Dumping data for table installer_skozachuk_cscart421u.cscart_order_details: 0 rows
/*!40000 ALTER TABLE `cscart_order_details` DISABLE KEYS */;
/*!40000 ALTER TABLE `cscart_order_details` ENABLE KEYS */;


-- Dumping structure for table installer_skozachuk_cscart421u.cscart_order_docs
DROP TABLE IF EXISTS `cscart_order_docs`;
CREATE TABLE IF NOT EXISTS `cscart_order_docs` (
  `doc_id` mediumint(8) unsigned NOT NULL AUTO_INCREMENT,
  `type` char(1) NOT NULL DEFAULT 'I',
  `order_id` mediumint(8) unsigned NOT NULL,
  PRIMARY KEY (`doc_id`,`type`),
  KEY `type` (`order_id`,`type`)
) ENGINE=MyISAM DEFAULT CHARSET=utf8;

-- Dumping data for table installer_skozachuk_cscart421u.cscart_order_docs: 0 rows
/*!40000 ALTER TABLE `cscart_order_docs` DISABLE KEYS */;
/*!40000 ALTER TABLE `cscart_order_docs` ENABLE KEYS */;


-- Dumping structure for table installer_skozachuk_cscart421u.cscart_order_transactions
DROP TABLE IF EXISTS `cscart_order_transactions`;
CREATE TABLE IF NOT EXISTS `cscart_order_transactions` (
  `payment_id` mediumint(8) unsigned NOT NULL DEFAULT '0',
  `transaction_id` varchar(255) NOT NULL DEFAULT '',
  `status` char(1) NOT NULL DEFAULT '',
  `extra` text NOT NULL,
  PRIMARY KEY (`payment_id`,`transaction_id`)
) ENGINE=MyISAM DEFAULT CHARSET=utf8;

-- Dumping data for table installer_skozachuk_cscart421u.cscart_order_transactions: 0 rows
/*!40000 ALTER TABLE `cscart_order_transactions` DISABLE KEYS */;
/*!40000 ALTER TABLE `cscart_order_transactions` ENABLE KEYS */;


-- Dumping structure for table installer_skozachuk_cscart421u.cscart_original_values
DROP TABLE IF EXISTS `cscart_original_values`;
CREATE TABLE IF NOT EXISTS `cscart_original_values` (
  `msgctxt` varchar(128) NOT NULL DEFAULT '',
  `msgid` text,
  PRIMARY KEY (`msgctxt`)
) ENGINE=MyISAM DEFAULT CHARSET=utf8;

-- Dumping data for table installer_skozachuk_cscart421u.cscart_original_values: 4,635 rows
/*!40000 ALTER TABLE `cscart_original_values` DISABLE KEYS */;
INSERT INTO `cscart_original_values` (`msgctxt`, `msgid`) VALUES
	('Languages::2co_enable_fraud_verification', 'Enable support of fraud notification'),
	('Languages::2co_fraud_fail', 'Status for orders with failed fraud review'),
	('Languages::2co_fraud_wait', 'Status for orders waiting for fraud review'),
	('Languages::3d_secure', '3-D Secure'),
	('Languages::404', 'The 404 Not Found error message'),
	('Languages::absolute', 'Absolute'),
	('Languages::accept', 'Accept'),
	('Languages::access_denied', 'Access denied'),
	('Languages::access_denied_text', 'You don\'t have permission to access the page.'),
	('Languages::account', 'Account'),
	('Languages::account_name', 'Account name'),
	('Languages::account_number', 'Account number'),
	('Languages::account_type', 'Account type'),
	('Languages::acquirerid', 'Acquirer ID'),
	('Languages::action', 'Action'),
	('Languages::actions', 'Actions'),
	('Languages::activate_menu_tab_for', 'Activate menu item for dispatch'),
	('Languages::activate_selected', 'Activate selected'),
	('Languages::activate_skrill_merchant_tools', 'Activate Skrill Merchant Tools'),
	('Languages::activation_link', 'Activation link'),
	('Languages::activation_mode', 'Activation mode'),
	('Languages::active', 'Active'),
	('Languages::active_categories', 'Active categories'),
	('Languages::active_style', 'Active style'),
	('Languages::active_products', 'Active products'),
	('Languages::active_promotions', 'Active promotions'),
	('Languages::act_on_behalf', 'Act on behalf of'),
	('Languages::add', 'Add'),
	('Languages::added', 'added'),
	('Languages::adding_block_to_grid', 'Adding block to grid'),
	('Languages::adding_grid', 'Adding grid'),
	('Languages::additional_data', 'Additional data'),
	('Languages::additional_images', 'Additional images'),
	('Languages::additional_options', 'Additional options'),
	('Languages::additional_parameter_not_correct', 'Additional parameter is incorrect'),
	('Languages::additional_popup_larger_image', 'Popup larger images of additional thumbnails'),
	('Languages::additional_thumbnail', 'Additional thumbnails'),
	('Languages::additional__option_thumbnail', 'Additional option thumbnail'),
	('Languages::addon', 'Add-on'),
	('Languages::addons', 'Add-ons'),
	('Languages::addon_sql_error', 'An error in an SQL query occurred during the add-on installation. The add-on will not be installed.'),
	('Languages::address', 'Address'),
	('Languages::addresses', 'Addresses'),
	('Languages::address_2', 'Address (line 2)'),
	('Languages::address_commercial', 'Commercial'),
	('Languages::address_residential', 'Residential'),
	('Languages::address_type', 'Address type'),
	('Languages::add_administrator', 'Add administrator'),
	('Languages::add_block', 'Add block'),
	('Languages::add_bonus', 'Add bonus'),
	('Languages::add_cart_promotion', 'Add cart promotion'),
	('Languages::add_catalog_promotion', 'Add catalog promotion'),
	('Languages::add_categories', 'Add categories'),
	('Languages::add_categories_and_close', 'Add categories and close'),
	('Languages::add_category', 'Add category'),
	('Languages::add_chart', 'Add chart'),
	('Languages::add_combination', 'Add combination'),
	('Languages::add_companies', 'Add stores'),
	('Languages::add_companies_and_close', 'Add stores and close'),
	('Languages::add_condition', 'Add condition'),
	('Languages::add_currency', 'Add currency'),
	('Languages::add_customer', 'Add customer'),
	('Languages::add_elements', 'Add elements'),
	('Languages::add_empty_item', 'Add empty item'),
	('Languages::add_feature', 'Add feature'),
	('Languages::add_field', 'Add field'),
	('Languages::add_file', 'Add file'),
	('Languages::add_filter', 'Add filter'),
	('Languages::add_filters', 'Add filters'),
	('Languages::add_filters_and_close', 'Add filters and close'),
	('Languages::add_folder', 'Add folder'),
	('Languages::add_global_option', 'Add global option'),
	('Languages::add_grid_block', 'Add grid or block'),
	('Languages::add_group', 'Add group'),
	('Languages::add_item', 'Add item'),
	('Languages::add_items', 'Add [items]'),
	('Languages::add_language', 'Add language'),
	('Languages::add_language_variable', 'Add language variable'),
	('Languages::add_layout', 'Add layout'),
	('Languages::add_link', 'Add link'),
	('Languages::add_localization', 'Add localization'),
	('Languages::add_location', 'Add location'),
	('Languages::add_menu', '\nAdd menu'),
	('Languages::add_new', 'Add new'),
	('Languages::add_new_field', 'Add new field'),
	('Languages::add_new_order', 'Adding new order'),
	('Languages::add_new_variant', 'Add new variant'),
	('Languages::add_option', 'Add option'),
	('Languages::add_order', 'Add order'),
	('Languages::add_orders', 'Add orders'),
	('Languages::add_orders_and_close', 'Add orders and close'),
	('Languages::add_page', 'Add page'),
	('Languages::add_pages', 'Add pages'),
	('Languages::add_pages_and_close', 'Add pages and close'),
	('Languages::add_payment', 'Add payment'),
	('Languages::add_payout', 'Add payout'),
	('Languages::add_product', 'Add product'),
	('Languages::add_products', 'Add products'),
	('Languages::add_products_and_close', 'Add products and close'),
	('Languages::add_products_to_section', 'Add product(s) to this section'),
	('Languages::add_product_filter', 'Add product filter'),
	('Languages::add_promotions', 'Add promotions'),
	('Languages::add_report', 'Add report'),
	('Languages::add_section', 'Add section'),
	('Languages::add_selected_to_cart', 'Add selected to cart'),
	('Languages::add_shipping_method', 'Add shipping method'),
	('Languages::add_site_map_section', 'Add sitemap section'),
	('Languages::add_state', 'Add state'),
	('Languages::add_status', 'Add status'),
	('Languages::add_subcategory', 'Add subcategory'),
	('Languages::add_subscriber', 'Add subscriber'),
	('Languages::add_subscribers_from_users', 'Add subscribers from the list of users'),
	('Languages::add_tab', 'Add tab'),
	('Languages::add_tax', 'Add tax'),
	('Languages::add_to_cart', 'Add to cart'),
	('Languages::add_to_compare_list', 'Add to compare list'),
	('Languages::add_user', 'Add user'),
	('Languages::add_users', 'Add users'),
	('Languages::add_users_and_close', 'Add users and close'),
	('Languages::add_vendor', 'Add store'),
	('Languages::admin2', 'You can not perform an import to this store because you are using an expired trial version'),
	('Languages::administration', 'Administration'),
	('Languages::administration_panel', 'Administration panel'),
	('Languages::administrator', 'Administrator'),
	('Languages::administrators', 'Administrators'),
	('Languages::administrators_menu_description', 'List of store administrators, registered users with an administrator account.'),
	('Languages::administrators_notified', '[count] administrators notified.'),
	('Languages::admin_panel', 'Administration panel'),
	('Languages::admin_text_letter_footer', 'E-shop of [company_name].'),
	('Languages::advanced', 'Advanced'),
	('Languages::advanced_filter', 'Advanced filter'),
	('Languages::advanced_search', 'Advanced search'),
	('Languages::advanced_search_options', 'Advanced search options'),
	('Languages::after_full_payment', 'After full payment'),
	('Languages::after_sum', 'After sum'),
	('Languages::agent_id', 'Agent ID'),
	('Languages::agreement_required', 'Agreement required'),
	('Languages::all', 'All'),
	('Languages::allowed', 'Allowed'),
	('Languages::allowed_combinations', 'Allowed combinations'),
	('Languages::allowed_extensions', 'Allowed extensions'),
	('Languages::allowed_extensions_hint', 'Leave this field empty to allow uploading of all file types, or input allowed extensions separated by comma (e.g. jpg,bmp,gif,pdf)'),
	('Languages::allow_api_access', 'Yes, allow this user to use the API'),
	('Languages::allow_return_registration', 'Allow return registration'),
	('Languages::all_categories', 'All categories'),
	('Languages::all_downloads', 'All downloads'),
	('Languages::all_features', 'All features'),
	('Languages::all_filters', 'All product filters'),
	('Languages::all_pages', 'All pages'),
	('Languages::all_products_have_been_updated', 'All products have been updated successfully.'),
	('Languages::all_vendors', 'All stores'),
	('Languages::all_words', 'All of these words'),
	('Languages::also_bought', 'Also bought'),
	('Languages::alt_text', 'Alternative text/title'),
	('Languages::american_express', 'American Express'),
	('Languages::american_express_info', 'CVV is on the front of the card above he credit card number (either on the right or on the left side of the credit card).'),
	('Languages::amount', 'Amount'),
	('Languages::amount_decreased', 'Quantity has been decreased by'),
	('Languages::amount_increased', 'Quantity has been increased by'),
	('\nLanguages::anonymous', 'Anonymous'),
	('Languages::answer', 'Answer'),
	('Languages::any', 'Any'),
	('Languages::any_date', 'Any date'),
	('Languages::any_option_combinations', 'Any option combinations'),
	('Languages::any_status', 'Any status'),
	('Languages::any_words', 'Any of these words'),
	('Languages::api', 'API'),
	('Languages::api_access', 'API access'),
	('Languages::api_key', 'API key'),
	('Languages::need_company_id', 'Company ID is required (the company_id param)'),
	('Languages::api_need_correct_company_id', 'Company by passed ID not found'),
	('Languages::api_need_id', 'Object ID undefined'),
	('Languages::api_need_params', 'Missing parameters'),
	('Languages::api_need_store', 'Store is required (the company_id param or entity stores)'),
	('Languages::api_not_need_id', 'ID must not be defined'),
	('Languages::api_partner', 'API partner'),
	('Languages::api_password', 'API password'),
	('Languages::api_shipments_not_allow_update', 'Only the tracking_number and carrier params can be updated with the setting \'Allow multiple shipments for a single order\' set'),
	('Languages::api_user', 'API user'),
	('Languages::appearance', 'Appearance'),
	('Languages::appearance_settings', 'Appearance settings'),
	('Languages::appearance_type', 'Appearance type'),
	('Languages::application_id', 'Application ID'),
	('Languages::application_login', 'Application login'),
	('Languages::apply', 'Apply'),
	('Languages::apply_as_link', 'Apply as link'),
	('Languages::apply_tax_to_products', 'Apply selected taxes to all products'),
	('Languages::apply_to_all_languages', 'Apply to all languages'),
	('Languages::apply_to_products', 'Apply to products'),
	('Languages::approve', 'Approve'),
	('Languages::approved', 'Approved'),
	('Languages::approve_selected', 'Approve selected'),
	('Languages::arabic', 'Arabic'),
	('Languages::arrows', 'Arrows'),
	('Languages::asc', 'asc.'),
	('Languages::attention', 'Attention!'),
	('Languages::audience', 'Audience'),
	('Languages::australia_post', 'Australia Post'),
	('Languages::authentication_failed', 'Authentication failed'),
	('Languages::authentication_key', 'Authentication key'),
	('Languages::authentication_password', 'Authentication password'),
	('Languages::author', 'Author'),
	('Languages::authorization', 'Authorization'),
	('Languages::authorize_capture', 'Authorize and capture'),
	('Languages::authorize_only', 'Authorize only'),
	('Languages::auth_code', 'Auth code'),
	('Languages::auth_info', 'Authentication information'),
	('Languages::auto', 'Auto'),
	('Languages::auto_set_permissions_via_ftp', 'Auto-set permissions via FTP'),
	('Languages::avail', 'Available'),
	('Languages::availability', 'Availability'),
	('Languages::available', 'Available'),
	('Languages::available_fields', 'Available fields'),
	('Languages::available_for_vendor', 'Available for store'),
	('Languages::available_items', 'Available items'),
	('Languages::available_languages', 'Available'),
	('Languages::available_views', 'Available views'),
	('Languages::available_since', 'Avail since'),
	('Languages::available_themes', 'Available themes'),
	('Languages::currently_in_use', 'Currently in use'),
	('Languages::avail_from', 'Available from'),
	('Languages::avail_till', 'Available till'),
	('Languages::average', 'Average'),
	('Languages::avs', 'AVS'),
	('Languages::awaiting', 'Awaiting'),
	('Languages::awaiting_approval', 'Awaiting approval'),
	('Languages::backtrace', 'Backtrace'),
	('Languages::backup', 'Backup'),
	('Languages::backupping_data', 'Backing up data for'),
	('Languages::backupping_schema', 'Backing up schema for'),
	('Languages::backup_data', 'Backup database data'),
	('Languages::backup_filename', 'Backup file name'),
	('Languages::backup_files', 'Backup files'),
	('Languages::backup_options', 'Backup options'),
	('Languages::backup_schema', 'Backup database schema'),
	('Languages::back_in_stock_notification_footer', 'Welcome to purchase!'),
	('Languages::back_in_stock_notification_header', 'We are writing to inform you that the following product is back in stock in our store:'),
	('Languages::balance', 'Balance'),
	('Languages::balance_account', 'Account balance'),
	('Languages::bank', 'Bank'),
	('Languages::ground_only', 'Ground only'),
	('Languages::bank_cic', 'Groupe CIC'),
	('Languages::bank_cm', 'Credit Mutuel'),
	('Languages::bank_obc', 'OBC'),
	('Languages::bank_routing_number', 'Bank routing number'),
	('Languages::bar', 'Bar'),
	('Languages::base_currency', 'Base'),
	('Languages::base_currency_not_deleted', 'The currency has not been deleted because it is the base currency of the store.'),
	('Languages::base_price', 'Base price'),
	('Languages::bestsellers', 'Bestsellers'),
	('Languages::biller_code', 'Biller code'),
	('Languages::billing_address', 'Billing address'),
	('Languages::billing_options', 'Billing Options'),
	('Languages::billing_shipping_address', 'Billing and Shipping Address'),
	('Languages::bill_to', 'Bill to'),
	('Languages::block', 'Block'),
	('Languages::blocks', 'Blocks'),
	('Languages::block_already_exists_in_grid', 'This block already exists in this grid'),
	('Languages::block_breadcrumbs', 'Breadcrumbs'),
	('Languages::block_breadcrumbs_description', 'Navigation breadcrumbs'),
	('Languages::block_categories_description', 'Category trees'),
	('Languages::block_products_description', 'Product showcase'),
	('Languages::block_cart_content', 'Cart content'),
	('Languages::block_cart_content_description', 'Current cart content'),
	('Languages::block_categories', 'Categories'),
	('Languages::block_checkout', 'Checkout'),
	('Languages::block_checkout_description', 'Current order information'),
	('Languages::block_content', 'Block content'),
	('Languages::block_currencies', 'Currencies'),
	('Languages::block_currencies_description', 'Currency selector'),
	('Languages::block_disabled', 'Block was disabled for this location'),
	('Languages::block_enabled', 'Block was enabled for this location'),
	('Languages::block_html_block', 'HTML block'),
	('Languages::block_html_block_description', 'Any HTML content'),
	('Languages::block_ip_after', 'Block IP after a number of unsuccessful attempts'),
	('Languages::block_languages', 'Languages'),
	('Languages::block_languages_description', 'Language selector'),
	('Languages::block_localizations', 'Localizations'),
	('Languages::block_localizations_description', 'Localization selector'),
	('Languages::block_main', 'Main'),
	('Languages::block_main_description', 'Main content (loaded by controller)'),
	('Languages::block_manager', 'Block manager'),
	('Languages::block_manager.fixed_layout', 'Fixed width'),
	('Languages::block_manager.fluid_layout', 'Fluid'),
	('Languages::block_manager.full_width_layout', 'Full width'),
	('Languages::block_manager.grid_columns', 'Grid columns'),
	('Languages::block_manager.layout_width', 'Layout width'),
	('Languages::block_manager.max_width', 'Maximal width'),
	('Languages::block_manager.min_width', 'Minimal width'),
	('Languages::block_manager.error_changing_layout_in_css_mode', 'Changing layout when the theme is converted to CSS is not permitted. Please enable LESS mode in the <a target="_blank" href="[url]">Theme editor</a>.'),
	('Languages::block_menu', 'Menu'),
	('Languages::block_menu_description', 'Different types of menus'),
	('Languages::block_my_account', 'My account'),
	('Languages::block_my_account_description', 'Customer profile access'),
	('Languages::block_name', 'Block name'),
	('Languages::block_options', 'Block options'),
	('Languages::block_order', 'Block order'),
	('Languages::block_our_brands', 'Brands'),
	('Languages::block_our_brands_description', 'Product brands presented in the store'),
	('Languages::block_pages', 'Pages'),
	('Languages::block_pages_description', 'Store pages'),
	('Languages::block_payment_methods', 'Payment methods'),
	('Languages::block_payment_methods_description', 'Available payment methods'),
	('Languages::block_products', 'Products'),
	('Languages::block_product_filters', 'Product filters'),
	('Languages::block_product_filters_description', 'Product filtering options'),
	('Languages::block_settings', 'Block settings'),
	('Languages::block_shipping_methods', 'Shipping methods'),
	('Languages::block_shipping_methods_description', 'Available shipping methods'),
	('Languages::block_smarty_block', 'HTML block with Smarty support'),
	('Languages::block_smarty_block_description', 'Any HTML/Smarty content'),
	('Languages::block_template', 'Template'),
	('Languages::block_template_description', 'Block with a particular template'),
	('Languages::block_text', 'Block text'),
	('Languages::block_time', 'Time for which IP should be blocked'),
	('\nLanguages::block_width', 'Block width'),
	('Languages::block_wrapper_updated', 'Block wrapper was updated'),
	('Languages::bm_confirm', 'Performing this action will [action] this block on all the [location_name] pages. Do you want to continue?'),
	('Languages::body', 'Body'),
	('Languages::bonus', 'Bonus'),
	('Languages::bonuses', 'Bonuses'),
	('Languages::both', 'Both'),
	('Languages::bought', 'Already bought'),
	('Languages::bought_amount', 'Bought quantity'),
	('Languages::box_height', 'Box height'),
	('Languages::box_length', 'Box length'),
	('Languages::box_width', 'Box width'),
	('Languages::brand', 'Brand'),
	('Languages::brand_type', 'Brand/Manufacturer'),
	('Languages::breadcrumbs', 'Breadcrumbs'),
	('Languages::broken_addon_pack', 'Incorrect add-on structure. The uploaded pack cannot be installed.'),
	('Languages::broken_po_pack', 'Incorrect PO-pack structure. The uploaded pack cannot be installed.'),
	('Languages::browse', 'Browse...'),
	('Languages::browser_upgrade_notice', '<p>We have detected that the browser you are using is not fully supported by our Admin Panel. You can view this site using your current browser but it may not display properly, and you may not be able to fully use all features.</p><br><p>Admin Panel is best viewed using the following browsers:</p><br><ul><li>&ndash; <a href="http://windows.microsoft.com/en-US/internet-explorer/products/ie/home" target="_blank">Internet Explorer 9 and above</a></li><li>&ndash; <a href="http://www.mozilla.org/en-US/" target="_blank">Mozilla Firefox (latest version)</a></li><li>&ndash; <a href="https://www.google.com/intl/en/chrome/browser/" target="_blank">Google Chrome (latest version)</a></li></ul><br><p>Click on one of the links to download the browser of your choice. Once the download has completed, install the browser by running the setup program.</p><br><p>If you cannot upgrade your browser now, you can still access Admin Panel, but you may not be able to fully use all features.<br><br><a href="[url]">Continue</a></p>'),
	('Languages::browser_upgrade_notice_title', 'Browser Upgrade Notice'),
	('Languages::bucket', 'Bucket'),
	('Languages::bulk_category_addition', 'Bulk category addition'),
	('Languages::bulk_print_invoice', 'Invoice bulk print'),
	('Languages::bulk_product_addition', 'Bulk product addition'),
	('Languages::button_bgcolor', 'Button background color'),
	('Languages::button_text_color', 'Button text color'),
	('Languages::but_change', 'Change'),
	('Languages::buyer_name', 'Buyer\'s name'),
	('Languages::buy_in_advance', 'Buy in advance'),
	('Languages::buy_now', 'Buy now'),
	('Languages::by', 'by'),
	('Languages::bytes', 'bytes'),
	('Languages::by_fixed', 'by fixed amount'),
	('Languages::by_percentage', 'by percentage of the original price'),
	('Languages::C128A', 'Code 128 is a high-density barcode symbology.<br/>Used extensively worldwide.<br/>Code 128 is designed to encode 128 full ASCII characters.<br/>Code 128-A - 0-9, A-Z, ASCII control codes, special characters.<br/>Code 128-B - 0-9, A-Z, a-z, special characters.<br/>Code 128-C - 00-99 (double density encoding of numeric only data).<br/>'),
	('Languages::C128B', 'Code 128 is a high-density barcode symbology.<br/>Used extensively worldwide.<br/>Code 128 is designed to encode 128 full ASCII characters.<br/>Code 128-A - 0-9, A-Z, ASCII control codes, special characters.<br/>Code 128-B - 0-9, A-Z, a-z, special characters.<br/>Code 128-C - 00-99 (double density encoding of numeric only data).<br/>'),
	('Languages::C128C', 'Code 128 is a high-density barcode symbology.<br/>Used extensively worldwide.<br/>Code 128 is designed to encode 128 full ASCII characters.<br/>Code 128-A - 0-9, A-Z, ASCII control codes, special characters.<br/>Code 128-B - 0-9, A-Z, a-z, special characters.<br/>Code 128-C - 00-99 (double density encoding of numeric only data).<br/>'),
	('Languages::C39', 'Known also as USS Code 39, 3 of 9.<br/>Code 39 can encode alphanumeric characters.<br/>The symbology is used in non-retail environment.<br/>Code 39 is designed to encode 26 upper case letters, 10 digits and 7 special characters.'),
	('Languages::cache_cleared', 'Cache has been cleared'),
	('Languages::calculate', '\nCalculate'),
	('Languages::calculate_shipping_cost', 'Calculate shipping cost'),
	('Languages::calendar', 'Calendar'),
	('Languages::canada_post', 'Canada Post'),
	('Languages::canada_post_activation_error', 'To activate the Canada post shipping processor, you must have the Canadian Dollar currency enabled.'),
	('Languages::cancel', 'Cancel'),
	('Languages::canceled_reversal', 'Canceled reversal'),
	('Languages::cancelled', 'Canceled'),
	('Languages::cancel_url_target', 'Cancel URL target'),
	('Languages::cannot_buy', 'You cannot buy the product with these option variants'),
	('Languages::cannot_proccess_checkout', 'Your cart is empty, so you cannot proceed to checkout.'),
	('Languages::cannot_proccess_checkout_without_payment_methods', 'There are no payment methods available, so you cannot proceed to checkout.'),
	('Languages::cannot_write_file', 'Cannot write to the file <b>[file]</b>. Please check the file and directory permissions.'),
	('Languages::cant_save_percentage_price', 'You can not use percentage value for base price.'),
	('Languages::cant_upload_file', 'File could not be uploaded'),
	('Languages::capture', 'Capture'),
	('Languages::card', 'Card'),
	('Languages::cardholder_name', 'Cardholder\'s name'),
	('Languages::card_number', 'Card number'),
	('Languages::carousel', 'Carousel'),
	('Languages::carrier', 'Carrier'),
	('Languages::carrier_aup', 'AUP'),
	('Languages::carrier_can', 'CAN'),
	('Languages::carrier_dhl', 'DHL'),
	('Languages::carrier_fedex', 'FedEx'),
	('Languages::carrier_swisspost', 'SwissPost'),
	('Languages::carrier_temando', 'Temando'),
	('Languages::carrier_ups', 'UPS'),
	('Languages::carrier_usps', 'USPS'),
	('Languages::cart', 'Cart'),
	('Languages::cart_content', 'Cart content'),
	('Languages::cart_contents', 'Cart contents'),
	('Languages::cart_info', 'Site info'),
	('Languages::cart_is_empty', 'Cart is empty'),
	('Languages::cart_items', 'Cart items'),
	('Languages::cart_subtotal', 'Cart subtotal'),
	('Languages::cash_on_delivery', 'Cash on delivery'),
	('Languages::catalog', 'Catalog'),
	('Languages::catalog_pages', 'Catalog pages'),
	('Languages::categories', 'Categories'),
	('Languages::categories_have_been_added', 'Categories have been added'),
	('Languages::categories_menu_description', 'View product categories which are used to group products in your store.'),
	('Languages::category', 'Category'),
	('Languages::category_delimiter', 'Category delimiter'),
	('Languages::category_description', 'Category description'),
	('Languages::category_is_empty', 'Please specify a category.'),
	('Languages::category_location', 'Category location'),
	('Languages::category_name', 'Category name'),
	('Languages::cdn_settings', 'CDN settings'),
	('Languages::central', 'Central'),
	('Languages::central_content', 'Central content'),
	('Languages::certificate', 'Certificate'),
	('Languages::certificate_filename', 'Certificate filename'),
	('Languages::change', 'Change'),
	('Languages::changed', 'Changed'),
	('Languages::changes', 'Changes'),
	('Languages::change_access_permission_to_config', 'Also it is recommended to change the access permissions for the config.local.php file. It should have 644 (read/write for the owner and read for others) permissions.'),
	('Languages::change_addons_initialization', 'Change addons initialization'),
	('Languages::change_language', 'Change language'),
	('Languages::change_password_notification', 'Please change your password'),
	('Languages::change_password_notification_body', 'Your password to access the admin panel of the [store] store was last changed [days] days ago. For security reasons, please change your password. In order to do this, please follow the link:'),
	('Languages::change_permissions', 'Change permissions'),
	('Languages::change_range', 'Change range'),
	('Languages::change_language_in_free_mode', 'The shop is running in the Free mode. In this mode, you can use only one language. Just change the status to Active in order to activate the language you want.'),
	('Languages::change_currency_in_free_mode', 'The shop is running in the Free mode. In this mode, you can use only one currency. Just change the status to Active in order to activate the currency you want.'),
	('Languages::charged_amount', 'Charged amount'),
	('Languages::charset', '\nCharacter set'),
	('Languages::chart', 'Chart'),
	('Languages::charts', 'Charts'),
	('Languages::chart_type', 'Chart type'),
	('Languages::check', 'Check'),
	('Languages::checkbox', 'Check box'),
	('Languages::checking_account_number', 'Checking account number'),
	('Languages::checkout', 'Checkout'),
	('Languages::checkout_as_guest', 'Checkout as guest'),
	('Languages::checkout_edp_terms_n_conditions', 'I accept the terms in the'),
	('Languages::checkout_terms_n_conditions', 'Select this check box to accept the Terms and Conditions.'),
	('Languages::checkout_terms_n_conditions_alert', 'In order to proceed, you need to accept our Terms and Conditions.'),
	('Languages::check_again', 'Recheck and correct'),
	('Languages::check_all', 'All'),
	('Languages::check_disabled', 'Disabled'),
	('Languages::check_items_text', 'To include Order statuses, Payment methods and Locations in the conditions list, check the necessary item and click on the "Save" button.'),
	('Languages::check_none', 'None'),
	('Languages::check_active', 'Active'),
	('Languages::check_hidden', 'Hidden'),
	('Languages::check_pending', 'Pending'),
	('Languages::check_number', 'Check Number'),
	('Languages::check_ssl', 'Check SSL'),
	('Languages::check_uncheck_all', 'Check / uncheck all'),
	('Languages::chinese', 'Chinese'),
	('Languages::choose', 'Choose'),
	('Languages::choose_action', 'Choose action'),
	('Languages::choose_category', 'Choose category'),
	('Languages::choose_user', 'Choose user'),
	('Languages::choose_your_country', 'Choose your country'),
	('Languages::choose_your_store_mode', 'Please choose your licensing mode'),
	('Languages::chp', 'SwissPost'),
	('Languages::cities', 'Cities'),
	('Languages::city', 'City'),
	('Languages::classes', 'classes'),
	('Languages::clean', 'clean'),
	('Languages::cleanup_history', 'Clean up history'),
	('Languages::clean_logs', 'Clean logs'),
	('Languages::clean_up_all_locations_on_import', 'Clean up locations before import'),
	('Languages::clear', 'Clear'),
	('Languages::clear_cache', 'Clear cache'),
	('Languages::clear_cart', 'Clear cart'),
	('Languages::clear_conditions', 'Clear conditions'),
	('Languages::clear_fields', 'Clear fields'),
	('Languages::clear_list', 'Clear list'),
	('Languages::clear_thumbnails', 'Clean up generated thumbnails'),
	('Languages::clicks', 'Clicks'),
	('Languages::client_id', 'Client ID'),
	('Languages::clone', 'Clone'),
	('Languages::clone_from', 'Clone from'),
	('Languages::clone_selected', 'Clone selected'),
	('Languages::clone_table', 'Clone table'),
	('Languages::clone_theme', 'Clone theme'),
	('Languages::clone_this_item', 'Clone this item'),
	('Languages::clone_this_page', 'Clone this page'),
	('Languages::close', 'Close'),
	('Languages::cmcic_societe', 'Societe'),
	('Languages::cname', 'CNAME'),
	('Languages::code', 'Code'),
	('Languages::coefficient', 'Coefficient'),
	('Languages::collapse_bg_color', 'Collapse background color'),
	('Languages::collapse_sublist_of_items', 'Collapse the sublist of items'),
	('Languages::collapse_text_color', 'Collapse text color'),
	('Languages::color', 'Color'),
	('Languages::combination', 'Combination'),
	('Languages::comma', 'Comma'),
	('Languages::comment', 'Comment'),
	('Languages::comments', 'Comments'),
	('Languages::comment_hint', 'Enter your comment to appear below the option'),
	('Languages::commission', 'Commission'),
	('Languages::commissions', 'Commissions'),
	('Languages::commissions_of_last_periods', 'Commissions of latest periods'),
	('Languages::commission_rates', 'Commission rates'),
	('Languages::compact_list', 'Compact list'),
	('Languages::company', 'Company'),
	('Languages::company_address', 'Company address'),
	('Languages::company_name', 'Company name'),
	('Languages::company_not_found', 'Selected company not found.'),
	('Languages::company_phone', 'Company phone'),
	('Languages::company_settings', 'Company settings'),
	('Languages::compare', 'Compare'),
	('Languages::compare_list', 'Compare list'),
	('Languages::compare_list_note', 'Go to the compare products list'),
	('Languages::compare_product_features', 'Compare product features'),
	('Languages::comparison_list', 'Comparison list'),
	('Languages::compatible_class', 'Compatible class'),
	('Languages::completed', 'Completed'),
	('Languages::compressing_backup', 'Compressing backup file'),
	('Languages::compress_dump', '\nCompress backup file'),
	('Languages::condition', 'Condition'),
	('Languages::conditions', 'Conditions'),
	('Languages::configure', 'Configure'),
	('Languages::confirm', 'Confirm'),
	('Languages::confirmation_dialog', 'Confirmation dialog'),
	('Languages::confirm_password', 'Confirm password'),
	('Languages::conflicts', 'Conflicts'),
	('Languages::congratulations', 'Congratulations!'),
	('Languages::connection_ticket', 'Connection ticket'),
	('Languages::contact_information', 'Contact information'),
	('Languages::contact_us_for_price', 'Contact us for a price'),
	('Languages::container_options', 'Container options'),
	('Languages::content', 'Content'),
	('Languages::content_alignment', 'Content alignment'),
	('Languages::content_changed_for', 'This block instances have different content for'),
	('Languages::content_menu_description', 'Create and publish pages, polls, forms and links.'),
	('Languages::continue', 'Continue'),
	('Languages::continue_shopping', 'Continue shopping'),
	('Languages::controller', 'Replace with'),
	('Languages::converting_data_in_table', 'Converting data in table [table]'),
	('Languages::copyright_shopping_cart', '[product] - Shopping Cart Software'),
	('Languages::copy_from_layout', 'Copy data from layout'),
	('Languages::core', 'Core'),
	('Languages::cost', 'Cost'),
	('Languages::cost_dependences', 'Cost dependencies'),
	('Languages::could_not_open_file', 'File preview is not available'),
	('Languages::countries', 'Countries'),
	('Languages::countries_menu_description', 'Manage the set of countries that are supported in your store.'),
	('Languages::country', 'Country'),
	('Languages::coupon', 'Coupon'),
	('Languages::coupons', 'Coupons'),
	('Languages::coupon_already_used', 'This coupon is already in use'),
	('Languages::coupon_code', 'Coupon code'),
	('Languages::cpi_hash_key', 'CPI Hash Key'),
	('Languages::create', 'Create'),
	('Languages::created', 'Created'),
	('Languages::create_account', 'Create account'),
	('Languages::create_administrator_account', 'Create administrator account'),
	('Languages::create_and_close', 'Create and close'),
	('Languages::create_file', 'Create file'),
	('Languages::create_folder', 'Create folder'),
	('Languages::create_guest_account', 'Quick checkout with no account creating required'),
	('Languages::create_new_account', 'Create a permanent account and use it for checkout'),
	('Languages::create_new_block', 'Create New Block'),
	('Languages::create_new_order', 'Create a new order'),
	('Languages::create_process_payment', 'Create and process payment'),
	('Languages::create_profile', 'Create a new profile'),
	('Languages::create_profile_notification_header', 'Thank you for becoming a registered user at'),
	('Languages::create_table', 'Create New Table'),
	('Languages::creating', 'Creating'),
	('Languages::creating_table', 'Creating table'),
	('Languages::creation_date', 'Creation date'),
	('Languages::credit_card', 'Credit card'),
	('Languages::credit_card_info', 'This number is printed in the signature area on the back of the card. It is the 3 digits AFTER the credit card number.'),
	('Languages::credit_memo', 'Credit memo'),
	('Languages::credit_memo_id', 'Credit memo ID'),
	('Languages::cresecureapitoken', 'CRE SecureAPIToken'),
	('Languages::cresecureid', 'CRE SecureID'),
	('Languages::cresecure_allowed_types', 'Allowed card types'),
	('Languages::csv_delimiter', 'CSV delimiter'),
	('Languages::csv_file', 'CSV file'),
	('Languages::currencies', 'Currencies'),
	('Languages::currency', 'Currency'),
	('Languages::currencycode', 'Currency code'),
	('Languages::currency_code_aed', 'United Arab Emirates Dirham'),
	('Languages::currency_code_ang', 'ANG'),
	('Languages::currency_code_ars', 'ARS'),
	('Languages::currency_code_aud', 'Australian Dollar'),
	('Languages::currency_code_awg', 'AWG'),
	('Languages::currency_code_bgn', 'BGN'),
	('Languages::currency_code_brl', 'Brazilian Real'),
	('Languages::currency_code_byr', 'BYR'),
	('Languages::currency_code_cad', 'Canadian Dollar'),
	('Languages::currency_code_chf', 'Swiss Franc'),
	('Languages::currency_code_cny', 'CNY'),
	('Languages::currency_code_cyr', 'Cyprus Pound'),
	('Languages::currency_code_czk', 'Czech Koruna'),
	('Languages::currency_code_dkk', 'Danish Kroner'),
	('Languages::currency_code_eek', 'Estonian Kroon'),
	('Languages::currency_\ncode_egp', 'EGP'),
	('Languages::currency_code_eur', 'Euro'),
	('Languages::currency_code_fjd', 'Fiji Dollar'),
	('Languages::currency_code_frf', 'French Franc'),
	('Languages::currency_code_gbp', 'UK Pound'),
	('Languages::currency_code_gel', 'GEL'),
	('Languages::currency_code_hkd', 'Hong Kong Dollar'),
	('Languages::currency_code_hrk', 'HRK'),
	('Languages::currency_code_huf', 'Hungarian Forint'),
	('Languages::currency_code_ils', 'Israel New Shequel'),
	('Languages::currency_code_inr', 'Indian Rupee'),
	('Languages::currency_code_isk', 'Iceland Krona'),
	('Languages::currency_code_jpy', 'Japanese Yen'),
	('Languages::currency_code_kpw', 'North Korean Won'),
	('Languages::currency_code_krw', 'South Korean Won'),
	('Languages::currency_code_kwd', 'Kuwaiti Dinar'),
	('Languages::currency_code_ltl', 'Lithuanian Litas'),
	('Languages::currency_code_lvl', 'Latvian Lat'),
	('Languages::currency_code_mad', 'MAD'),
	('Languages::currency_code_mxn', 'Mexican Peso'),
	('Languages::currency_code_myr', 'Malaysian Ringgit'),
	('Languages::currency_code_nok', 'Norwegian Kroner'),
	('Languages::currency_code_nzd', 'New Zealand Dollar'),
	('Languages::currency_code_php', 'Philippine Peso'),
	('Languages::currency_code_pln', 'Polish Zlotych'),
	('Languages::currency_code_png', 'Papua New Guinea Kina'),
	('Languages::currency_code_ron', 'RON'),
	('Languages::currency_code_rub', 'RUB'),
	('Languages::currency_code_rur', 'Russian Ruble'),
	('Languages::currency_code_sar', 'Saudi Riyal'),
	('Languages::currency_code_sbd', 'Solomon Islands Dollar'),
	('Languages::currency_code_sek', 'Sweden Kroner'),
	('Languages::currency_code_sgd', 'Singapore Dollar'),
	('Languages::currency_code_sit', 'Slovenian Tolar'),
	('Languages::currency_code_skk', 'Slovak Koruna'),
	('Languages::currency_code_thb', 'Thai Baht'),
	('Languages::currency_code_top', 'Tongan Pa\'anga'),
	('Languages::currency_code_try', 'Turkish Lira'),
	('Languages::currency_code_twd', 'New Taiwan dollar'),
	('Languages::currency_code_uah', 'UAH'),
	('Languages::currency_code_usd', 'US Dollar'),
	('Languages::currency_code_vuv', 'Vanuatu Vatu'),
	('Languages::currency_code_wst', 'Samoan Tala'),
	('Languages::currency_code_xaf', 'XAF'),
	('Languages::currency_code_xof', 'XOF'),
	('Languages::currency_code_xpf', 'XPF'),
	('Languages::currency_code_zar', 'Rand'),
	('Languages::currency_deleted', 'The currency has been deleted successfully.'),
	('Languages::currency_rate', 'Rate'),
	('Languages::currency_rate_greater_than_null', 'Currency exchange rate should be higher than 0.'),
	('Languages::currency_sign', 'Sign'),
	('Languages::current_database_size', 'Current database size'),
	('Languages::currency_hidden_status_free', 'The status <b>Hidden</b> for currency cannot be used in the free mode.'),
	('Languages::language_hidden_status_free', 'The status <b>Hidden</b> for language cannot be used in the free mode.'),
	('Languages::current_path', 'Current path'),
	('Languages::text_file_editor_notice', 'You can upload and download files via <a href="[href]">File Editor</a>'),
	('Languages::current_period', 'Current Period'),
	('Languages::current_theme', 'Current theme'),
	('Languages::custom', 'Custom'),
	('Languages::customer', 'Customer'),
	('Languages::customers', 'Customers'),
	('Languages::customers_menu_description', 'List of store customers, registered users with a customer account.'),
	('Languages::customer_details', 'Customer details'),
	('Languages::customer_email', 'Customer email'),
	('Languages::customer_id', 'Customer ID'),
	('Languages::customer_info', 'Customer information'),
	('Languages::customer_information', 'Customer information'),
	('Languages::customer_notes', 'Customer notes'),
	('Languages::customer_signature', 'Customer\'s signature'),
	('Languages::customer_text_letter_footer', 'Thank you for using our shopping cart.'),
	('Languages::customize', 'Customize'),
	('Languages::visual_editor', 'Visual Editor'),
	('Languages::theme_no_styles_text', 'This theme doesn\'t have styles.'),
	('Languages::custom_range', 'Custom Range'),
	('Languages::cutted_product_codes', 'The following product codes are too long and were cut to 32 figures:'),
	('Languages::cvv2', 'CVV/CVC'),
	('Languages::czech', 'Czech'),
	('Languages::danish', 'Danish'),
	('Languages::dashboard', 'Dashboard'),
	('Languages::database', '\nDatabase'),
	('Languages::database_data_changes', 'Database data changes'),
	('Languages::database_maintenance', 'Database maintenance'),
	('Languages::database_structure_changes', 'Database structure changes'),
	('Languages::datatrans_caa', 'Authorization with immediate settlement'),
	('Languages::datatrans_noa', 'Authorization only'),
	('Languages::datatrans_sign', 'Digital signature'),
	('Languages::date', 'Date'),
	('Languages::date_added', 'Date added'),
	('Languages::date_of_birth', 'Date of birth'),
	('Languages::day', 'day'),
	('Languages::days', 'days'),
	('Languages::db_backup_restore', 'DB Backup/Restore'),
	('Languages::db_name', 'Database name'),
	('Languages::dear', 'Dear'),
	('Languages::debit', 'Debit'),
	('Languages::decimals', 'Decimals'),
	('Languages::decline', 'Decline'),
	('Languages::declined', 'Declined'),
	('Languages::decline_selected', 'Decline selected'),
	('Languages::decorator', 'Decorator'),
	('Languages::decrease', 'Decrease'),
	('Languages::dec_sign', 'Dec sign'),
	('Languages::default', 'Default'),
	('Languages::default_category_view', 'Default category view'),
	('Languages::default_language', 'Default language'),
	('Languages::default_layout', 'Default layout'),
	('Languages::default_long_options_template', 'Default template (long product option names)'),
	('Languages::default_product_details_view', 'Parent ([default])'),
	('Languages::default_template', 'Default template'),
	('Languages::default_value', 'Default value'),
	('Languages::deferred', 'Deferred'),
	('Languages::defined', 'Defined'),
	('Languages::defined_desired_products', 'List of desired products'),
	('Languages::defined_items', 'defined items'),
	('Languages::delay', 'Delay (in seconds)'),
	('Languages::delete', 'Delete'),
	('Languages::deleted', 'Deleted'),
	('Languages::deleted_product', 'DELETED PRODUCT'),
	('Languages::delete_all_found', 'Delete all found'),
	('Languages::delete_block', 'Delete block'),
	('Languages::delete_confirmation', 'Are you sure you want to delete the selected items?'),
	('Languages::delete_grid', 'Delete grid'),
	('Languages::delete_image', 'Delete image'),
	('Languages::delete_image_pair', 'Delete image pair'),
	('Languages::delete_install_folder', 'Please remove the install directory.<br /><br />Keeping the install directory on the server is insecure.'),
	('Languages::delete_range', 'Delete range'),
	('Languages::delete_selected', 'Delete selected'),
	('Languages::delete_this_category', 'Delete this category'),
	('Languages::delete_this_page', 'Delete this page'),
	('Languages::delivery_time', 'Delivery time'),
	('Languages::delivery_times_text', 'Delivery time is calculated in business days.'),
	('Languages::demo', 'Demo'),
	('Languages::demo_mode', 'Demo mode is enabled'),
	('Languages::demo_mode_content_text', '<p>The cart is working in the <b>DEMO</b> mode and this functionality is disabled.</p>'),
	('Languages::demo_panel.demo_store_panel', 'Demo store panel'),
	('Languages::demo_panel.go_admin_panel', 'Go to Administration panel'),
	('Languages::demo_panel.go_storefront', 'Go to Storefront'),
	('Languages::demo_panel.demo_will_be_reset_in', 'Demo will be reset in:'),
	('Languages::denied', 'Denied'),
	('Languages::dependence', 'Select values by'),
	('Languages::deposit_amount', 'Deposit amount'),
	('Languages::desc', 'desc.'),
	('Languages::description', 'Description'),
	('Languages::descr_avs', 'AVS verification response'),
	('Languages::descr_cvv', 'CVV2 verification response'),
	('Languages::design', 'Design'),
	('Languages::design_mode', 'Design mode'),
	('Languages::desired_amount', 'Desired quantity'),
	('Languages::destination', 'Destination'),
	('Languages::detailed_description', 'Detailed description'),
	('Languages::detailed_images', 'Detailed images'),
	('Languages::details', 'details'),
	('Languages::dhl', 'DHL'),
	('Languages::diff', 'File changes'),
	('Languages::different_only', 'Different only'),
	('Languages::directory', 'Directory'),
	('Languages::direct_download', 'Direct download'),
	('Languages::disable', 'Disable'),
	('Languages::disabled', 'Disabled'),
	('Languages::disabled_categories', 'Disabled categories'),
	('Languages::disable_for', 'Disable for'),
	('Languages::disable_selected', 'Disable selected'),
	('Languages::disapprove', 'Disapprove'),
	('Languages::disapproved', 'Disapproved'),
	('Languages::\ndisapprove_selected', 'Disapprove selected'),
	('Languages::discount', 'Discount'),
	('Languages::discounted_price', 'Discounted price'),
	('Languages::discounts', 'Discounts'),
	('Languages::discount_coupon', 'Discount coupon'),
	('Languages::discount_coupon_code', 'Discount coupon code'),
	('Languages::dispatch', 'Dispatch'),
	('Languages::displayed_vendors', 'Displayed stores'),
	('Languages::display_bottom_buttons', 'Display bottom buttons'),
	('Languages::display_delete_icons', 'Display delete icons'),
	('Languages::display_message', 'Display message'),
	('Languages::display_more_variants_count', 'Number of displayed filter variants  before the "view all" link'),
	('Languages::display_on', 'Display on'),
	('Languages::display_type', 'Display type'),
	('Languages::display_variants_count', 'Number of displayed filter variants before the "more" link'),
	('Languages::domains', 'Domains'),
	('Languages::domestic_usps', 'Domestic U.S.P.S.'),
	('Languages::done', 'Done'),
	('Languages::dont_track', 'Do not track'),
	('Languages::dont_use_cardinal', 'Don\'t use Cardinal Centinel&reg; for 3-D Secure Payer Authentication'),
	('Languages::dots', 'Dots'),
	('Languages::down', 'Down'),
	('Languages::download', 'Download'),
	('Languages::downloadable', 'Downloadable'),
	('Languages::downloadable_shipping', 'Enable shipping if downloadable'),
	('Languages::downloads', 'Downloads'),
	('Languages::downloads_max_left', 'Downloads (max./left)'),
	('Languages::download_key_expiry', 'Download key expiry'),
	('Languages::download_link_expired', 'The download link is expired or is not ready.'),
	('Languages::do_not_change', 'Do not change'),
	('Languages::do_not_pass_logo', 'Do not pass the shopping cart logo to the merchant'),
	('Languages::do_not_use', 'Do not use'),
	('Languages::drlicense_number', 'Driving License Number'),
	('Languages::dropdown_horizontal', 'Dropdown horizontal'),
	('Languages::dropdown_limit', 'Minimal number if items to be placed in a dropdown list.'),
	('Languages::dropdown_second_level_elements', 'Second level elements'),
	('Languages::dropdown_third_level_elements', 'Third level elements'),
	('Languages::dropdown_vertical', 'Dropdown vertical'),
	('Languages::drop_existing_data', 'Delete all existing product files before import'),
	('Languages::dump_cant_create_file', 'Cannot create file for database dump. Please check permissions for the "var/database" directory of your installation.'),
	('Languages::dump_file_not_writable', 'Please set write permissions on the database backup file.'),
	('Languages::duplicate', 'Duplicate transactions'),
	('Languages::dutch', 'Dutch'),
	('Languages::dynamic', 'Dynamic'),
	('Languages::dynamic_content', 'This block content will be shown on <a href="[url]">this page</a> only.'),
	('Languages::dynamic_tree_cat', 'Dynamic tree'),
	('Languages::dynamic_tree_pages', 'Dynamic tree'),
	('Languages::easing', 'Easing'),
	('Languages::edit', 'Edit'),
	('Languages::editing', 'Editing'),
	('Languages::editing_block', 'Editing block'),
	('Languages::editing_category', 'Editing category'),
	('Languages::editing_chart', 'Editing chart'),
	('Languages::editing_container', 'Editing container'),
	('Languages::editing_currency', 'Editing currency'),
	('Languages::editing_defined_products', 'Editing defined products'),
	('Languages::editing_file', 'Editing file'),
	('Languages::editing_filter', 'Editing filter'),
	('Languages::editing_folder', 'Editing folder'),
	('Languages::editing_grid', 'Editing grid'),
	('Languages::editing_group', 'Editing group'),
	('Languages::editing_item', 'Editing item'),
	('Languages::editing_language', 'Editing language'),
	('Languages::editing_layout', 'Editing layout'),
	('Languages::editing_link', 'Editing link'),
	('Languages::editing_localization', 'Editing localization'),
	('Languages::editing_location', 'Editing location'),
	('Languages::editing_menu', 'Editing menus'),
	('Languages::editing_option', 'Editing option'),
	('Languages::editing_order', 'Editing order'),
	('Languages::editing_page', 'Editing page'),
	('Languages::editing_payment', 'Editing payment'),
	('Languages::editing_product', 'Editing product'),
	('Languages::editing_product_feature', 'Editing product feature'),
	('Languages::editing_profile', 'Editing profile'),
	('Languages::editing_profile_field', '\nEditing profile field'),
	('Languages::editing_promotion', 'Editing promotion'),
	('Languages::editing_quick_menu_link', 'Editing quick menu link'),
	('Languages::editing_quick_menu_section', 'Editing quick menu section'),
	('Languages::editing_report', 'Editing report'),
	('Languages::editing_shipping_method', 'Editing shipping method'),
	('Languages::editing_sitemap_section', 'Editing sitemap section'),
	('Languages::editing_status', 'Editing status'),
	('Languages::editing_tab', 'Editing tab'),
	('Languages::editing_tax', 'Editing tax'),
	('Languages::editing_vendor', 'Editing store'),
	('Languages::edition_type', 'Edition type'),
	('Languages::edit_files', 'Edit files'),
	('Languages::edit_layout', 'Edit layout'),
	('Languages::edit_order', 'Edit order'),
	('Languages::edit_products', 'Edit products'),
	('Languages::edit_profile', 'Edit profile'),
	('Languages::edit_profile_note', 'Change email, password, shipping/billing info, and other profile settings'),
	('Languages::edit_report', 'Edit report'),
	('Languages::edit_selected', 'Edit selected'),
	('Languages::edp_access_granted', 'Now you can download the purchased products.'),
	('Languages::edp_access_subj', 'Access to electronically distributed products is granted'),
	('Languages::edp_enable_shipping', 'Enable shipping for downloadable products'),
	('Languages::email', 'Email'),
	('Languages::emails', 'Emails'),
	('Languages::email_address', 'E-mail address'),
	('Languages::email_header', 'E-mail header'),
	('Languages::email_subject', 'E-mail subject'),
	('Languages::empty', 'Empty'),
	('Languages::empty_key_value', 'Empty table key value'),
	('Languages::enable', 'Enable'),
	('Languages::enabled', 'Enabled'),
	('Languages::enable_cdn', 'Enable CDN'),
	('Languages::enable_for', 'Enable for'),
	('Languages::enable_or_disable_block', 'Activate/Deactivate Block'),
	('Languages::enable_or_disable_container', 'Activate/Deactivate Container'),
	('Languages::enable_or_disable_grid', 'Activate/Deactivate Grid'),
	('Languages::enable_quick_view', 'Enable quick view'),
	('Languages::encryption', 'Encryption'),
	('Languages::encryption_key', 'Encryption Key'),
	('Languages::end_date', 'End date'),
	('Languages::english', 'English'),
	('Languages::enter_code', 'Enter code'),
	('Languages::enter_data', 'Enter data'),
	('Languages::enter_email', 'Enter e-mail address'),
	('Languages::enter_new_lang_code', 'Enter a new language code'),
	('Languages::enter_other', 'Enter other'),
	('Languages::enter_your_price', 'Enter your price'),
	('Languages::entity', 'Entity'),
	('Languages::entry_page', 'Global entry page'),
	('Languages::entry_point', 'Entry point'),
	('Languages::envelope', 'Envelope'),
	('Languages::epdq_3ds_main', 'Main window'),
	('Languages::epdq_3ds_popup', 'Popup'),
	('Languages::error', 'Error'),
	('Languages::errorCode', 'Error Code'),
	('Languages::errorName', 'Error Name'),
	('Languages::error_account_disabled', 'Your account is disabled. Please contact the store administration.'),
	('Languages::error_admin_not_created_email_already_used', 'Administrator account was not created. The email address belongs to another user. You can add the administrator for this company manually.'),
	('Languages::error_ajax', 'Oops, something went wrong ([error]). Please try again.'),
	('Languages::error_area_access_denied', 'You are not allowed to login to this area.'),
	('Languages::error_confirmation_code_invalid', 'Incorrect or missing confirmation code.'),
	('Languages::error_curl_not_exists', '<b>Warning!</b><br />Your server <b>does not</b> support the PHP cURL extension. <b>[method]</b> will not be operational. Please contact your hosting provider.'),
	('Languages::error_curl_ssl_not_exists', '<b>Warning!</b><br />The PHP cURL extension is compiled <b>without</b> SSL support on your server. <b>[method]</b> will not be operational. Please contact your hosting provider.'),
	('Languages::error_currency_exists', 'Currency with code <b>[code]</b> already exists'),
	('Languages::error_delete_theme_company', 'Another storefront is using this theme. Please change theme before deleting it.'),
	('Languages::error_delete_theme_layout', 'Layout that uses this theme is set as 	default. Please set another layout as default.'),
	('Languages::error_demo_mode', 'The cart is working in \nthe <b>DEMO</b> mode and this functionality is disabled.'),
	('Languages::error_empty_company_name', 'Company name cannot be empty'),
	('Languages::error_exim_cant_open_file', 'Cannot open uploaded file'),
	('Languages::error_exim_cant_read_file', 'Cannot read uploaded file'),
	('Languages::error_exim_fields_not_selected', 'No fields selected for export'),
	('Languages::error_exim_file_doesnt_exist', 'File doesn\'t exist'),
	('Languages::error_exim_incorrect_lines', 'Your CSV file has incorrect data formatting (incorrect delimiter, missed/missing fields, etc.) in the following lines: <b>[lines]</b>'),
	('Languages::error_exim_incorrent_delimiter', 'The delimiter in CSV file differs from the one selected by you'),
	('Languages::error_exim_invalid_count_langs', 'Multi-language line count mismatch: different number of lines for different languages provided.'),
	('Languages::error_exim_layout_required_fields', 'The following fields are mandatory and cannot be removed from the layout:'),
	('Languages::error_exim_no_data_exported', 'No data exported'),
	('Languages::error_exim_no_file_uploaded', 'No file uploaded'),
	('Languages::error_exim_pattern_definition_alt_keys', 'Invalid pattern definition: alternative key is missing'),
	('Languages::error_exim_pattern_definition_references', 'Invalid pattern definition: missing table references'),
	('Languages::error_exim_pattern_dont_match', 'Your import file does not match the selected pattern'),
	('Languages::error_exim_pattern_not_found', 'Pattern not found'),
	('Languages::error_exim_pattern_required_fields', 'Your import file MUST have the following fields: <b>[fields]</b>'),
	('Languages::error_hash_generation', 'Error in hash generation. Please choose another payment method.'),
	('Languages::error_images_need_located_root_dir', 'Please specify the images directory within the store root directory. Put the images to import in this directory.'),
	('Languages::error_image_format_not_supported', 'The image format <b>[format]</b> is not supported by GD library installed on your server. The thumbnail was not created.'),
	('Languages::error_incorrect_login', 'The username or password you have entered is invalid. Please try again.'),
	('Languages::error_invalid_emails', 'The following email addresses are invalid: <b>[emails]</b>'),
	('Languages::error_lang_code_exists', 'The provided language ([code]) code already exists'),
	('Languages::error_login_not_exists', 'The username you have entered does not match any account in our store. Please make sure you have entered the correct username and try again.'),
	('Languages::error_message_not_sent', 'Message could not be sent.<br />Mailer Error:'),
	('Languages::error_not_logged', 'You must log in before you can access this resource!'),
	('Languages::error_no_items_selected', 'No items selected! At least one check box must be selected to perform this action.'),
	('Languages::error_occured', 'Error occurred.'),
	('Languages::error_occurred', 'Error occurred'),
	('Languages::error_passwords_dont_match', 'The passwords do not match.'),
	('Languages::error_password_content', 'The password must contain both letters and numbers.'),
	('Languages::error_password_expired', 'Your password has expired. You must change your password now.'),
	('Languages::error_password_expired_change', 'Your password has expired. <p><a href="[link]" class="underlined"><b>Change password &#155;&#155;</b></a></p>'),
	('Languages::error_password_min_symbols', 'The password must contain at least <b>[number]</b> characters.'),
	('Languages::error_password_was_used', 'Your new password must not coincide with any of those four passwords used before. Please use another password.'),
	('Languages::error_permissions_not_changed', 'Cannot change permissions'),
	('Languages::error_status_not_changed', 'Error while updating the status. Status was not changed.'),
	('Languages::error_theme_manifest_missed', 'Theme description file ("manifest") was not found. Installation canceled.'),
	('Languages::error_user_exists', 'The username or email you have chosen already exists. Please try another one.'),
	('Languages::error_validator_color', 'The color code in the <b>[field]</b> field is invalid.'),
	('\nLanguages::error_validator_email', 'The email address in the <b>[field]</b> field is invalid.'),
	('Languages::error_validator_integer', 'The value of the <b>[field]</b> field is invalid. It should be integer.'),
	('Languages::error_validator_message', 'The value of the <b>[field]</b> field is invalid.'),
	('Languages::error_validator_multiple', 'The <b>[field]</b> field does not contain the selected options.'),
	('Languages::error_validator_password', 'The passwords in the <b>[field2]</b> and <b>[field]</b> fields do not match.'),
	('Languages::error_validator_phone', 'The phone number in the <b>[field]</b> field is invalid. The correct format is (555) 555-55-55 or 55 55 555 5555.'),
	('Languages::error_validator_phone_number', 'It is required to use the following format for this payment method: 555 555 5555.'),
	('Languages::error_validator_required', 'The <b>[field]</b> field is mandatory.'),
	('Languages::error_validator_zipcode', 'The ZIP / Postal code in the <b>[field]</b> field is incorrect. The correct format is [extra].'),
	('Languages::error_vendor_exists', 'The company with e-mail you have chosen already exists, please try another.'),
	('Languages::exact_phrase', 'The exact phrase'),
	('Languages::excellent', 'Excellent!'),
	('Languages::exception', 'Exception'),
	('Languages::exceptions', 'Exceptions'),
	('Languages::exceptions_type', 'Exceptions type'),
	('Languages::exception_disabled', 'No variant can be selected'),
	('Languages::exception_disregard', 'Any variant'),
	('Languages::exception_error', 'ERROR'),
	('Languages::exception_error_code', 'Error code:'),
	('Languages::exception_exist', 'This exception combination already exists'),
	('Languages::exception_title', 'Oops!<br />We were unable to find what you were looking for.'),
	('Languages::exchange_rate', 'Live exchange rates'),
	('Languages::exec', 'Execute'),
	('Languages::exim_remove_additional_images', 'Clean up'),
	('Languages::exit_point', 'Exit point'),
	('Languages::exp', 'Exp'),
	('Languages::expanded', 'Expanded'),
	('Languages::expand_collapse_list', 'Expand / collapse the list of items'),
	('Languages::expand_sublist_of_items', 'Expand the sublist of items'),
	('Languages::expired', 'Expired'),
	('Languages::expirepreauth', 'Preauthorization'),
	('Languages::expirepreauth_description', 'Preauthorization hold limit in days. The maximum value is 30 days. With the "Sale" request type, leave this field empty.'),
	('Languages::expiry_date', 'Expiration date'),
	('Languages::export', 'Export'),
	('Languages::exported_fields', 'Exported fields'),
	('Languages::exported_files', 'Exported files'),
	('Languages::exporting_data', 'Exporting data'),
	('Languages::export_data', 'Export data'),
	('Languages::export_locations', 'Export locations'),
	('Languages::export_options', 'Export options'),
	('Languages::export_selected', 'Export selected'),
	('Languages::extended', 'Extended'),
	('Languages::extra', 'Extra'),
	('Languages::extra_services', 'Extra services'),
	('Languages::fail', 'Fail'),
	('Languages::failed', 'Failed'),
	('Languages::fair', 'Fair'),
	('Languages::false', 'False'),
	('Languages::faroese', 'Faroese'),
	('Languages::fast', 'Fast'),
	('Languages::fax', 'Fax'),
	('Languages::feature', 'Feature'),
	('Languages::features', 'Features'),
	('Languages::features_delimiter', 'Features delimiter'),
	('Languages::features_menu_description', 'Add and manage extra product fields.'),
	('Languages::feature_code', 'Feature code'),
	('Languages::feature_comparison', 'Feature comparison'),
	('Languages::feature_display_on_catalog', 'Show in product list'),
	('Languages::feature_display_on_header', 'Show in product header'),
	('Languages::feature_display_on_product', 'Show on the Features tab'),
	('Languages::fedex', 'FedEx'),
	('Languages::feedback_is_sent_successfully', 'The feedback has been sent successfully.'),
	('Languages::feedback_values', 'Feedback values'),
	('Languages::field', 'Field'),
	('Languages::field_editor', 'Field Editor'),
	('Languages::file', 'File'),
	('Languages::filename', 'File name'),
	('Languages::files', 'Files'),
	('Languages::filesize', 'File size'),
	('Languages::files_changes', 'File changes'),
	('Languages::files_directory', 'Files directory'),
	('Languages::file_avail_after_payment', 'This file will be available after the \norder is paid in full.'),
	('Languages::file_browser', 'File browser'),
	('Languages::file_doesnt_have_key', 'This file doesn\'t have a download key.'),
	('Languages::file_download_limit_exceeded', 'The file cannot be downloaded because the download limit equal to [limit] is exceeded.'),
	('Languages::file_is_too_large', 'File is too large. Max uploading size is [size].'),
	('Languages::file_tree', 'File tree'),
	('Languages::filling', 'Filling'),
	('Languages::filter', 'Filter'),
	('Languages::filters', 'Filters'),
	('Languages::filters_menu_description', 'Product filters are displayed on the storefront and enable your customers to quickly find the products.'),
	('Languages::filter_by', 'Filter by'),
	('Languages::filter_description', 'Filter description'),
	('Languages::filter_name', 'Filter name'),
	('Languages::finance_product_code', 'Finance product code'),
	('Languages::financial_state', 'Financial state'),
	('Languages::find_results_with', 'Find results with'),
	('Languages::finish', 'Finish'),
	('Languages::finished', 'Finished'),
	('Languages::finnish', 'Finnish'),
	('Languages::first_name', 'First name'),
	('Languages::flemish', 'Flemish'),
	('Languages::folder', 'Folder'),
	('Languages::folder_is_empty', 'Folder is empty'),
	('Languages::footer', 'Footer'),
	('Languages::footer_container_not_used', 'This container is NOT used. Footer container from the default location will be used instead. Set this location as default to use this container as footer for all locations.'),
	('Languages::for', 'for'),
	('Languages::forbidden', 'Forbidden'),
	('Languages::forbidden_combinations', 'Forbidden combinations'),
	('Languages::forgot_password_question', 'Forgot your password?'),
	('Languages::form', 'Form'),
	('Languages::format', 'Format'),
	('Languages::forms', 'Forms'),
	('Languages::form_id', 'Form ID'),
	('Languages::for_all_found_orders', 'For orders on ALL pages'),
	('Languages::for_this_page_orders', 'For orders on THIS page'),
	('Languages::fragile', 'Fragile'),
	('Languages::free', 'Free'),
	('Languages::free_products', 'Free products'),
	('Languages::free_shipping', 'Free shipping'),
	('Languages::french', 'French'),
	('Languages::from', 'from'),
	('Languages::from_date', 'Date from'),
	('Languages::fulfillment_state', 'Fulfillment state'),
	('Languages::full', 'Full'),
	('Languages::fullauth', 'Fullauth'),
	('Languages::full_description', 'Full description'),
	('Languages::full_list', 'Full list'),
	('Languages::full_tree_cat', 'Full tree'),
	('Languages::full_tree_pages', 'Full tree'),
	('Languages::full_width', 'Full width'),
	('Languages::function', 'Core'),
	('Languages::function_deprecated', 'Function [old_function] is deprecated and will be removed in next version. Please use [new_function] instead of it.'),
	('Languages::gateway', 'Gateway'),
	('Languages::gateways', 'Gateways'),
	('Languages::general', 'General'),
	('Languages::general_info', 'General information'),
	('Languages::general_statistics', 'General statistics'),
	('Languages::generate', 'Generate'),
	('Languages::generate_submenu', 'Generate submenu'),
	('Languages::geography', 'Geography'),
	('Languages::german', 'German'),
	('Languages::get_rates', 'Get rates'),
	('Languages::give_coupon_subj', 'you have new promotion'),
	('Languages::global', 'Global'),
	('Languages::global_options', 'Global options'),
	('Languages::global_status', 'Global status'),
	('Languages::global_update', 'Global update'),
	('Languages::global_update_description', 'Positive or negative values can be entered in the fields below (e.g. -5).'),
	('Languages::go', 'Go'),
	('Languages::google', 'Google'),
	('Languages::google_base', 'Google Base'),
	('Languages::google_base_export_notice', '<b>Note:</b> You can setup Tax and Shipping rates on the <a href="http://www.google.com/merchants/taxshippingsettings">Tax and shipping summary</a> page in your Google merchant center.'),
	('Languages::goto_theme_configuration', 'Browse themes'),
	('Languages::remove_theme', 'Remove theme'),
	('Languages::go_back', 'Go back'),
	('Languages::go_to_the_admin_homepage', 'Go to the admin homepage'),
	('Languages::go_to_the_homepage', 'Go to the homepage'),
	('Languages::grams_in_the_unit_of_weight', 'Grams in the unit of weight defined by the weight symbol'),
	('Languages::graphic', 'Graphic'),
	('Languages::greek', 'Greek'),
	('Languages::grid', 'Grid'),
	('Languages::tmpl_grid2', 'Grid2'),
	('Languages::grid_options', 'Grid options'),
	('Languages::gross_total', 'Gross total'),
	('Languages::group', 'Group'),
	('Languages::groups', 'Groups'),
	('Languages::guest', 'Guest'),
	('Languages::has_credit_memo', 'Has credit memo'),
	('Languages::has_invoice', 'Has invoice'),
	('Languages::header', 'Header'),
	('Languages::header_container_not_used', 'This container is NOT used. Header container from the default location will be used instead. Set this location as default to use this container as header for all locations.'),
	('Languages::header_image', 'Header image'),
	('Languages::hebrew', 'Hebrew'),
	('Languages::height', 'Height'),
	('Languages::hello', 'Hello'),
	('Languages::help', 'Help'),
	('Languages::hidden', 'Hidden'),
	('Languages::hide', 'Hide'),
	('Languages::hide_add_to_cart_button', 'Hide add to cart button'),
	('Languages::hide_options', 'Hide options'),
	('Languages::hide_option_completely', 'Hide option completely'),
	('Languages::home', 'Home'),
	('Languages::home_page', 'Home page'),
	('Languages::horizontal', 'Horizontal'),
	('Languages::host', 'Host name'),
	('Languages::host_code', 'Host code'),
	('Languages::hour', 'Hour'),
	('Languages::how_to_send', 'How to send?'),
	('Languages::html_block', 'HTML block'),
	('Languages::hungarian', 'Hungarian'),
	('Languages::I25', 'Interleaved 2 of 5 is based on Standard 2 of 5 symbology.<br/>Interleaved 2 of 5 is designed to encode only 10 digits.'),
	('Languages::icon', 'Icon'),
	('Languages::id', 'ID'),
	('Languages::identifier', 'PayBox identifier'),
	('Languages::iframe_mode', 'iFrame mode'),
	('Languages::illegal_item_weight', 'Illegal item weight'),
	('Languages::image', 'Image'),
	('Languages::images', 'Images'),
	('Languages::images_directory', 'Images directory'),
	('Languages::image_pair', 'Image pair'),
	('Languages::image_verification', 'Image verification'),
	('Languages::image_verification_body', 'Type the characters you see in the picture above.'),
	('Languages::image_verification_label', 'Anti-bot validation'),
	('Languages::immediately', 'Immediately'),
	('Languages::import', 'Import'),
	('Languages::important', 'Important'),
	('Languages::importing_data', 'Importing data'),
	('Languages::import_data', 'Import data'),
	('Languages::import_locations', 'Import locations'),
	('Languages::import_options', 'Import options'),
	('Languages::in', 'In'),
	('Languages::included', 'included'),
	('Languages::include_cvn', 'Include CVN'),
	('Languages::including_discount', 'Including discount'),
	('Languages::including_tax', 'Including tax'),
	('Languages::incompleted', 'Incomplete'),
	('Languages::incompleted_orders', 'Incomplete orders'),
	('Languages::incorrect_filling_message', 'Incorrect filling message'),
	('Languages::incorrect_price_warning', 'Product has not been added to the cart. Please enter the correct price.'),
	('Languages::increase', 'Increase'),
	('Languages::inc_tax', 'inc tax'),
	('Languages::index', 'Home page'),
	('Languages::information', 'Information'),
	('Languages::inner_hint', 'Inner hint'),
	('Languages::input_field', 'Input field'),
	('Languages::insert_block', 'Add block'),
	('Languages::insert_grid', 'Add grid'),
	('Languages::install', 'Install'),
	('Languages::installation_id', 'Installation ID'),
	('Languages::installed', 'Installed'),
	('Languages::installed_languages', 'Installed'),
	('Languages::installed_upgrades', 'Installed upgrades'),
	('Languages::welcome_screen.administrator_info', 'To access the administrator area, use the e-mail (<b>[email]</b>) and the password you have entered earlier.'),
	('Languages::welcome_screen.go_admin_panel', 'Go to the administration panel'),
	('Languages::welcome_screen.go_storefront', 'Go to the storefront'),
	('Languages::welcome_screen.go_settings_wizard', 'Go to the Settings wizard for basic store setup'),
	('Languages::welcome_screen.knowledge_base', 'Knowledge base'),
	('Languages::welcome_screen.run_settings_wizard', 'Run Settings wizard'),
	('Languages::welcome_screen.learn_more_configuration', 'Learn more about storefront configuration in our'),
	('Languages::welcome_screen.thanks', 'Thank you for choosing [product]. Happy selling!'),
	('Languages::installer_complete_title', 'Installation successfully finished'),
	('Languages::\ninternational_settings', 'International settings'),
	('Languages::international_usps', 'International U.S.P.S.'),
	('Languages::inventory', 'Inventory'),
	('Languages::invitees', 'Invitees'),
	('Languages::invoice', 'Invoice'),
	('Languages::invoices', 'Invoices'),
	('Languages::invoice_credit_memo', 'Invoice/Credit memo'),
	('Languages::invoice_id', 'Invoice ID'),
	('Languages::invoice_title', 'INVOICE'),
	('Languages::in_progress', 'In progress'),
	('Languages::in_stock', 'In stock'),
	('Languages::ip', 'IP'),
	('Languages::ip_address', 'IP address'),
	('Languages::issuer', 'Issuer'),
	('Languages::issuer_info', 'Issuer information'),
	('Languages::is_back_in_stock', 'is back in stock!'),
	('Languages::is_pbp', 'Allow payment by points'),
	('Languages::italian', 'Italian'),
	('Languages::items', 'item(s)'),
	('Languages::items_dependences', 'Items dependencies'),
	('Languages::items_in_box', 'Items in a box'),
	('Languages::items_in_cart', 'You have [n] item in your cart|You have [n] items in your cart'),
	('Languages::items_per_page', 'Items per page'),
	('Languages::items_title', 'Items'),
	('Languages::item_number', 'Show item number'),
	('Languages::item_quantity', 'Item quantity'),
	('Languages::japanese', 'Japanese'),
	('Languages::join', 'Join'),
	('Languages::json_error_ctrl_char', 'Control character error, possibly incorrectly encoded'),
	('Languages::json_error_depth', 'The maximum stack depth has been exceeded'),
	('Languages::json_error_state_mismatch', 'Invalid or malformed JSON'),
	('Languages::json_error_syntax', 'Syntax error, malformed JSON'),
	('Languages::json_error_unknown', 'Unknown JSON error'),
	('Languages::json_error_utf8', 'Malformed UTF-8 characters, possibly incorrectly encoded'),
	('Languages::key', 'Key'),
	('Languages::key1_for_md5', 'Auth key 1 for md5'),
	('Languages::key2_for_md5', 'Auth key 2 for md5'),
	('Languages::keywords', 'Keywords'),
	('Languages::korean', 'Korean'),
	('Languages::label_text_color', 'Label text color'),
	('Languages::landing_header', 'Your order has been received'),
	('Languages::language', 'Language'),
	('Languages::languagecode', 'Language code'),
	('Languages::languages', 'Languages'),
	('Languages::language_code', 'Language code'),
	('Languages::language_variable', 'Language variable'),
	('Languages::language_variables', 'Language variables'),
	('Languages::last4ssn', 'Last 4 digits of Social Security Number'),
	('Languages::last_24hours', 'Last 24 hours'),
	('Languages::last_days', 'Last days'),
	('Languages::last_month', 'Last month'),
	('Languages::last_name', 'Last name'),
	('Languages::last_n_days', 'Last [N] days'),
	('Languages::last_order', 'Last order'),
	('Languages::latitude', 'Latitude'),
	('Languages::layout', 'Layout'),
	('Languages::layouts', 'Layouts'),
	('Languages::lbl_amazon_aws_access_public_key', 'AWS access public key'),
	('Languages::lbl_amazon_aws_access_secret_key', 'AWS access secret key'),
	('Languages::lbl_amazon_background_color', 'Background color'),
	('Languages::lbl_amazon_button_color', 'Button color'),
	('Languages::lbl_amazon_button_size', 'Button size'),
	('Languages::lbl_amazon_button_style', 'Amazon button style'),
	('Languages::lbl_amazon_color_dark', 'Dark'),
	('Languages::lbl_amazon_color_light', 'Light'),
	('Languages::lbl_amazon_color_orange', 'Orange'),
	('Languages::lbl_amazon_color_tan', 'Tan'),
	('Languages::lbl_amazon_color_white', 'White'),
	('Languages::lbl_amazon_process_order_on_failure', 'Process order on callback failure'),
	('Languages::lbl_amazon_size_large', 'Large'),
	('Languages::lbl_amazon_size_medium', 'Medium'),
	('Languages::lbl_amazon_size_xlarge', 'X-Large'),
	('Languages::left', 'Left'),
	('Languages::length', 'Length'),
	('Languages::less', 'less'),
	('Languages::letter', 'Letter'),
	('Languages::level', 'Level'),
	('Languages::licence_agreement', 'License Agreement'),
	('Languages::license_agreement', 'License agreement'),
	('Languages::license_number', 'License number'),
	('Languages::license_number_cannot_be_empty', 'License number cannot be empty'),
	('Languages::limit', 'Limit'),
	('Languages::line', 'Line'),
	('Languages::linear', 'Linear'),
	('Languages::link', 'Link'),
	('Languages::linked_categories', 'Linked categories'),
	('Languages::linked_products', 'Linked products'),
	('Languages::links', 'Links'),
	('Languages::links_thumb', 'Links \nthumb'),
	('Languages::link_text', 'Link text'),
	('Languages::link_to', 'Link to'),
	('Languages::list', 'List'),
	('Languages::list_objects', 'List objects'),
	('Languages::list_price', 'List price'),
	('Languages::list_price_decreased', 'List price has been decreased by'),
	('Languages::list_price_increased', 'List price has been increased by'),
	('Languages::list_price_short', 'List price'),
	('Languages::list_quantity_count', 'List quantity count'),
	('Languages::tmpl_list_without_options', 'List without options'),
	('Languages::live', 'Live'),
	('Languages::live_preview', 'Live preview'),
	('Languages::loading', 'Loading...'),
	('Languages::local', 'Local'),
	('Languages::localization', 'Localization'),
	('Languages::localizations', 'Localizations'),
	('Languages::localizations_menu_description', 'Manage localizations that are supported in your store.'),
	('Languages::location', 'Location'),
	('Languages::locations', 'Locations'),
	('Languages::locations_menu_description', 'Manage the set of locations that are supported in your store.'),
	('Languages::loggedin_time', 'Logged in time'),
	('Languages::logging', 'Logging'),
	('Languages::login', 'Login'),
	('Languages::logos', 'Logos'),
	('Languages::logo_link', 'Location (URL) of logo'),
	('Languages::logs', 'Logs'),
	('Languages::log_action_backup', 'backup'),
	('Languages::log_action_create', 'create'),
	('Languages::log_action_delete', 'delete'),
	('Languages::log_action_deprecated', 'deprecated'),
	('Languages::log_action_error', 'error'),
	('Languages::log_action_failed_login', 'failed login'),
	('Languages::log_action_http', 'http/https request'),
	('Languages::log_action_login', 'sign in'),
	('Languages::log_action_low_stock', 'low stock'),
	('Languages::log_action_optimize', 'optimize'),
	('Languages::log_action_restore', 'restore'),
	('Languages::log_action_runtime', 'runtime'),
	('Languages::log_action_session', 'session'),
	('Languages::log_action_status', 'status change'),
	('Languages::log_action_update', 'update'),
	('Languages::log_type_categories', 'Categories'),
	('Languages::log_type_database', 'Database'),
	('Languages::log_type_general', 'general'),
	('Languages::log_type_orders', 'Orders'),
	('Languages::log_type_products', 'Products'),
	('Languages::log_type_requests', 'Requests'),
	('Languages::log_type_users', 'Users'),
	('Languages::longitude', 'Longitude'),
	('Languages::low_stock_subj', 'Low inventory of "[product]"'),
	('Languages::mac_key', 'Mac key'),
	('Languages::mailing_lists', 'Mailing lists'),
	('Languages::mail_message', 'Mail message'),
	('Languages::mail_subject', 'Mail subject'),
	('Languages::main', 'Main'),
	('Languages::mainbox_general', 'Mainbox general'),
	('Languages::mainbox_simple', 'Mainbox simple'),
	('Languages::maintenance', 'Maintenance'),
	('Languages::main_category', 'Main category'),
	('Languages::make_default', 'Make default'),
	('Languages::manage', 'Manage'),
	('Languages::manage_addons', 'Manage Add-ons'),
	('Languages::manage_blocks', 'Manage blocks'),
	('Languages::manage_categories', 'Manage categories'),
	('Languages::manage_existing_block', 'Edit Existing Blocks'),
	('Languages::manage_items', 'Manage items'),
	('Languages::manage_languages', 'Manage languages'),
	('Languages::manage_menus', 'Manage menus'),
	('Languages::manage_pages', 'Manage pages'),
	('Languages::manage_products', 'Manage products'),
	('Languages::manage_reports', 'Manage reports'),
	('Languages::manage_shippings', 'Shipping methods'),
	('Languages::manage_sitemap', 'Manage sitemap'),
	('Languages::manage_stores', 'Manage stores'),
	('Languages::mandatory', 'Required'),
	('Languages::manually', 'Manually'),
	('Languages::manually_set_tax_rates', 'Manually set tax rates'),
	('Languages::mark', 'Mark as resolved'),
	('Languages::marketing', 'Marketing'),
	('Languages::maximum_items_in_box', 'Maximum items in box'),
	('Languages::max_amount', 'Total cost'),
	('Languages::max_box_weight', 'Max box weight'),
	('Languages::max_downloads', 'Max downloads'),
	('Languages::max_item', 'Number of items'),
	('Languages::max_order_qty', 'Maximum order quantity'),
	('Languages::max_uploading_file_size', 'Max uploading file size'),
	('Languages::max_uploading_file_size_hint', 'Leave this field empty to allow uploading of files of any size, or limit the file size ("100" is equal to 100 Kb)'),
	('\nLanguages::mb_amounts_not_match', 'The amount value received in status request differs from the original order total'),
	('Languages::mb_currencies_not_match', 'The currency value received in status request differs from the store currency'),
	('Languages::mb_md5_hashes_not_match', 'The md5 hash value received in status request differs from the calculated one'),
	('Languages::mb_transaction_id', 'MB Transaction ID'),
	('Languages::md5_checksum_failed', 'MD5 checksum failed'),
	('Languages::md5_hash_value', 'MD5 hash value'),
	('Languages::menu', 'Menu'),
	('Languages::menus', 'Menus'),
	('Languages::menu_items', 'Items for menu'),
	('Languages::merchantid', 'Merchant ID'),
	('Languages::merchant_email', 'Merchant Notification Email'),
	('Languages::merchant_firstname', 'Merchant first name'),
	('Languages::merchant_id', 'Merchant ID'),
	('Languages::merchant_key', 'Merchant key'),
	('Languages::merchant_lastname', 'Merchant last name'),
	('Languages::merchant_login', 'Merchant login'),
	('Languages::merchant_name', 'Merchant name'),
	('Languages::merchant_pin', 'Merchant PIN'),
	('Languages::merchant_response_was_not_received', 'No response from the merchant received. Please check this transaction manually.'),
	('Languages::merchant_site_id', 'Merchant site ID'),
	('Languages::merchant_warrior_api_key', 'API Key.'),
	('Languages::merchant_warrior_api_passphrase', 'API Passphrase.'),
	('Languages::merge', 'Merge'),
	('Languages::message', 'Message'),
	('Languages::messages', 'Messages'),
	('Languages::meta_description', 'Meta description'),
	('Languages::meta_keywords', 'Meta keywords'),
	('Languages::method', 'Method'),
	('Languages::minimized', 'Minimized'),
	('Languages::minimum_commission_payment', 'Minimum commission payment'),
	('Languages::minimum_items_in_box', 'Minimum items in box'),
	('Languages::minutes', 'minute(s)'),
	('Languages::min_order_qty', 'Minimum order quantity'),
	('Languages::missing_variants_handling', 'Missing variants handling'),
	('Languages::modifier', 'Modifier'),
	('Languages::modify_profile', 'Modify Profile'),
	('Languages::modify_selected', 'Modify selected'),
	('Languages::month', 'Month'),
	('Languages::months', 'month(s)'),
	('Languages::month_name_1', 'January'),
	('Languages::month_name_10', 'October'),
	('Languages::month_name_11', 'November'),
	('Languages::month_name_12', 'December'),
	('Languages::month_name_2', 'February'),
	('Languages::month_name_3', 'March'),
	('Languages::month_name_4', 'April'),
	('Languages::month_name_5', 'May'),
	('Languages::month_name_6', 'June'),
	('Languages::month_name_7', 'July'),
	('Languages::month_name_8', 'August'),
	('Languages::month_name_9', 'September'),
	('Languages::month_name_abr_1', 'Jan'),
	('Languages::month_name_abr_10', 'Oct'),
	('Languages::month_name_abr_11', 'Nov'),
	('Languages::month_name_abr_12', 'Dec'),
	('Languages::month_name_abr_2', 'Feb'),
	('Languages::month_name_abr_3', 'Mar'),
	('Languages::month_name_abr_4', 'Apr'),
	('Languages::month_name_abr_5', 'May'),
	('Languages::month_name_abr_6', 'Jun'),
	('Languages::month_name_abr_7', 'Jul'),
	('Languages::month_name_abr_8', 'Aug'),
	('Languages::month_name_abr_9', 'Sep'),
	('Languages::more', 'More'),
	('Languages::more_info', 'More info'),
	('Languages::more_link', '[more]'),
	('Languages::more_sign_in_options', 'Back to more sign in options'),
	('Languages::more_than', 'More than'),
	('Languages::more_w_ellipsis', 'More...'),
	('Languages::most_popular', 'Most popular'),
	('Languages::most_popular_addons', 'Most popular add-ons'),
	('Languages::mr', 'Mr.'),
	('Languages::ms', 'Ms.'),
	('Languages::tmpl_multicolumns_small', 'Multicolumns small'),
	('Languages::tmpl_multicolumn_list', 'Multi-column list'),
	('Languages::multiple', 'Multiple'),
	('Languages::multiple_selectbox_notice', '<p>To select several items, press and hold the CTRL key and click on the required items.</p>'),
	('Languages::multiupload', 'Multiupload'),
	('Languages::my_account', 'My account'),
	('Languages::my_account_links', 'My account links'),
	('Languages::my_points', 'My points'),
	('Languages::na', 'N/A'),
	('Languages::name', 'Name'),
	('Languages::navigation', 'Navigation'),
	('Languages::navi_pages', 'Pages'),
	('Languages::neighbours', 'Neighbours'),
	('Languages::new', 'New'),
	('Languages::newest', 'Newest'),
	('Languages::new_administrator_\npassword', 'New administrator password'),
	('Languages::new_category', 'New category'),
	('Languages::new_chart', 'New chart'),
	('Languages::new_combination', 'New combination'),
	('Languages::new_currency', 'New currency'),
	('Languages::new_customer', 'New customer'),
	('Languages::new_feature', 'New feature'),
	('Languages::new_file', 'New file'),
	('Languages::new_filter', 'New filter'),
	('Languages::new_folder', 'New folder'),
	('Languages::new_group', 'New group'),
	('Languages::new_items', 'New item'),
	('Languages::new_language', 'New language'),
	('Languages::new_language_variable', 'New language variable'),
	('Languages::new_layout', 'New layout'),
	('Languages::new_link', 'New link'),
	('Languages::new_localization', 'New localization'),
	('Languages::new_location', 'New location'),
	('Languages::new_menu', 'New menu'),
	('Languages::new_option', 'New option'),
	('Languages::new_orders', 'New orders'),
	('Languages::new_page', 'New page'),
	('Languages::new_payments', 'New payment method'),
	('Languages::new_payout', 'New payout'),
	('Languages::new_post', 'New post'),
	('Languages::new_product', 'New product'),
	('Languages::new_profile', 'New profile'),
	('Languages::new_profile_field', 'New profile field'),
	('Languages::new_profile_notification', 'New [user_type] profile notification'),
	('Languages::new_promotion', 'New promotion'),
	('Languages::new_report', 'New report'),
	('Languages::new_saved_search', 'New saved search'),
	('Languages::new_section', 'New section'),
	('Languages::new_shipment', 'New shipment'),
	('Languages::new_shipment_was_created', 'New shipment was created'),
	('Languages::new_shipping_method', 'New shipping method'),
	('Languages::new_site_map_section', 'New sitemap section'),
	('Languages::new_states', 'New state(s) for the selected country'),
	('Languages::new_status', 'New status'),
	('Languages::new_tab', 'New tab'),
	('Languages::new_tax', 'New tax'),
	('Languages::new_usergroups', 'New user group(s)'),
	('Languages::new_user_profile', 'New user profile'),
	('Languages::new_vendor', 'New store'),
	('Languages::new_zealand', 'New Zealand'),
	('Languages::next', 'Next'),
	('Languages::next_step', 'Next step'),
	('Languages::no', 'No'),
	('Languages::nocombination', 'Unfortunately this combination is not accessible'),
	('Languages::none', 'None'),
	('Languages::normal', 'Normal'),
	('Languages::norway', 'Norway'),
	('Languages::norwegian', 'Norwegian'),
	('Languages::note', 'Note'),
	('Languages::notes', 'Notes'),
	('Languages::notice', 'Notice'),
	('Languages::notice_too_many_decimals', 'You have specified [DECIMALS] decimal places for [CURRENCY]. The maximum number of supported decimal places is 2. Further values will be displayed as zeros.'),
	('Languages::notice_undeliverable_products_removed', 'Undeliverable products have been removed from your cart. You may proceed with the purchase.'),
	('Languages::notice_update_customer_details', 'The customer updated the email address in the profile. Select the check box to update the order details:'),
	('Languages::notify_customer', 'Notify customer'),
	('Languages::notify_orders_department', 'Notify orders department'),
	('Languages::notify_user', 'Notify user'),
	('Languages::notify_vendor', 'Notify store owner'),
	('Languages::notify_when_back_in_stock', 'Notify me when this product is back in stock'),
	('Languages::not_active', 'Not active'),
	('Languages::not_active_file_notice', 'This file will be available for downloading only after the administrator approves them'),
	('Languages::not_a_member', 'Not a member'),
	('Languages::not_installed', 'Not installed'),
	('Languages::not_scroll_automatically', 'Do not scroll automatically'),
	('Languages::no_categories_available', 'No categories available'),
	('Languages::no_data', 'No data found'),
	('Languages::no_data_found', 'No data found that satisfies this chart conditions'),
	('Languages::no_files', 'No files'),
	('Languages::no_image', 'No image'),
	('Languages::no_items', 'No items defined'),
	('Languages::no_items_found', 'No items found matching the search criteria'),
	('Languages::no_menus', 'No menus'),
	('Languages::no_products_for_shipment', 'There are no products for shipment'),
	('Languages::no_products_selected', 'No products selected'),
	('Languages::no_rates_for_empty_cart', '<p class="error-text\n" align="center">Your cart is empty and the shipping cost cannot be estimated</p>'),
	('Languages::no_shipping_required', 'No shipping required'),
	('Languages::no_such_coupon', 'The entered code cannot be applied, because it does not meet the requirements.'),
	('Languages::no_themes_available', 'No themes available'),
	('Languages::no_users_found', 'No users found'),
	('Languages::number', 'Number'),
	('Languages::number_of_columns', 'Number of columns in the objects list'),
	('Languages::object', 'Object'),
	('Languages::object_does_not_exist', 'The object doesn\'t exist'),
	('Languages::object_exists', 'Object of the same name already exists. Do you want to overwrite it?'),
	('Languages::object_not_found', 'The [object] not found'),
	('Languages::of', 'of'),
	('Languages::off', 'Off'),
	('Languages::offline', 'Offline'),
	('Languages::offset', 'Offset'),
	('Languages::ok', 'OK'),
	('Languages::old_price', 'Old price'),
	('Languages::on', 'on'),
	('Languages::once_per_customer', 'Once per customer'),
	('Languages::onclick_dropdown', 'Onclick-dropdown'),
	('Languages::online_only', 'Online only'),
	('Languages::on_off', 'On/Off'),
	('Languages::on_site_template_editing', 'On-site template editing'),
	('Languages::on_site_text_editing', 'On-site text editing'),
	('Languages::open', 'Open'),
	('Languages::open_action', 'Open'),
	('Languages::open_file_or_create_new', 'Open a file or create a new one to get started.'),
	('Languages::open_in_new_window', 'Open in new window'),
	('Languages::open_store', 'Open storefront'),
	('Languages::optimize_database', 'Optimize database'),
	('Languages::optimizing_table', 'Optimizing table'),
	('Languages::options', 'Options'),
	('Languages::options_for', 'Options for'),
	('Languages::options_have_been_applied_to_products', 'Options have been successfully applied to the selected products'),
	('Languages::options_menu_description', 'Manage global product options and option variants in your store.'),
	('Languages::options_settings', 'Options settings'),
	('Languages::options_type', 'Options type'),
	('Languages::option_combinations', 'Option combinations'),
	('Languages::option_name', 'Option name'),
	('Languages::option_unlinked', 'Global option "[option_name]" has been deactivated for the product'),
	('Languages::option_variants', 'Option variants'),
	('Languages::opt_currency_name', 'Show currency titles'),
	('Languages::opt_currency_symbol', 'Use currency symbols instead of titles'),
	('Languages::opt_language_icon', 'Use language icons instead of names'),
	('Languages::opt_language_name', 'Show language names'),
	('Languages::or', 'or'),
	('Languages::order', 'Order'),
	('Languages::ordered_products', 'Ordered products'),
	('Languages::orders', 'Orders'),
	('Languages::orders_not_allow_to_change_company', 'Company has not been changed. It is not allowed to change the company when editing an order.'),
	('Languages::orders_no_items', 'Use the "Add products" button above to add products to order.'),
	('Languages::order_by_status', 'Order by status'),
	('Languages::order_date', 'Order date'),
	('Languages::order_details', 'Order details'),
	('Languages::order_discount', 'Order discount'),
	('Languages::order_id', 'Order ID'),
	('Languages::order_info', 'Order information'),
	('Languages::order_items', 'Order items'),
	('Languages::order_landing_page', 'Order landing page'),
	('Languages::order_management', 'Order management'),
	('Languages::order_placed', 'Order placed'),
	('Languages::order_prefix', 'Order prefix'),
	('Languages::order_search', 'Search order'),
	('Languages::order_status', 'Order status'),
	('Languages::order_statuses', 'Order statuses'),
	('Languages::order_statuses_menu_description', 'Add new or edit existing order statuses.'),
	('Languages::order_total', 'Order Total'),
	('Languages::order_total_not_correct', 'The paid total amount does not match the order total'),
	('Languages::order_was_not_placed', 'Order was not placed'),
	('Languages::original', 'Original'),
	('Languages::origination', 'Origination'),
	('Languages::or_saved_search', 'or any item from the saved search'),
	('Languages::or_use', 'Or use'),
	('Languages::others', 'Others'),
	('Languages::other_addons', 'Other add-ons'),
	('Languages::output', 'Output'),
	('Languages::out_of_stock_actions', 'Out of stock actions'),
	('\nLanguages::out_of_stock_products', 'Out of stock'),
	('Languages::override_by_dispatch', 'Override locations by dispatch'),
	('Languages::override_by_this', 'Use this content for all the block instances'),
	('Languages::override_product_data', 'Apply values to all the selected products'),
	('Languages::owner', 'Owner'),
	('Languages::p21agree', 'Please type "AGREE" or "DISAGREE" in the box provided'),
	('Languages::p21agree_tooltip', 'By typing AGREE in the below box I am providing my signature as authorization to Payment21&reg; to electronically debit my account for the amount I have entered. I also understand and expressly authorize the merchant, if my eCheck payment is dishonored or returned for any reason, to electronically debit my account for the amount of the eCheck payment plus an NSF fee not to exceed the state maximum legal limit. I will print or save this page for my records. I can call 1-888-770-0850 for 24/7 support with any questions regarding this payment transaction.'),
	('Languages::package', 'Package'),
	('Languages::packages', 'Packages'),
	('Languages::package_contents', 'Package contents'),
	('Languages::package_type', 'Package type'),
	('Languages::packing_slip', 'Packing slip'),
	('Languages::packing_slip_for_order', 'Packing slip for order'),
	('Languages::page', 'Page'),
	('Languages::pages', 'Pages'),
	('Languages::page_cloned', 'The page <b>[page]</b> has been cloned successfully. Now you can edit the new page'),
	('Languages::page_id', 'Page ID'),
	('Languages::page_link', 'Page URL'),
	('Languages::page_name', 'Page name'),
	('Languages::page_not_found', 'Page Not Found'),
	('Languages::page_not_found_text', 'The page you have requested cannot be found.'),
	('Languages::page_title', 'Page title'),
	('Languages::paid_amount', 'Paid amount'),
	('Languages::param', 'Parameter'),
	('Languages::parameter', 'Object to analyze'),
	('Languages::parameter_name', 'Parameter name'),
	('Languages::parent_category', 'Parent category'),
	('Languages::parent_category_id', 'Parent category'),
	('Languages::parent_item', 'Parent item'),
	('Languages::parent_page', 'Parent page'),
	('Languages::parent_page_id', 'Parent page'),
	('Languages::partner', 'Partner'),
	('Languages::passphrase', 'Pass-phrase'),
	('Languages::passport_number', 'Passport number'),
	('Languages::password', 'Password'),
	('Languages::path_to_files', 'Full path to the "atos" files'),
	('Languages::pause_delay', 'Pause delay (in seconds)'),
	('Languages::payflowcolor', 'Payflow color'),
	('Languages::payment', 'Payment'),
	('Languages::payments', 'Payments'),
	('Languages::payments.cresecure.location_notice', '<b>Please note:</b><br>1. This payment requires the https checkout option to be enabled!<br>2. By default, the Checkout location is shown to a user on payment placing. In order to show a different location, create a new location with the dispatch \'checkout.cresecure_template\' in the <a href="[url]" target="_blank">Layout manager</a>.'),
	('Languages::payments.epdq.bgcolor', 'Background color'),
	('Languages::payments.epdq.btn_bgcolor', 'Button background color'),
	('Languages::payments.epdq.btn_textcolor', 'Button text color'),
	('Languages::payments.epdq.font_type', 'Font type'),
	('Languages::payments.epdq.hash_error', 'Sorry, the hash string does not match'),
	('Languages::payments.epdq.instructions', '<ol><li><p>Enter the following URL in the "Technical information"→"Transaction feedback" section in the ePDQ admin area:</p><p>for the "accepted" and "cancelled" payments: [url]</p></li><li>Make sure that the "Timing of the request" is set to "Always online", and "Request method" is set to "POST"</li><li>Define the "SHA-OUT pass phrase" value in the ePDQ admin area as you like, then duplicate it in the "SHA-IN pass phrase" field in the "Data and origin verification" section, and also in the "Pass-phrase" field below</li><li>Make sure that the "Default operation code" option in the ePDQ admin area has the same value as the "Transaction type" option value below</li><li>Set the "Hash algorithm" parameter to "SHA-1" in the "Global security parameters" section in the ePDQ admin area</li></ol>'),
	('Languages::payments.epdq.pspid', 'EPDQ pspid'),
	('Languages::payments.epdq.tbl_bgcolor', 'Table background color'),
	('Languages::payments.epdq.tbl_textcolor', 'Table text color'),
	('Languages::payments.epdq.textcolor', 'Text color'),
	('Languages::payments.epdq.title', 'Title'),
	('Languages::payments.signin_to_checkout', '<a href=[url]>Sign in</a> to check out'),
	('Languages::payments_tab1', 'Credit card'),
	('Languages::payments_tab2', 'Internet Payments'),
	('Languages::payments_tab3', 'Other Payment Options'),
	('Languages::payment_amount', 'Payment amount'),
	('Languages::payment_category', 'Payment category'),
	('Languages::payment_category_note', 'Payment categories tabs will NOT be displayed if all the active payments belong to the same category'),
	('Languages::payment_details', 'Payment details'),
	('Languages::payment_form_url', 'Payment Form URL'),
	('Languages::payment_info', 'Payment type'),
	('Languages::payment_information', 'Payment information'),
	('Languages::payment_instructions', 'Payment instructions'),
	('Languages::payment_method', 'Payment method'),
	('Languages::payment_methods', 'Payment methods'),
	('Languages::payment_response_password', 'Payment Response password'),
	('Languages::payment_surcharge', 'Payment surcharge'),
	('Languages::payment_type', 'Payment type'),
	('Languages::paypal_authentication_method', 'PayPal authentication method'),
	('Languages::paypal_item_name', 'Name of the item (or a name for the Shopping Cart)'),
	('Languages::paypal_security_error', 'Your order was not placed: the recipient PayPal account is wrong.'),
	('Languages::pay_from_email', 'Customer email'),
	('Languages::pay_order_again', 'Pay order again'),
	('Languages::pay_to_email', 'Email address of the Merchant'),
	('Languages::pending', 'Pending'),
	('Languages::per', 'Per [object]'),
	('Languages::percent', 'Percent'),
	('Languages::period', 'Period'),
	('Languages::per_item', 'Per Item'),
	('Languages::per_page', 'Per Page'),
	('Languages::phone', 'Phone'),
	('Languages::phone1_label', 'Phone'),
	('Languages::phone2_label', 'International'),
	('Languages::phpinfo', 'PHP information'),
	('Languages::pick_store', 'Pick a store'),
	('Languages::pie', 'Pie'),
	('Languages::pie_3d', 'Pie 3D'),
	('Languages::pixels', 'pixels'),
	('Languages::place_order', 'Place order'),
	('Languages::placing_order', 'Placing the order'),
	('Languages::plain', 'Plain'),
	('Languages::platform', 'Platform'),
	('Languages::please_be_patient', 'Please be patient'),
	('Languages::please_enter_license_here', 'Please enter license number here'),
	('Languages::please_select_one', 'Please, select one'),
	('Languages::please_sign_in', 'Please sign in'),
	('Languages::polish', 'Polish'),
	('Languages::poor', 'Poor'),
	('Languages::popularity', 'Popularity'),
	('Languages::popup', 'Popup'),
	('Languages::popup_larger_image', 'Popup larger image'),
	('Languages::portugese', 'Portuguese'),
	('Languages::posid', 'Pos ID'),
	('Languages::position', 'Position'),
	('Languages::positions_updated', 'Positions of items were updated'),
	('Languages::position_short', 'Pos.'),
	('Languages::postal_mail', 'Postal mail'),
	('Languages::postauth', 'Postauth'),
	('Languages::post_url', 'Post URL'),
	('Languages::powered_by', 'Powered by'),
	('Languages::po_number', 'PO number'),
	('Languages::preauth', 'Preauth'),
	('Languages::preauthorization', 'Preauthorization'),
	('Languages::prefix', 'Prefix'),
	('Languages::preshared_key', 'PreShared Key'),
	('Languages::prev', 'Prev.'),
	('Languages::preview', 'Preview'),
	('Languages::previous', 'Previous'),
	('Languages::previous_month', 'Previous month'),
	('Languages::previous_period', 'Previous period'),
	('Languages::previous_week', 'Previous week'),
	('Languages::previous_year', 'Previous year'),
	('Languages::prev_page', 'Prev'),
	('Languages::price', 'Price'),
	('Languages::price_decreased', 'Price has been decreased by'),
	('Languages::price_dec_sign_delimiter', 'Price decimal separator'),
	('Languages::price_includes_tax', 'Price includes tax'),
	('Languages::price_increased', 'Price has been increased by'),
	('Languages::price_in_points', 'Price in points'),
	('Languages::price_summary', 'Price summary'),
	('Languages::pricing_inventory', 'Pricing / inventory'),
	('Languages::primary', 'Primary'),
	('Languages::primary_currency', 'Primary currency'),
	('Languages::print_card', 'Print \ncard'),
	('Languages::print_credit_memo', 'Print credit memo'),
	('Languages::print_invoice', 'Print invoice'),
	('Languages::print_order_details', 'Print order details'),
	('Languages::print_packing_slip', 'Print packing slip'),
	('Languages::print_pdf_packing_slip', 'Print packing slip (pdf)'),
	('Languages::print_pdf_credit_memo', 'Print credit memo (pdf)'),
	('Languages::print_pdf_invoice', 'Print invoice (pdf)'),
	('Languages::print_pdf_order_details', 'Print order details (pdf)'),
	('Languages::print_slip', 'Print slip'),
	('Languages::priority', 'Priority'),
	('Languages::private', 'Private'),
	('Languages::private_customer_settings', 'Private customer settings'),
	('Languages::privilege', 'Privilege'),
	('Languages::privileges', 'Privileges'),
	('Languages::privileges.change_order_status', 'Change order status'),
	('Languages::privileges.create_order', 'Create order'),
	('Languages::privileges.database_maintenance', 'Database maintenance'),
	('Languages::privileges.delete_logs', 'Delete logs'),
	('Languages::privileges.delete_orders', 'Delete orders'),
	('Languages::privileges.edit_blocks', 'Edit blocks'),
	('Languages::privileges.edit_order', 'Edit order'),
	('Languages::privileges.edit_files', 'Edit files'),
	('Languages::privileges.exim_access', 'Import and export data'),
	('Languages::privileges.manage_catalog', 'Manage catalog'),
	('Languages::privileges.manage_currencies', 'Manage currencies'),
	('Languages::privileges.manage_design', 'Manage design'),
	('Languages::privileges.manage_languages', 'Manage languages'),
	('Languages::privileges.manage_locations', 'Manage locations'),
	('Languages::privileges.manage_order_statuses', 'Manage order statuses'),
	('Languages::privileges.manage_pages', 'Manage pages'),
	('Languages::privileges.manage_payments', 'Manage payments'),
	('Languages::privileges.manage_promotions', 'Manage promotion system'),
	('Languages::privileges.manage_reports', 'Manage reports'),
	('Languages::privileges.manage_shipping', 'Manage shipping'),
	('Languages::privileges.manage_sitemap', 'Manage sitemap'),
	('Languages::privileges.manage_static_data', 'Manage static data'),
	('Languages::privileges.manage_storage', 'Manage storage'),
	('Languages::privileges.manage_stores', 'Manage stores'),
	('Languages::privileges.manage_taxes', 'Manage taxes'),
	('Languages::privileges.manage_themes', 'Manage themes'),
	('Languages::privileges.manage_translation', 'On-site text editing'),
	('Languages::privileges.manage_usergroups', 'Manage user groups'),
	('Languages::privileges.manage_users', 'Manage users'),
	('Languages::privileges.update_settings', 'Update settings'),
	('Languages::privileges.upgrade_store', 'Upgrade store'),
	('Languages::privileges.view_catalog', 'View catalog'),
	('Languages::privileges.view_currencies', 'View currencies'),
	('Languages::privileges.view_languages', 'View languages'),
	('Languages::privileges.view_locations', 'View locations'),
	('Languages::privileges.view_logs', 'View logs'),
	('Languages::privileges.view_orders', 'View orders'),
	('Languages::privileges.view_pages', 'View pages'),
	('Languages::privileges.view_payments', 'View payments'),
	('Languages::privileges.view_reports', 'View reports'),
	('Languages::privileges.view_settings', 'View settings'),
	('Languages::privileges.view_shipping', 'View shipping'),
	('Languages::privileges.view_static_data', 'View static data'),
	('Languages::privileges.view_stores', 'View stores'),
	('Languages::privileges.view_taxes', 'View taxes'),
	('Languages::privileges.view_usergroups', 'View user groups'),
	('Languages::privileges.view_users', 'View users'),
	('Languages::privilege_sections.addons', 'Addons'),
	('Languages::privilege_sections.administration', 'Administration'),
	('Languages::privilege_sections.cart', 'Cart'),
	('Languages::privilege_sections.catalog', 'Catalog'),
	('Languages::privilege_sections.cms', 'CMS'),
	('Languages::privilege_sections.design', 'Look and Feel'),
	('Languages::privilege_sections.orders', 'Orders'),
	('Languages::privilege_sections.users', 'Users'),
	('Languages::privilege_sections.vendors', 'Stores'),
	('Languages::proceed', 'Proceed'),
	('Languages::proceed_to_checkout', 'Proceed to checkout'),
	('Languages::proceed_to_the_next_step', 'Proceed to the next step'),
	('Languages::processed', 'Processed'),
	('Languages::processing', 'Processing'),
	('Languages::processing_order', 'Processing order'),
	('Languages::processor', 'Processor'),
	('Languages::processor_description_cardsave', 'Merchant Accounts provided by Cardsave, <a href="http://www.cardsave.net">www.cardsave.net</a><br/><br/>Email: <a href=\'mailto:ecomm@cardsave.net\'>ecomm@cardsave.net</a>'),
	('Languages::processor_description_p21', '<b>P21 Simple API</b> enables you to accept check payments. It offers the industry\'s most comprehensive suite of check image creation and clearing solutions. With Check 21, you will receive your funds within the same day by check or direct deposit.<br/><br/>To activate the Check 21 option, please contact us via email at: <a href="mailto:support@payment21.com">support@payment21.com</a> or by phone at: 1-888-770-0850 (US Toll Free) or 0041-71-740-1629 (International).<br/><br/><a href="http://www.payment21.com" target="_blank">www.payment21.com</a>'),
	('Languages::processor_id', 'Processor ID'),
	('Languages::process_selected', 'Process selected'),
	('Languages::product', 'Product'),
	('Languages::products', 'Products'),
	('Languages::products2', 'Products2'),
	('Languages::products_added_to_cart', 'The products were added to your cart'),
	('Languages::products_amount', 'Product quantity'),
	('Languages::products_bar', 'Products bar'),
	('Languages::products_cost', 'Products cost'),
	('Languages::products_for_shipment_not_selected', 'Products for shipment were not selected'),
	('Languages::products_found', 'Products found'),
	('Languages::products_grid', 'Products grid'),
	('Languages::products_information', 'Products information'),
	('Languages::products_in_cart', 'Products in cart'),
	('Languages::products_links_type', 'Products links type'),
	('Languages::products_menu_description', 'View, add and edit products that are shown to visitors of your store.'),
	('Languages::products_required', 'Please add product(s)'),
	('Languages::products_stat', 'Product statistics'),
	('Languages::products_weight', 'Products weight'),
	('Languages::products_were_sent', 'The products have been sent out to you. The order information is given below'),
	('Languages::product_added_to_cart', 'The product was added to your cart'),
	('Languages::product_added_to_cl', 'The product was added to your Compare list'),
	('Languages::product_cannot_be_added', 'The product cannot be added to cart. Check if all the uploading files meet the necessary conditions'),
	('Languages::product_code', 'Product code'),
	('Languages::product_columns', 'Product columns'),
	('Languages::product_combinations', 'Product combinations'),
	('Languages::product_coming_soon', 'This product can\'t be added to cart now. It will be available on [avail_date]'),
	('Languages::product_coming_soon_add', 'This product will be shipped on [avail_date]'),
	('Languages::product_details', 'Product details page'),
	('Languages::product_details_view', 'Product details view'),
	('Languages::product_feature_cannot_assigned', 'The feature "[feature_name]" cannot be assigned to the product "[product_name]"'),
	('Languages::product_fields', 'Product fields'),
	('Languages::product_filters_free_limit', 'The shop is running in the Free mode. Only the first 3 filters are shown in the customer area.'),
	('Languages::product_groups', 'Product groups'),
	('Languages::product_id', 'Product ID'),
	('Languages::product_images', 'Product images'),
	('Languages::product_inventory', 'Product inventory'),
	('Languages::product_in_cart', 'This product is already in the cart'),
	('Languages::product_in_compare_list', 'This product is already in the compare list'),
	('Languages::product_name', 'Product name'),
	('Languages::product_notification_subscribed', 'You have been subscribed to the product in stock notifications'),
	('Languages::product_notification_unsubscribed', 'You have been unsubscribed from the product in stock notifications'),
	('Languages::product_options', 'Product options'),
	('Languages::product_options_forbidden_combination', 'The <strong>[product]</strong> product has options that are included in the forbidden combination. The product was deleted from the cart'),
	('Languages::product_s', 'Product(s)'),
	('Languages::product_\nsubscriptions', 'Product subscriptions'),
	('Languages::product_summary', 'Product summary'),
	('Languages::product_tabs', 'Product tabs'),
	('Languages::product_type', 'Product type'),
	('Languages::profile', 'Profile'),
	('Languages::profiles', 'Profiles'),
	('Languages::profile_activated', 'Profile activated'),
	('Languages::profile_details', 'Profile details'),
	('Languages::profile_fields', 'Profile fields'),
	('Languages::profile_fields_menu_description', 'Configure the set of fields included in the profile forms.'),
	('Languages::profile_info', 'Profile information'),
	('Languages::profile_name', 'Profile name'),
	('Languages::project_id', 'Project ID'),
	('Languages::project_password', 'Project password'),
	('Languages::prolongate_download_key', 'Prolong download key to'),
	('Languages::promotion', 'Promotion'),
	('Languages::promotions', 'Promotions'),
	('Languages::promotions_menu_description', 'Promote goods and offer bonuses basing on customers memberships.'),
	('Languages::promotion_bonus_discount_on_categories', 'Discount on all products in categories'),
	('Languages::promotion_bonus_discount_on_products', 'Discount on products'),
	('Languages::promotion_bonus_free_products', 'Free products'),
	('Languages::promotion_bonus_free_shipping', 'Free shipping'),
	('Languages::promotion_bonus_give_coupon', 'Give coupon'),
	('Languages::promotion_bonus_give_points', 'Give points'),
	('Languages::promotion_bonus_give_usergroup', 'Give user group'),
	('Languages::promotion_bonus_order_discount', 'Order discount'),
	('Languages::promotion_bonus_product_discount', 'Product discount'),
	('Languages::promotion_cond_auto_coupons', 'Automatically generated coupon codes'),
	('Languages::promotion_cond_categories', 'Categories'),
	('Languages::promotion_cond_country', 'Customer country (shipping)'),
	('Languages::promotion_cond_coupon_code', 'Coupon code'),
	('Languages::promotion_cond_feature', 'Product feature'),
	('Languages::promotion_cond_number_of_usages', 'Number of usages'),
	('Languages::promotion_cond_once_per_customer', 'Once per customer'),
	('Languages::promotion_cond_payment', 'Payment method'),
	('Languages::promotion_cond_price', 'Product price'),
	('Languages::promotion_cond_products', 'Products'),
	('Languages::promotion_cond_products_number', 'Total products in the cart'),
	('Languages::promotion_cond_purchased_products', 'Purchased products'),
	('Languages::promotion_cond_state', 'Customer state (shipping)'),
	('Languages::promotion_cond_subtotal', 'Order subtotal'),
	('Languages::promotion_cond_total', 'Order total'),
	('Languages::promotion_cond_total_weight', 'Total products weight in the cart'),
	('Languages::promotion_cond_usergroup', 'User group'),
	('Languages::promotion_cond_users', 'Users'),
	('Languages::promotion_cond_zip_postal_code', 'Customer zip/postal code (shipping)'),
	('Languages::promotion_op_amount', 'amount'),
	('Languages::promotion_op_cont', 'contains'),
	('Languages::promotion_op_eq', 'equal'),
	('Languages::promotion_op_gt', 'greater'),
	('Languages::promotion_op_gte', 'equal or greater'),
	('Languages::promotion_op_in', 'in'),
	('Languages::promotion_op_lt', 'less'),
	('Languages::promotion_op_lte', 'equal or less'),
	('Languages::promotion_op_ncont', 'doesn\'t contain'),
	('Languages::promotion_op_neq', 'not equal'),
	('Languages::promotion_op_nin', 'not in'),
	('Languages::promo_code', 'Promo code'),
	('Languages::promo_text', 'Promo text'),
	('Languages::properties', 'Properties'),
	('Languages::provider', 'Provider'),
	('Languages::pspid', 'PSPID'),
	('Languages::public', 'Public'),
	('Languages::purchased_in_orders', 'Purchased in orders'),
	('Languages::purchased_qty', 'Purchased qty'),
	('Languages::purchasers_name', 'From'),
	('Languages::qty', 'Qty'),
	('Languages::qty_discounts', 'Quantity discounts'),
	('Languages::qty_discount_type_tooltip', 'Fixed amount/Percentage to be taken off the price'),
	('Languages::quantity', 'Quantity'),
	('Languages::quantity_step', 'Quantity step'),
	('Languages::query', 'Query'),
	('Languages::quick_checkout', 'Quick checkout'),
	('Languages::quick_links', 'Quick links'),
	('Languages::quick_menu', 'Quick menu'),
	('Languages::quick_product_viewer', 'Quick product viewer'),
	('Languages::quick_view', 'Quick view'),
	('Languages::radiogroup', 'Radio group'),
	('\nLanguages::random', 'Random'),
	('Languages::range', 'Range'),
	('Languages::ranges', 'Ranges'),
	('Languages::range_from', 'From'),
	('Languages::range_to', 'To'),
	('Languages::rank_number', 'Rank (\'machine\') number'),
	('Languages::rates_depend_on', 'Rates depend on'),
	('Languages::rate_calculation', 'Rate calculation'),
	('Languages::rate_calculation_manual', 'Manual (by defined location)'),
	('Languages::rate_calculation_realtime', 'Realtime'),
	('Languages::rate_value', 'Rate value'),
	('Languages::read', 'Read'),
	('Languages::readme', 'Readme'),
	('Languages::read_more_3d_secure', 'Read more about 3-D Secure'),
	('Languages::realtime_shippings', 'Shipping settings'),
	('Languages::reason', 'Reason'),
	('Languages::reasons', 'reasons'),
	('Languages::reason_text', 'Payment processor response'),
	('Languages::rebuild_cache_automatically', 'Rebuild cache automatically'),
	('Languages::rebuild_cache_automatically_tooltip', 'Modified files are tracked in real time (including the files modified directly on server) and re-cached. Store performance may be slightly affected. Recommended to disable on production.'),
	('Languages::rebuild_combinations', 'Rebuild combinations'),
	('Languages::recalculate', 'Recalculate'),
	('Languages::recalculate_rates', 'Recalculate rates'),
	('Languages::recalculate_totals', 'Recalculate totals'),
	('Languages::recent_activity', 'Recent activity'),
	('Languages::recent_orders', 'Recent orders'),
	('Languages::recent_products', 'Recently viewed'),
	('Languages::recipient', 'Recipient'),
	('Languages::recipients_name', 'To'),
	('Languages::recipient_description', 'Description of the Merchant'),
	('Languages::recommended', 'Recommended'),
	('Languages::recover_password', 'Reset password'),
	('Languages::recover_password_subj', 'Password recovery'),
	('Languages::recursively', 'Recursively'),
	('Languages::redirect_customer_from_storefront', 'Redirect visitors of this storefront to the one that has countries to which the visitors\' IP addresses belong defined'),
	('Languages::referrers', 'Referrers'),
	('Languages::referrer_domain', 'Referrer domain'),
	('Languages::refresh_packages_list', 'Refresh packages list'),
	('Languages::refund', 'Refund'),
	('Languages::refunded', 'Refunded'),
	('Languages::refunded_amount', 'Refunded amount'),
	('Languages::regexp', 'RegExp'),
	('Languages::regexp_hint', 'If you are using the regexp checking, it is necessary to set a prompting message informing of the incorrect filling of the field, otherwise, the checking will not be performed'),
	('Languages::region', 'Region'),
	('Languages::regions', 'Regions'),
	('Languages::register', 'Register'),
	('Languages::registered', 'Registered'),
	('Languages::registered_customers', 'Registered customers'),
	('Languages::register_new_account', 'Register for a new account'),
	('Languages::register_profile', 'Register profile'),
	('Languages::registration', 'Registration'),
	('Languages::regnumber', 'Registration number'),
	('Languages::related_order', 'Related order'),
	('Languages::release_date', 'Release date'),
	('Languages::remember_me', 'Remember me'),
	('Languages::remove', 'Remove'),
	('Languages::remove_backup_files', 'Remove backup files'),
	('Languages::remove_cc_info', 'Remove CC info'),
	('Languages::remove_this_item', 'Remove this item'),
	('Languages::rename', 'Rename'),
	('Languages::repay_order', 'Pay order'),
	('Languages::report', 'Report'),
	('Languages::reports', 'Reports'),
	('Languages::reports_interval_1', 'Total'),
	('Languages::reports_interval_3', 'Day'),
	('Languages::reports_interval_5', 'Week'),
	('Languages::reports_interval_7', 'Month'),
	('Languages::reports_interval_9', 'Year'),
	('Languages::reports_list', 'Reports list'),
	('Languages::reports_parameter_1', 'Order totals'),
	('Languages::reports_parameter_10', 'Shipping costs'),
	('Languages::reports_parameter_11', 'Categories'),
	('Languages::reports_parameter_12', 'Products'),
	('Languages::reports_parameter_13', 'Product costs'),
	('Languages::reports_parameter_14', 'The number of products'),
	('Languages::reports_parameter_2', 'The number of orders'),
	('Languages::reports_parameter_3', 'Orders'),
	('Languages::reports_parameter_4', 'Statuses of orders'),
	('Languages::reports_parameter_5', 'Payment methods'),
	('Languages::reports_parameter_6', 'Locations'),
	('\nLanguages::reports_parameter_7', 'Users'),
	('Languages::reports_parameter_8', 'Discounts and coupons'),
	('Languages::reports_parameter_9', 'Taxes'),
	('Languages::request', 'Request'),
	('Languages::requests_count', 'Requests count'),
	('Languages::requesttype', 'Request type'),
	('Languages::request_account_name', 'Requested account name'),
	('Languages::required', 'Required'),
	('Languages::reset', 'Reset'),
	('Languages::reset_filter', 'Reset filter'),
	('Languages::reset_inventory', 'Reset inventory'),
	('Languages::reset_password', 'Reset password'),
	('Languages::resolved', 'Resolved'),
	('Languages::response', 'Response'),
	('Languages::restore', 'Restore'),
	('Languages::restore_default', 'Use default value'),
	('Languages::restore_from_repository', 'Restore from the repository'),
	('Languages::ResultCode', 'ResultCode'),
	('Languages::ResultDescription', 'ResultDescription'),
	('Languages::return', 'Return to normal view'),
	('Languages::returning_customer', 'Returning customer'),
	('Languages::return_url_target', 'Return URL target'),
	('Languages::reuse', 'Reuse'),
	('Languages::reversed', 'Reversed'),
	('Languages::revert', 'Revert'),
	('Languages::re_order', 'Reorder this order'),
	('Languages::right', 'Right'),
	('Languages::right_to_left_orientation', 'Right to left orientation'),
	('Languages::risk_checking', 'Risk checking is in process. Please try reloading this page in a minute.'),
	('Languages::risk_information', 'Risk information'),
	('Languages::romanian', 'Romanian'),
	('Languages::root_category', 'Root category'),
	('Languages::root_level', 'Root level'),
	('Languages::root_page', 'Root level page'),
	('Languages::round_to', 'Round to'),
	('Languages::routing_code', 'Routing Number'),
	('Languages::runtime', 'Runtime'),
	('Languages::russian', 'Russian'),
	('Languages::sale', 'Sale'),
	('Languages::sales', 'Sales'),
	('Languages::sales_commission', 'Sales commission'),
	('Languages::sales_reports', 'Sales reports'),
	('Languages::sales_reports_menu_description', 'Detailed statistics on the sales.'),
	('Languages::same_as_source', 'same as source'),
	('Languages::save', 'Save'),
	('Languages::saved_search', 'Saved searches'),
	('Languages::save_and_close', 'Save and close'),
	('Languages::save_as', 'Save As...'),
	('Languages::save_changes', 'Save changes'),
	('Languages::save_discount', 'Save'),
	('Languages::save_layout', 'Save layout'),
	('Languages::save_layout_as', 'Save layout as'),
	('Languages::save_process_payment', 'Save and process payment'),
	('Languages::save_this_search_as', 'Save this search as'),
	('Languages::scb_text_notice', 'Please send the following URL to the SCB support to be set as PostbackURL: <br /><b>[return_url]</b>'),
	('Languages::screen', 'Screen'),
	('Languages::screen_resolution', 'Screen resolution'),
	('Languages::script', 'Script'),
	('Languages::tmpl_scroller', 'Scroller'),
	('Languages::scroller_direction', 'Auto-scroll direction'),
	('Languages::search', 'Search'),
	('Languages::search_again', 'Search again'),
	('Languages::search_by_order', 'Search by order'),
	('Languages::search_by_owner', 'Search by owner'),
	('Languages::search_by_price', 'Search by price'),
	('Languages::search_by_product_features', 'Search by product features'),
	('Languages::search_by_product_filters', 'Search by product filters'),
	('Languages::search_by_sku', 'Search by product code'),
	('Languages::search_by_vendor', 'Search by store'),
	('Languages::search_by_weight', 'Search by weight'),
	('Languages::search_engine', 'Search engine'),
	('Languages::search_for_pattern', 'Search for pattern'),
	('Languages::search_in', 'Search in'),
	('Languages::search_in_category', 'Search in category'),
	('Languages::search_in_subcategories', 'Search in subcategories'),
	('Languages::search_options', 'Search options'),
	('Languages::search_product', 'Search product'),
	('Languages::search_products', 'Search products'),
	('Languages::search_results', 'Search results'),
	('Languages::search_results_for', 'Search results for [search]'),
	('Languages::search_string', 'Search string'),
	('Languages::search_tooltip', 'Search for products, customers, orders, CMS pages and site news!'),
	('Languages::search_words', 'Search words'),
	('Languages::secret_key', 'Secret key'),
	('Languages::secret_string', 'Secret string'),
	('Languages::secret_word', '\nSecret word'),
	('Languages::section', 'Section'),
	('Languages::section_is_not_completed', 'Section is not completed.'),
	('Languages::section_links', 'Section links'),
	('Languages::section_name', 'Section name'),
	('Languages::secure', 'Secure'),
	('Languages::security', 'Security'),
	('Languages::secure_checkout', 'Secure checkout'),
	('Languages::secure_storefront_url', 'Secure storefront URL'),
	('Languages::secure_storefront_url_already_exists', 'The value of the <strong>Secure storefront URL</strong> parameter mentioned by you already belongs to another company.'),
	('Languages::security_settings', 'Security settings'),
	('Languages::see_demo', 'See demo'),
	('Languages::select', 'Select'),
	('Languages::selectbox', 'Select box'),
	('Languages::selected', 'Selected'),
	('Languages::selected_items', 'Selected items'),
	('Languages::select_all', 'Select all'),
	('Languages::select_all_product_options', 'You should select all product options'),
	('Languages::select_block', 'Select block'),
	('Languages::select_country', 'Select country'),
	('Languages::select_customer', 'Select customer'),
	('Languages::select_dates', 'Select dates'),
	('Languages::select_descr_lang', 'Select the description language'),
	('Languages::select_fields_to_edit', 'Select fields to edit'),
	('Languages::select_file', 'Select file'),
	('Languages::select_options', 'Select options'),
	('Languages::select_option_above', 'Select the previous option first'),
	('Languages::select_product', 'Select product'),
	('Languages::select_products', 'Select products'),
	('Languages::select_profile', 'Select profile'),
	('Languages::select_shipping_method', 'Select shipping method'),
	('Languages::select_state', 'Select state'),
	('Languages::select_tables', 'Select tables'),
	('Languages::semicolon', 'Semicolon'),
	('Languages::send', 'Send'),
	('Languages::sender', 'Sender'),
	('Languages::send_feedback', 'Help us improve [product]'),
	('Languages::send_notification', 'Send notification to selected'),
	('Languages::send_shipment_notification_to_customer', 'Send shipment notification to customer'),
	('Languages::send_shipping_address', 'Send customer shipping address'),
	('Languages::send_via', 'Send via'),
	('Languages::send_via_email', 'Send via email'),
	('Languages::send_via_postal_mail', 'Send via postal mail'),
	('Languages::seo_meta_data', 'Meta data'),
	('Languages::sequential', 'Sequential'),
	('Languages::server', 'Server'),
	('Languages::service_not_available', 'This service is not available.'),
	('Languages::settings', 'Settings'),
	('Languages::settings_wizard', 'Settings wizard'),
	('Languages::settings_wizard_close_tooltip', 'Wizard will be possible to re-open in the menu \'Settings -> Settings wizard\'.'),
	('Languages::settings_wizard_title', 'Settings wizard: Step [current_step] of [total_steps]'),
	('Languages::share', 'Share'),
	('Languages::share.congratulations_first_order', 'Congratulations on you first complete order.'),
	('Languages::share.first_order_tweet', 'Wow! The first complete order in my [product]-powered store'),
	('Languages::share.installation_tweet', 'I have just created an online store with [product_name]'),
	('Languages::sharedsec', 'SharedSec'),
	('Languages::shared_secret', 'Shared Secret'),
	('Languages::sha_sign', 'SHA-1 Signature'),
	('Languages::shipment', 'Shipment'),
	('Languages::shipments', 'Shipments'),
	('Languages::shipments_menu_description', 'View and print packing slips for shipments created from orders.'),
	('Languages::shipment_date', 'Shipment date'),
	('Languages::shipment_details', 'Shipment details'),
	('Languages::shipment_has_been_created', 'Shipment has been created'),
	('Languages::shipment_id', 'Shipment ID'),
	('Languages::shipment_info', 'Shipment information'),
	('Languages::shipped', 'Shipped'),
	('Languages::shipped_products', 'Shipped products'),
	('Languages::shipper_number', 'Shipper number'),
	('Languages::shipping', 'Shipping'),
	('Languages::shippings', 'Shippings'),
	('Languages::shippings.service_not_configured', 'Service is not configured'),
	('Languages::shippings.service_not_found', 'Service was not found'),
	('Languages::shippings_taxes', 'Shipping & taxes'),
	('Languages::shipping_address', 'Shipping address'),
	('Languages::shipping_charges', 'Shipping charges'),
	('Languages::shipping_cost', '\nShipping cost'),
	('Languages::shipping_estimation', 'Shipping estimation'),
	('Languages::shipping_freight', 'Shipping freight'),
	('Languages::shipping_information', 'Shipping information'),
	('Languages::shipping_method', 'Shipping method'),
	('Languages::shipping_methods', 'Shipping methods'),
	('Languages::shipping_methods_menu_description', 'Set of rules and parameters to calculate the cost of shipping.'),
	('Languages::shipping_name', 'Shipping name'),
	('Languages::shipping_options', 'Shipping Options'),
	('Languages::shipping_properties', 'Shipping Properties'),
	('Languages::shipping_rates', 'Shipping rates'),
	('Languages::shipping_same_as_billing', 'Shipping and billing address the same?'),
	('Languages::shipping_service', 'Shipping service'),
	('Languages::shipping_tips', '<p>Products in stock will be sent after the payment is verified. Mail service is responsible for the goods during transportation.</p><p>Please, open the package delivered under your order the moment you receive it. If any damage is revealed, make claims against mail service.</p><p>Any questions? Contact our Customer Service at 123-12-23</p>'),
	('Languages::ship_aup_delivery_confirmation_cost', 'Delivery Confirmation cost'),
	('Languages::ship_aup_delivery_confirmation_international_cost', 'Delivery Confirmation International cost'),
	('Languages::ship_aup_rpi_fee', 'Registered Post International Parcels fee'),
	('Languages::ship_aup_use_delivery_confirmation', 'Use Delivery Confirmation'),
	('Languages::ship_can_merchant_id', 'Merchant ID'),
	('Languages::ship_dhl_additional_protection', 'Additional protection'),
	('Languages::ship_dhl_additional_protection_ap', 'Asset Protection'),
	('Languages::ship_dhl_additional_protection_nr', 'Not required'),
	('Languages::ship_dhl_cod_method', 'COD payment method'),
	('Languages::ship_dhl_cod_method_m', 'Check or Money Order'),
	('Languages::ship_dhl_cod_method_p', 'Personal or Company Check'),
	('Languages::ship_dhl_cod_payment', 'Use COD payment'),
	('Languages::ship_dhl_cod_value', 'COD surcharge'),
	('Languages::ship_dhl_height', 'Package height (inches)'),
	('Languages::ship_dhl_intl_ship_key', 'Shipping key (international)'),
	('Languages::ship_dhl_length', 'Package length (inches)'),
	('Languages::ship_dhl_shipment_type', 'Shipment type'),
	('Languages::ship_dhl_ship_hazardous', 'Ship hazardous materials'),
	('Languages::ship_dhl_ship_key', 'Shipping key'),
	('Languages::ship_dhl_system_id', 'System ID'),
	('Languages::ship_dhl_width', 'Package width (inches)'),
	('Languages::ship_fedex_ancillary_endorsement', 'Ancillary Endorsements'),
	('Languages::ship_fedex_ancillary_endorsement_address_correction', 'Address Service Requested'),
	('Languages::ship_fedex_ancillary_endorsement_carrier_leave_if_no_response', 'Carrier Leave If No Response'),
	('Languages::ship_fedex_ancillary_endorsement_change_service', 'Change Service Requested'),
	('Languages::ship_fedex_ancillary_endorsement_forwarding_service', 'Forwarding Service Requested'),
	('Languages::ship_fedex_ancillary_endorsement_return_delivery', 'Return Service Requested'),
	('Languages::ship_fedex_customer_manifest_id', 'Customer manifest ID'),
	('Languages::ship_fedex_drop_off_type', 'Drop Off Type'),
	('Languages::ship_fedex_drop_off_type_regular_pickup', 'Regular pickup'),
	('Languages::ship_fedex_drop_off_type_request_courier', 'Request courier'),
	('Languages::ship_fedex_drop_off_type_station', 'Drop at station'),
	('Languages::ship_fedex_height', 'Height (inches)'),
	('Languages::ship_fedex_hub_id', 'Hub ID'),
	('Languages::ship_fedex_indicia', 'Indicia'),
	('Languages::ship_fedex_indicia_media_mail', 'Media Mail (Packages from 1 to 70 lbs Books, DVDs, CDs, videotapes)'),
	('Languages::ship_fedex_indicia_parcel_select', 'Parcel Select (Packages from 1 to 70 lbs)'),
	('Languages::ship_fedex_indicia_presorted_bound_printed_matter', 'Bound Printed Matter packages (Packages from 1 to 15 lbs Catalogs, phone books or anything permanently bound)'),
	('Languages::ship_fedex_indicia_presorted_standard', 'Standard Mail packages (Packages less than 1 lb)'),
	('Languages::ship_fedex_length', 'Length (inches)'),
	('Languages::ship_fedex_meter_number', 'Meter number'),
	('Languages::ship_fedex_package_type_\nfedex_10kg_box', 'FedEx 10kg Box'),
	('Languages::ship_fedex_package_type_fedex_25kg_box', 'FedEx 25kg Box'),
	('Languages::ship_fedex_package_type_fedex_box', 'FedEx Box'),
	('Languages::ship_fedex_package_type_fedex_envelope', 'FedEx Envelope'),
	('Languages::ship_fedex_package_type_fedex_pak', 'FedEx Pak'),
	('Languages::ship_fedex_package_type_fedex_tube', 'FedEx Tube'),
	('Languages::ship_fedex_package_type_your_packaging', 'Your packaging'),
	('Languages::ship_fedex_smart_post', 'Smart Post'),
	('Languages::ship_fedex_special_services', 'Special service (delivery confirmation)'),
	('Languages::ship_fedex_width', 'Width (inches)'),
	('Languages::ship_height', 'Package height (cm)'),
	('Languages::ship_length', 'Package length (cm)'),
	('Languages::ship_sp_l_acknowledgement_of_delivery', 'Acknowledgement of delivery (for registered mail only)'),
	('Languages::ship_sp_l_cash_on_delivery', 'Cash on delivery (for registered mail only)'),
	('Languages::ship_sp_l_personal_delivery', 'Personal delivery (for registered mail only)'),
	('Languages::ship_sp_l_registered_mail', 'Registered mail'),
	('Languages::ship_sp_pc_assurance', 'Assurance'),
	('Languages::ship_sp_pc_cash_on_delivery', 'Cash on delivery (COD)'),
	('Languages::ship_sp_pc_fragile', 'Fragile'),
	('Languages::ship_sp_pc_manual_handling', 'Manual handling'),
	('Languages::ship_sp_pc_personal', 'Personal'),
	('Languages::ship_sp_pc_signature', 'Signature'),
	('Languages::ship_sp_pp_additional_insurance', 'Additional insurance (up to CHF 3000.-)'),
	('Languages::ship_sp_pp_bulky_goods', 'Bulky goods'),
	('Languages::ship_sp_pp_cash_on_delivery', 'Cash on delivery (ECONOMY only)'),
	('Languages::ship_sp_pp_manual_processing', 'Manual processing'),
	('Languages::ship_sp_ur_additional_insurance', 'Additional insurance for URGENT goods  (up to CHF 3000.-)'),
	('Languages::ship_swisspost_error_intl_delivery', 'Cannot use this shipping method for the international delivery'),
	('Languages::ship_swisspost_error_private_delivery', 'Cannot use this shipping method for the private delivery'),
	('Languages::ship_swisspost_heavy_package', 'The package is too heavy'),
	('Languages::ship_swisspost_unable_to_open_additional_services', 'Cannot open the additional_services.csv file'),
	('Languages::ship_swisspost_unable_to_open_service', 'Cannot open the [code] file'),
	('Languages::ship_temando_height', 'Package height'),
	('Languages::ship_temando_length', 'Package length'),
	('Languages::ship_temando_measurement', 'Package measurement'),
	('Languages::ship_temando_method', 'Delivery method'),
	('Languages::ship_temando_package', 'Packaging'),
	('Languages::ship_temando_readydate', 'Ready date (days)'),
	('Languages::ship_temando_subclass', 'Class of the item being sent'),
	('Languages::ship_temando_weight_measurement', 'Weight measurement type'),
	('Languages::ship_temando_width', 'Package width'),
	('Languages::ship_to', 'Ship to'),
	('Languages::ship_to_another', 'Ship to a different address'),
	('Languages::ship_ups_access_key', 'UPS Rates Access Key'),
	('Languages::ship_ups_package_type_01', 'UPS letter/ UPS Express Envelope'),
	('Languages::ship_ups_package_type_03', 'UPS Tube'),
	('Languages::ship_ups_package_type_04', 'UPS Pack'),
	('Languages::ship_ups_package_type_21', 'UPS Express Box'),
	('Languages::ship_ups_package_type_24', 'UPS 25Kg Box'),
	('Languages::ship_ups_package_type_25', 'UPS 10Kg Box'),
	('Languages::ship_ups_pickup_type', 'Pickup type'),
	('Languages::ship_ups_pickup_type_01', 'Daily Pickup'),
	('Languages::ship_ups_pickup_type_03', 'Customer Counter'),
	('Languages::ship_ups_pickup_type_06', 'One Time Pickup'),
	('Languages::ship_ups_pickup_type_07', 'On Call Air'),
	('Languages::ship_ups_pickup_type_11', 'Suggested Retail Rates'),
	('Languages::ship_ups_pickup_type_19', 'Letter Center'),
	('Languages::ship_ups_pickup_type_20', 'Air Service Center'),
	('Languages::ship_usps_container', 'Container'),
	('Languages::ship_usps_container_express', 'Container (Express)'),
	('Languages::ship_usps_container_express_flat_rate_envelope', 'Flat Rate Envelope'),
	('Languages::ship_usps_container_priority', 'Container (Priority Mail)'),
	('Languages::ship_usps_container_priority_flat_rate_box', 'Flat Rate Box'),
	('Languages::ship_usps_container_\npriority_flat_rate_envelope', 'Flat Rate Letter'),
	('Languages::ship_usps_container_priority_lg_flat_rate_box', 'Large Flat Rate Box'),
	('Languages::ship_usps_container_priority_md_flat_rate_box', 'Medium Flat Rate Box'),
	('Languages::ship_usps_container_priority_nonrectangular', 'NonRectangular'),
	('Languages::ship_usps_container_priority_rectangular', 'Rectangular'),
	('Languages::ship_usps_container_priority_regional_a_rate_box', 'Regional Rate Box A'),
	('Languages::ship_usps_container_priority_regional_b_rate_box', 'Regional Rate Box B'),
	('Languages::ship_usps_container_priority_regional_c_rate_box', 'Regional Rate Box C'),
	('Languages::ship_usps_container_priority_sm_flat_rate_box', 'Small Flat Rate Box'),
	('Languages::ship_usps_container_priority_padded_flat_rate_envelope', 'Padded Flat Rate Envelope'),
	('Languages::ship_usps_container_priority_legal_flat_rate_envelope', 'Legal Flat Rate Envelope'),
	('Languages::ship_usps_container_priority_sm_flat_rate_envelope', 'Sm Flat Rate Envelope'),
	('Languages::ship_usps_container_priority_window_flat_rate_envelope', 'Window Flat Rate Envelope'),
	('Languages::ship_usps_container_priority_gift_card_flat_rate_envelope', 'Gift Card Flat Rate Envelope'),
	('Languages::ship_usps_first_class_mail_type', 'First Class Mail Type'),
	('Languages::ship_usps_first_class_mail_type_flat', 'Flat'),
	('Languages::ship_usps_first_class_mail_type_parcel', 'Parcel'),
	('Languages::ship_usps_intl_package_girth', 'Package girth'),
	('Languages::ship_usps_intl_package_height', 'Package height'),
	('Languages::ship_usps_intl_package_length', 'Package length'),
	('Languages::ship_usps_intl_package_size', 'Package size'),
	('Languages::ship_usps_intl_package_width', 'Package width'),
	('Languages::ship_usps_machinable', 'Machinable (First-Class Mail or Standard Post)'),
	('Languages::ship_usps_machinable_false', 'False'),
	('Languages::ship_usps_machinable_true', 'True'),
	('Languages::ship_usps_mailtype', 'Type of Mail'),
	('Languages::ship_usps_mailtype_matter_for_the_blind', 'Matter for the Blind'),
	('Languages::ship_usps_mailtype_postcards_or_aerogrammes', 'Postcards or Aerogrammes'),
	('Languages::ship_usps_package_size', 'Package Size (length + girth, inches)'),
	('Languages::ship_usps_package_size_large', 'Large (84..108)'),
	('Languages::ship_usps_package_size_oversize', 'Oversize (108..130)'),
	('Languages::ship_usps_package_size_regular', 'Regular (0..84)'),
	('Languages::ship_usps_priority_girth', 'Priority Mail (Size:Large, Container:NonRectangular) Girth (inches)'),
	('Languages::ship_usps_priority_height', 'Priority Mail (Size:Large) Height (inches)'),
	('Languages::ship_usps_priority_length', 'Priority Mail (Size:Large) Length (inches)'),
	('Languages::ship_usps_priority_width', 'Priority Mail (Size:Large) Width (inches)'),
	('Languages::ship_usps_username', 'User ID'),
	('Languages::ship_width', 'Package width (cm)'),
	('Languages::short_description', 'Short description'),
	('Languages::short_hour', 'h.'),
	('Languages::short_list', 'Short list'),
	('Languages::show', 'Show'),
	('Languages::show_all', 'Show all'),
	('Languages::show_items_in_line', 'Show items inline'),
	('Languages::show_menu_on_mouse_over', 'Show menu on mouse over'),
	('Languages::show_on_home_page', 'Show on home page'),
	('Languages::show_orders', 'Show orders'),
	('Languages::show_page_in_popup', 'Show this page in a popup window'),
	('Languages::show_price', 'Show price'),
	('Languages::show_rate_for_destination', 'Show rates for location'),
	('Languages::show_tab_in_popup', 'Show this tab in a popup window'),
	('Languages::tmpl_sidebox_1_item', 'Side box first item'),
	('Languages::sidebox_general', 'Sidebox general'),
	('Languages::sidebox_important', 'Sidebox important'),
	('Languages::signature', 'Signature'),
	('Languages::signed_in_as', 'Signed in as'),
	('Languages::sign_in', 'Sign in'),
	('Languages::sign_in_as_different', 'Sign in as a different user'),
	('Languages::sign_in_to_buy', 'Please sign in to buy'),
	('Languages::sign_in_to_view_price', '[Sign in to view price]'),
	('Languages::sign_out', 'Sign out'),
	('Languages::sign_up_for_notification', 'Sign up for notification'),
	('Languages::similar_only', 'Similar only'),
	('Languages::simple_ultimate_companies_\nselector', 'Please contact the technical support'),
	('Languages::simultaneous', 'Simultaneous'),
	('Languages::single', 'Single'),
	('Languages::single_coupon_is_allowed', 'Single discount coupon is allowed only'),
	('Languages::sitemap', 'Sitemap'),
	('Languages::sitemap_menu_description', 'Create additional sections of the customer area sitemap and define the set of links for them.'),
	('Languages::sitemap_settings', 'Sitemap settings'),
	('Languages::site_number', 'Site number (EPT)'),
	('Languages::size', 'Size'),
	('Languages::skiplastpage', 'Skip the last page'),
	('Languages::skip_payment', 'Skip payment'),
	('Languages::skrill_customer_id', 'Skrill Customer ID'),
	('Languages::sku', 'CODE'),
	('Languages::slovak', 'Slovak'),
	('Languages::slow', 'Slow'),
	('Languages::small_items', 'Small items'),
	('Languages::smarty_block', 'HTML block with Smarty support'),
	('Languages::sms_customer_registered', 'Customer [name] has been registered.'),
	('Languages::sms_for_the_sum', 'to the amount of'),
	('Languages::sms_order_placed', 'has been placed'),
	('Languages::snapshot_date', 'Snapshot date'),
	('Languages::sort_by', 'Sort by'),
	('Languages::sort_by_null_asc', 'No sorting'),
	('Languages::sort_by_popularity_asc', 'Sort by Popularity: Low to High'),
	('Languages::sort_by_popularity_desc', 'Sort by Popularity'),
	('Languages::sort_by_position_asc', 'Sort by Position: Low to High'),
	('Languages::sort_by_position_desc', 'Sort by Position: High to Low'),
	('Languages::sort_by_price_asc', 'Sort by Price: Low to High'),
	('Languages::sort_by_price_desc', 'Sort by Price: High to Low'),
	('Languages::sort_by_product_asc', 'Sort Alphabetically: A to Z'),
	('Languages::sort_by_product_desc', 'Sort Alphabetically: Z to A'),
	('Languages::sort_by_timestamp_asc', 'Oldest Items First'),
	('Languages::sort_by_timestamp_desc', 'Newest Items First'),
	('Languages::sort_images', 'Sort images'),
	('Languages::spanish', 'Spanish'),
	('Languages::specific_settings', 'Specific settings'),
	('Languages::specify_url', 'Specify URL'),
	('Languages::speed', 'Speed'),
	('Languages::ssl_certificate', 'SSL certificate'),
	('Languages::staff_only_notes', 'Staff only notes'),
	('Languages::stage', 'Stage'),
	('Languages::standard_sidebox', 'Standard side box'),
	('Languages::start', 'Start'),
	('Languages::start_communication', 'Start communication'),
	('Languages::start_date', 'Start date'),
	('Languages::start_price', 'Start price'),
	('Languages::state', 'State/Province'),
	('Languages::states', 'States'),
	('Languages::states_menu_description', 'Manage the set of states that are supported in your store.'),
	('Languages::static_block', 'Static block'),
	('Languages::static_data', 'Static data'),
	('Languages::static_data_use_item', 'Use the "Link text" and "URL" values from this item in the storefront'),
	('Languages::statistics', 'Statistics'),
	('Languages::status', 'Status'),
	('Languages::status_changed', 'Status has been changed'),
	('Languages::status_changed_after_process_payment', 'Order status was set according to the payment processing result'),
	('Languages::stay_connected', 'Stay Connected'),
	('Languages::stay_connected_notice', 'Enter your email address to receive special offers and promotions.'),
	('Languages::step_four', 'Step 4'),
	('Languages::step_one', 'Step 1'),
	('Languages::step_three', 'Step 3'),
	('Languages::step_two', 'Step 2'),
	('Languages::stop_other_rules', 'Stop other rules'),
	('Languages::storage', 'Storage'),
	('Languages::store', 'Store'),
	('Languages::storefront', 'Storefront'),
	('Languages::storefront_url', 'Storefront URL'),
	('Languages::storefront_url_already_exists', 'The value of the <strong>Storefront URL</strong> parameter mentioned by you already belongs to another company.'),
	('Languages::storefront_url_not_defined', 'Storefront URL not defined'),
	('Languages::stores', 'Stores'),
	('Languages::store_locator', 'Store locator'),
	('Languages::store_mode', 'Licensing mode'),
	('Languages::store_mode_changed', 'Licensing mode has been changed'),
	('Languages::store_number', 'Store number'),
	('Languages::store_object_denied', 'The [object_type] [object_name] is unavailable for this store.'),
	('Languages::store_theme', 'Storefront theme'),
	('Languages::store_mode_will_be_changed_to_free', 'Installation integrity \ncheck failed. Your store will switch to Free mode within 2 days. Please contact our <a href="[href]">support team</a>'),
	('Languages::store_mode_will_be_changed_to_trial', 'Installation integrity check failed. Your store will switch to Trial mode within 2 days. Please contact our <a href="[href]">support team</a>'),
	('Languages::subcategories', 'Subcategories'),
	('Languages::submit', 'Submit'),
	('Languages::submit_my_order', 'Submit my order'),
	('Languages::subpages', 'Subpages'),
	('Languages::subscribe', 'Subscribe'),
	('Languages::subscriber', 'Subscriber'),
	('Languages::subscribers', 'Subscribers'),
	('Languages::subscriber_email', 'Subscriber email'),
	('Languages::subscriptions', 'Subscriptions'),
	('Languages::subtotal', 'Subtotal'),
	('Languages::subtotal_sum', 'Subtotal sum'),
	('Languages::suburb', 'Suburb'),
	('Languages::successful', 'Successful'),
	('Languages::successfully_registered', 'Successfully registered'),
	('Languages::successful_login', 'You have been successfully logged in.'),
	('Languages::success_registration_text', 'Congratulations! The registration was successful!<br/>Now, you have full access to all the store features. Click on "My account" to see them.'),
	('Languages::suffix', 'Suffix'),
	('Languages::summary', 'Summary'),
	('Languages::supplier', 'Supplier'),
	('Languages::suppliers', 'Suppliers'),
	('Languages::supplier_id', 'Supplier'),
	('Languages::surcharge', 'Surcharge'),
	('Languages::surcharge_title', 'Surcharge title'),
	('Languages::sweden', 'Sweden'),
	('Languages::swedish', 'Swedish'),
	('Languages::swing', 'Swing'),
	('Languages::switch_layout', 'Switch layout'),
	('Languages::symbol', 'Symbol'),
	('Languages::system', 'System'),
	('Languages::tab', 'Tab'),
	('Languages::table', 'Table'),
	('Languages::tables', 'Tables'),
	('Languages::table_conditions', 'Table Conditions'),
	('Languages::tabs', 'Tabs'),
	('Languages::tax', 'Tax'),
	('Languages::taxes', 'Taxes'),
	('Languages::taxes_menu_description', 'Manage the set of taxes that are supported in your store.'),
	('Languages::tax_exempt', 'Tax exempt'),
	('Languages::tax_rates', 'Tax rates'),
	('Languages::temando', 'Temando'),
	('Languages::temando_centimetres', 'centimetres'),
	('Languages::temando_feet', 'feet'),
	('Languages::temando_inches', 'inches'),
	('Languages::temando_method_depottodepot', 'Depot to Depot'),
	('Languages::temando_method_doortodoor', 'Door to Door'),
	('Languages::temando_metres', 'metres'),
	('Languages::temando_package_backpack', 'Backpack'),
	('Languages::temando_package_bale', 'Bale'),
	('Languages::temando_package_box', 'Box'),
	('Languages::temando_package_bunch', 'Bunch'),
	('Languages::temando_package_bundle', 'Bundle'),
	('Languages::temando_package_carton', 'Carton'),
	('Languages::temando_package_crate', 'Crate'),
	('Languages::temando_package_cylinder', 'Cylinder'),
	('Languages::temando_package_documentenvelope', 'Document Envelope'),
	('Languages::temando_package_drum', 'Drum'),
	('Languages::temando_package_flatpack', 'Flat Pack'),
	('Languages::temando_package_letter', 'Letter'),
	('Languages::temando_package_pail', 'Pail'),
	('Languages::temando_package_pallet', 'Pallet'),
	('Languages::temando_package_parcel', 'Parcel'),
	('Languages::temando_package_pipe', 'Pipe'),
	('Languages::temando_package_roll', 'Roll'),
	('Languages::temando_package_satchel', 'Satchel/Bag'),
	('Languages::temando_package_skid', 'Skid'),
	('Languages::temando_package_suitcase', 'Suitcase'),
	('Languages::temando_package_tube', 'Tube'),
	('Languages::temando_package_unpackaged', 'Unpackaged or N/A'),
	('Languages::temando_package_wheel', 'Wheel/Tyre'),
	('Languages::temando_subclass_excessbaggage', 'Excess Baggage'),
	('Languages::temando_subclass_furniture', 'Furniture'),
	('Languages::temando_subclass_householdgoods', 'Household Goods'),
	('Languages::temando_subclass_other', 'Other (etc.)'),
	('Languages::temando_system', 'Temando system'),
	('Languages::temando_weight_grams', 'Grams'),
	('Languages::temando_weight_kilograms', 'Kilograms'),
	('Languages::temando_weight_ounces', 'Ounces'),
	('Languages::temando_weight_pounds', 'Pounds'),
	('Languages::template', 'Template'),
	('Languages::templates_tree', 'Templates tree'),
	('Languages::file_editor', 'File editor'),
	('Languages::terminal', 'Terminal'),
	('Languages::terminal_id', 'Terminal \nID'),
	('Languages::test', 'Test'),
	('Languages::test_live_mode', 'Test/Live mode'),
	('Languages::test_mode', 'Test mode'),
	('Languages::text', 'Text'),
	('Languages::textarea', 'Text area'),
	('Languages::text_2checkout_notice', '<b>Note</b>: In order to track your 2Checkout orders with the shopping cart software you have to take these steps:<br /><br />-&nbsp;Log in to your 2Checkout account<br />-&nbsp;Click on <u>\'Site management\'</u> in the <u>\'Account\'</u> section.<br />-&nbsp;Select <b>\'Given links back to my website\'</b> option in the <u>\'Direct Return\'</u> subsection <br />-&nbsp;Set <u>\'Approved URL\'</u> and <u>\'Pending URL\'</u> to:<br /><b>[return_url]</b><br />-&nbsp;Set <u>\'Secret Word\'</u>. The Secret Word is known only to the seller and 2CheckOut.<br />'),
	('Languages::text_2co_ins', 'Instant Notification Service (INS)'),
	('Languages::text_additional_detailed_image', '(displayed in popup window)'),
	('Languages::text_additional_thumbnail', '(displayed on product details page in "Additional images")'),
	('Languages::text_addon_cannot_enable', 'Add-on "[addon_name]" is incompatible with the following add-ons: [addons]. It cannot be enabled'),
	('Languages::text_addon_confclicts', 'Add-on "[addon_name]" is incompatible with the following add-ons: [addons]. These add-ons will be automatically disabled.'),
	('Languages::text_addon_confclicts_on_install', 'Add-on "[addon_name]" is incompatible with the following add-ons: [addons]. It has not been be enabled. Enable it manually and all the incompatible add-ons will be disabled automatically.'),
	('Languages::text_addon_installed', 'The <b>"[addon]"</b> add-on has been installed successfully'),
	('Languages::text_addon_install_dependencies', 'The add-on cannot be installed because a dependence on the [addon] add-on is set for it. Please install the [addon] add-on first.'),
	('Languages::text_addon_uninstalled', 'The <b>"[addon]"</b> add-on has been uninstalled.'),
	('Languages::text_addon_uninstall_dependencies', 'The add-on cannot be uninstalled because the following add-ons depend on it: [addons]'),
	('Languages::text_addresses_wildcards', 'You are able to use wildcards in this field:<br /><b>\'?\'</b> - any single character;<b>\'*\'</b> - any number of characters.<br /><br /><u>Example:</u><br /><b>* street</b> &nbsp;&nbsp;(corresponds to 1st Street, 102nd Street, etc)'),
	('Languages::text_admin_new_orders', 'This section shows the orders you have never viewed.'),
	('Languages::text_allowed_to_upload_file_extension', 'The following file extensions are supported: <b>.[ext]</b>.'),
	('Languages::text_amazon_callback_url', 'Important! You must specify your store\'s URL <b>[callback_url]</b> as the Merchant URL on the Amazon\'s Seller Central Website (Settings > Checkout Pipeline Settings). Otherwise, you won\'t be able to accept payments through Amazon Checkout in your store'),
	('Languages::text_amazon_failed_order', 'No response from Amazon Checkout has been received yet, please hold on. Although the order might not be created in the store as long last, it is highly probable that it has been successfully created and processed by Amazon Checkout. Please contact the store staff and tell them the order ID as provided by Amazon'),
	('Languages::text_amazon_incorrect_products_count', 'Number of products in your cart differs from the number of products in the Amazon request.'),
	('Languages::text_amazon_link_message', 'For testing purposes, the Merchant URL may be the HTTP link to your store, but the live mode requires secure connection and you must use the HTTPS link. Also, remember to enable the production mode on Amazon\'s Seller Central website when you are ready to go live.'),
	('Languages::text_amazon_surcharge', '<b>Note:</b> According to the Amazon <a href=\'https://payments.amazon.com/sdui/sdui/about?nodeId=6019\' target=\'_blank\'>policy</a> (B4.2), surcharges are not supported. Any surcharges you may have set will be ignored when Amazon Checkout is used.'),
	('Languages::text_paypal_surcharge', '<b>Note:</b> According to the PayPal <a href=\'https://www.paypal.com/webapps/mpp/ua/useragreement-full#\n4\' target=\'_blank\'>policy</a> (4.6), surcharges are not supported. If you set any surcharges for the Paypal Express Checkout, a customer will not be able to place orders using this payment method. An error will be displayed at the checkout.'),
	('Languages::text_anonymous_checkout', 'You must be a registered user to proceed to checkout'),
	('Languages::text_applied_promotions', 'Applied promotions'),
	('Languages::text_are_you_sure_to_delete_file', 'Are you sure you want to delete the item?'),
	('Languages::text_are_you_sure_to_proceed', 'Are you sure you want to proceed?'),
	('Languages::text_atos_notice', '<b>Note:</b><br />1. Copy your certificate that you received on the disk to the [home_path] directory. Rename the certificate to certif.fr.[my_merchant_id], where [my_merchant_id] is your web site number.<br /> 2. Rename the store parameters file (parmcom.014213245611111 file) to parmcom.[my_merchant_id].<br />3. Edit the <b>pathfile</b> file in the  <b>[home_path]</b> directory<br />- Replace string \'<u>D_LOGO![some_dir]!</u>\' with \'<u>D_LOGO![http_path]/logo/!</u>\'<br />- Replace string \'<u>F_DEFAULT![/some_dirs/parmcom.sogenactif]!</u>\' with \'<u>F_DEFAULT![home_path]/parmcom.sogenactif!</u>\'<br />- Replace string \'<u>F_PARAM![/some_dirs/parmcom]!</u>\' with \'<u>F_PARAM![home_path]/parmcom!</u>\'<br />- Replace string \'<u>F_CERTIFICATE![/some_dirs/certif]!</u>\' with \'<u>F_CERTIFICATE![home_path]/certif!</u>\'<br />4. Edit the <b>parmcom.[some_number]</b> file in the <b>[home_path]</b> directory<br />- Replace string \'<u>AUTO_RESPONSE_URL![some_url]!</u>\' with \'<u>AUTO_RESPONSE_URL![auto_url]!</u>\'<br />- Replace string \'<u>CANCEL_URL![some_url]!</u>\' with \'<u>CANCEL_URL![ok_url]!</u>\'<br />- Replace string \'<u>RETURN_URL![some_url]!</u>\' with \'<u>RETURN_URL![ok_url]!</u>\'<br />'),
	('Languages::text_atos_warning', '<span style="color:#FF2222">Warning!!!</span> The path to atos files should consist of not more than 60 symbols, otherwise please copy the atos_files folder to some parent directory, e.g. to the cart core directory. Also please make sure the atos files directory has full permissions.'),
	('Languages::text_authentication_failed_message', 'Your financial institution has indicated that it could not successfully authenticate this transaction. To protect against unauthorized use, this card cannot be used to complete your purchase. You may complete the purchase by selecting another form of payment.'),
	('Languages::text_backup_filename', 'You can download backup file from the "Restore" tab on this page'),
	('Languages::text_backup_management_notice', 'This section allows you to manage your backup files.<br />- To restore the database, select the check box near the appropriate file name and click on Restore.<br />- To delete files, select the check boxes near the files that need to be deleted and click on Delete.<br />- To download a file to your local computer, click on the file name.'),
	('Languages::text_billing_same_with_shipping', 'Billing and shipping addresses are the same'),
	('Languages::text_block_trial_notice', 'Your 30-day evaluation period has expired. Please, buy a license ([href]) or remove the software from your server.'),
	('Languages::text_cannot_create_directory', 'Cannot create the directory <b>[directory]</b>. Please check the permissions.'),
	('Languages::text_cannot_create_file', 'Cannot create the file <b>[file]</b>. Please check the directory permissions.'),
	('Languages::text_cannot_delete_directory', 'Cannot delete the directory <b>[directory]</b>. Please check the permissions.'),
	('Languages::text_cannot_delete_file', 'Cannot delete the file <b>[file]</b>. Please check the permissions.'),
	('Languages::text_cannot_rename_directory', 'Cannot rename the directory <b>[directory]</b>. Please check the permissions.'),
	('Languages::text_cannot_rename_file', 'Cannot rename the file <b>[file]</b>. Please check the permissions.'),
	('Languages::text_cannot_restore_directory', 'Cannot restore the directory <b>[directory]</b> from the repository. Please check if the repository exists.'),
	('Languages::text_cannot_\nrestore_file', 'Cannot restore file <b>[file]</b> from the repository. Please check if the repository exists.'),
	('Languages::text_can_be_used_once', 'This coupon can be used only once. You have already applied it.'),
	('Languages::text_cart_amount_changed', 'The quantity of the product <b>[product]</b> in your cart  has been changed to allowable.'),
	('Languages::text_cart_amount_corrected', 'The number of products in the inventory is not enough for your order. The quantity of the product <b>[product]</b> has been changed in your cart.'),
	('Languages::text_cart_empty', 'Your cart is empty'),
	('Languages::text_cart_max_qty', 'Maximum quantity for "[product]" is <b>[quantity]</b>'),
	('Languages::text_cart_min_qty', 'Minimum quantity for "[product]" is <b>[quantity]</b>'),
	('Languages::text_cart_not_enough_inventory', 'The number of products in the inventory is not enough for your order'),
	('Languages::text_cart_zero_inventory', '<b>[product]</b> has zero inventory and cannot be added to the cart'),
	('Languages::text_cart_zero_inventory_and_removed', '<b>[product]</b> has zero inventory and is removed from the cart'),
	('Languages::text_categories_have_been_deleted', 'Categories have been deleted successfully.'),
	('Languages::text_category_delimiter', 'Category path delimiter for product main category (e.g. "Computers///Desktops")'),
	('Languages::text_category_detailed_image', '(optional displayed on category details page only)'),
	('Languages::text_category_has_been_deleted', 'Category, subcategories and their products have been deleted successfully.'),
	('Languages::text_category_icon', '(displayed on category list and details pages)'),
	('Languages::text_cc_processor_connection', 'Connecting to <b>[processor]</b>...'),
	('Languages::text_cdn_check', '<strong>Attention!</strong> Please test some static URL, e.g. <a href="[url]">[url]</a>, to ensure it\'s working before enabling CDN (you can enable it after storage became active). It usually takes 10-15 minutes to activate storage (the "Status" field should display "Active", refresh page for updates).'),
	('Languages::text_cdn_setup', 'CDN was set up successfully.'),
	('Languages::text_changes_not_saved', 'Your changes have not been saved.'),
	('Languages::text_changes_saved', 'Your changes have been saved.'),
	('Languages::text_change_password', 'You are now logged in to your account. Please change the password and click the "Save" button.'),
	('Languages::text_checkout_new_profile_notice', 'If you are a new customer, we need to know your personal details.'),
	('Languages::text_cities_wildcards', 'You are able to use wildcards in this field:<br /><b>\'?\'</b> - any single character;<b>\'*\'</b> - any number of characters.<br /><br /><u>Example:</u><br /><b>New Y*</b> &nbsp;&nbsp;(corresponds to New York, New Yark, etc)<br /><b>L?s*</b>&nbsp;&nbsp; (corresponds to Las Vegas, Los Angeles, etc..)'),
	('Languages::tmpl_text_ckeditor', 'CKEditor'),
	('Languages::text_click_here', 'Click here for more details'),
	('Languages::text_cmcic_notice', 'Please set the following URL as the <b>CGI2</b>: <b>[postback_url]</b>'),
	('Languages::text_cmpi_frame_message', 'For your security, please fill out the form below to complete your order. Do not click the Refresh or Back button, or this transaction may be interrupted or canceled.'),
	('Languages::text_cmpi_go_back', 'Go back'),
	('Languages::text_combination_out_of_stock', 'No products with the selected options in stock'),
	('Languages::text_companies_activated', 'Selected companies have been activated'),
	('Languages::text_companies_disabled', 'Selected companies have been disabled'),
	('Languages::text_company_status_active_subj', 'Your company was activated.'),
	('Languages::text_company_status_changed', 'Status of your company [company] was changed to [status].'),
	('Languages::text_company_status_disabled_subj', 'Your company was disabled.'),
	('Languages::text_conditions_cleared', 'Table conditions were cleared'),
	('Languages::text_confirmation_page_header', 'This is a confirmation page. You must confirm the operation before it is performed.'),
	('Languages::text_confirm_passwd_recovery', 'Please follow this \nlink to confirm your password recovery procedure'),
	('Languages::text_csrf_attack', 'Access denied: Possible CSRF attack'),
	('Languages::text_customer_area_logo', 'Logo for the <b>customer</b> area'),
	('Languages::text_datatrans_notice', '<b>Note</b>: In order to track your DataTrans orders with the shopping cart software you have to take the following steps:<br /> <br /> -&nbsp;Log in to your DataTrans account<br /> -&nbsp;Click on the <u>\'Upp Data\'</u> link in the <u>\'Upp Administration\'</u> section.<br /> -&nbsp;Set <u>\'URL Post data format\'</u> to <b>\'Data in Post format\'</b>.<br /> -&nbsp;Set <u>\'Approved URL\'</u> to:<br /> <b>[post_url]</b><br /> -&nbsp;Click on the <u>\'Security\'</u> link in the <u>\'Upp Administration\'</u> section.<br /> -&nbsp;Select the <b>\'An additional merchant identification will be send with payment messages\'</b> option.<br /> -&nbsp;Generate new digital signature using the <u>\'Generate new sign\'</u> button.<br /> -&nbsp;Set generated value to the <u>\'Digital signature\'</u> field on the DataTrans payment configuration page in your store<br />'),
	('Languages::text_data_changed', 'Your changes have not been saved.Press OK to continue, or Cancel to stay on the current page.'),
	('Languages::text_decrease_points_in_use', 'The points used in the order were subtracted from user account.'),
	('Languages::text_deltapay_notice', '<b>Note:</b> Please send the following information to the DeltaPay support:<br />Payment page: \'<u>[payment_url]</u>\'<br />Success page: \'<u>[result_url]</u>\'<br />Failure page: \'<u>[result_url]</u>\'<br />Cancel page: \'<u>[result_url]</u>\'<br />'),
	('Languages::text_directebanking_notice', 'Set \'Success link\' to: <b>[success_url]</b><br /> Set \'Abort link\' to: <b>[abort_url]</b><br /> Add new HTTP notifications and set \'Notification URL\' to: <b>[notification_url]</b><br /> Activate input check and set \'Hash Algoritm\' to the \'SHA1\'<br />'),
	('Languages::text_directory_created', 'The directory <b>[directory]</b> has been successfully created.'),
	('Languages::text_directory_deleted', 'The directory <b>[directory]</b> has been successfully deleted'),
	('Languages::text_directory_renamed', 'The directory <b>[directory]</b> has been successfully renamed to <b>[to_directory]</b>'),
	('Languages::text_directory_restored', 'The directory <b>[directory]</b> has been restored from the repository'),
	('Languages::text_downloads_empty', 'Your downloads list is empty'),
	('Languages::text_editing', 'Text editing'),
	('Languages::text_edp_product', 'This product is electronically distributed'),
	('Languages::text_ekey_not_valid', 'The confirmation link is invalid or has expired.'),
	('Languages::text_email_sent', 'E-mail has been sent successfully.'),
	('Languages::text_emerchantpay_notice', 'Please add these URL fields in your eMerchantPay eCommerce Payment Form configuration:<br/><br/><b>BackReturn URL:</b><br/>[backreturn_url]<br/><br/><b>Custom Approval URL:</b><br/>[notify_url]<br/><br/><b>Custom Decline URL:</b><br/>[decline_url]<br/><br/><b>Activate Notification URL:</b><br/>[process_url]'),
	('Languages::text_enets_notice', 'Please send the following URL to the eNPS manager as a response URL for all the three cases (success, failure, cancel): [r_url]'),
	('Languages::text_enter_filename', 'Please enter a new file name'),
	('Languages::text_no_files_uploaded_yet', 'No files uploaded yet.'),
	('Languages::text_exim_data_exported', 'Data is exported successfully'),
	('Languages::text_exim_data_imported', 'Data is imported successfully.<br />New objects - <b>[new]</b>;<br />Updated objects - <b>[exist]</b>;<br />Skipped objects - <b>[skipped]</b>;<br />Total - <b>[total]</b>.'),
	('Languages::text_exim_data_imported_clear', 'Data is imported successfully.'),
	('Languages::text_exim_export_notice', 'Below is a list of the fields that can be exported. The <b>highlighted</b> fields are mandatory.'),
	('Languages::text_exim_import_features_note', '<h4>Product features import format</h4><code>{$ldelim}%Feature ID%{$rdelim} (%Group name%) %Feature name%: %Feature type%[%Feature value%]</code>where,<dl class="dl-\nhorizontal"><dt>%Feature ID%</dt><dd>the id of feature</dd><dt>%Group name%</dt><dd>the name of feature group</dd><dt>%Feature name%</dt><dd>the name of feature</dd><dt>%Feature type%</dt><dd>the feature type (C - checkbox, M - multiple checkboxes, S - text select box, N - number select box, E - extended selectbox, T - simple text, O - number, D - date)</dd><dt>%Feature value%</dt><dd>the feature value (several values can be delimited by comma)</dd></dl><p>Several features must be delimited by semicolon.</p><h5>Example:</h5><code>ISBN: T[1233423423]; Release date: D[05/05/07]; Color: S[Red]</code>'),
	('Languages::text_exim_import_files_note', '<h4>File import format</h4><code>%File location%</code> where,<dl class="dl-horizontal"><dt>%File location%<dt><dd>can be an absolute or relative path in a server file system or a URL</dd></dl><p>Several files must be delimited by comma.</p><h5>Example 1:</h5><code>file1.jpg</code><h5>Example 2:</h5><code>backup/file1.zip, images/file2.jpg</code>'),
	('Languages::text_exim_import_images_note', '<h4>Image import format</h4><code>%Image location%#%Alternative text%</code> where,<br><dl class="dl-horizontal"><dt>%Image location%</dt><dd>can be an absolute or relative path in a server file system or a URL,</dd><dt>%Alternative text%<dt><dd>image alternative text</dd></dl><h5>Example 1:</h5><code>images/product_images/apples.jpg#Apples</code><h5>Example 2:</h5><code>http://www.site.com/apples.jpg#Apples</code>'),
	('Languages::text_exim_import_notice', 'Below is a list of the fields that your data file can contain. The fields highlighted in bold are mandatory. If you are importing data with special symbols (commas, semicolons, etc.), please make sure you have these fields quoted.'),
	('Languages::text_exim_import_options_note', '<h4>Product options import format</h4><code>{$ldelim}%Option ID[_L]%{$rdelim}%Option name%: %Option type%[{$ldelim}%Variant 1 ID%{$rdelim}%Variant 1%,{$ldelim}%Variant 2 ID%{$rdelim}%Variant 2%,{$ldelim}%Variant N ID%{$rdelim}%Variant N%]</code> where,<dl class="dl-horizontal"><dt>%Option ID%</dt><dd>the id of the option</dd><dt>L</dt><dd>optional parameter, means that it is a linked global option of the product.</dd><dt>%Option name%</dt><dd>the name of the option,</dd><dt>%Variant N ID%</dt><dd>the id of the variant,</dd><dt>%Variant N%</dt><dd>the name of the variant. Variants must be specified if the option type is a selectbox or radiogroup only.</dd><dt>%Option type%</dt><dd>the option type, can be the following:<br><ul><li><b>S</b> - selectbox,</li><li><b>R</b> - radiogroup,</li><li><b>C</b> - checkbox,</li><li><b>I</b> - simple input,</li><li><b>T</b> - textarea.</li></ul></dd></dl><p>Several options must be delimited by semicolon.</p><h5>Examples:</h5>Simple text options:<code>Your age: I; Date of birth: I; Notes: T</code><br>Options with variants:<code>Color: S[Red, Green, Blue]; Size: R[X, XL, XXL]</code>'),
	('Languages::text_exim_utf8_file_format', 'Please make sure that the file you are importing has UTF-8 charset for correct import'),
	('Languages::text_expired_license', 'Unfortunately, your subscription for [product] software is over. Please renew it as soon as possible to avoid the program suspending.'),
	('Languages::tmpl_text_fancybox', 'FancyBox'),
	('Languages::text_features_delimiter', 'Delimiter for product features'),
	('Languages::text_feedback_notice', 'The parameters that will be sent to our server to analyze the functionality and the current configuration are listed below.<br />Please note that no personal or financial information will be sent. After you get acquainted with the list of the parameters, click on "Send".<br />'),
	('Languages::text_files_directory', 'Directory where product files are located. This will be used if the "File" field data is specified without a path.'),
	('Languages::text_file_created', 'The file <b>[file]</b> has been successfully created'),
	('Languages::text_file_deleted', 'The file <b>[file]</b> has been successfully deleted'),
	('Languages::text_file_renamed', 'The file <b>[file]</b> has been successfully renamed to <b>[to_file]</\nb>'),
	('Languages::text_file_restored', 'The file <b>[file]</b> has been restored from the repository'),
	('Languages::text_file_saved', 'The file <b>[file]</b> is successfully saved'),
	('Languages::text_fill_the_mandatory_fields', 'You need to complete all the mandatory fields'),
	('Languages::text_forbidden_file_extension', 'It is not allowed to create/upload/rename files with the <b>.[ext]</b> extension.'),
	('Languages::text_forbidden_file_mime', 'It is not allowed to create/upload/rename files of the <b>[mime]</b> MIME type.'),
	('Languages::text_forbidden_functionality', 'This functionality is available only in the <strong>Full mode</strong>.<br/><br/>In order to have the full access to all features, purchase a license and <a class="cm-dialog-opener cm-dialog-auto-size" data-ca-target-id="store_mode_dialog">activate the Full mode</a>.'),
	('Languages::text_forbidden_uploaded_file_extension', 'It is not allowed to upload files with the <b>.[ext]</b> extension. Allowed extensions are: <b>[exts]</b>'),
	('Languages::text_forbidden_uploaded_file_size', 'It is not allowed to upload files with size more than <b>[size]</b>'),
	('Languages::text_form_cresecure_notice', 'Please complete your payment below.<br />This is a secure payment page, served from a secure location.'),
	('Languages::text_full_mode_required', '<strong>Full mode</strong> required.'),
	('Languages::text_gate2shop_notice', '<p>Please set the following values in the Gate2Shop merchant settings:</p><p>Success, failed and canceled URL: <b>[result_url]</b></p><p>Back URL: <b>[back_url]</b></p>'),
	('Languages::text_gd_not_avail', 'GD library is <b>not</b> installed on your server. Please contact your hosting provider. <br />Charts can be represented only as tables (chart type "Table").'),
	('Languages::text_hsbc_notice', '<b>Client ID  -</b> Your Client ID - a decimal value between 0 and 999999999, or a valid Client alias of the form UK12345678CUR. <br /> Note, the alias is case sensitive. <br /> <b>Important note for UNIX users:</b><br /> Please make sure you have appropriate permissions for the following directory: [cart_dir] (shell command "chmod -R 755").'),
	('Languages::text_ideal_basic_notice', '-&nbsp;Log in to your iDEAL account<br />-&nbsp;Click on <u>\'Security\'</u> in the <u>\'Profile\'</u> section.<br />-&nbsp;Set the option <u>\'Notification\'</u> to <b>\'XML\'</b><br />-&nbsp;Set <u>\'Notification URL\'</u> to:<br /><b>[return_url]</b><br />-&nbsp;Set <u>\'Secret key\'</u>. The Secret key is known only to the seller and iDEAL.'),
	('Languages::text_images_directory', 'Directory where images are located. This will be used if an image file is specified without a path.'),
	('Languages::text_innovative_notice', 'You can use the following account information for testing purposes: <br /> username: <b>gatewaytest</b> <br /> password: <b>GateTest2002</b>'),
	('Languages::text_invalid_url', 'You have entered an invalid URL'),
	('Languages::text_items_added', 'The items were added successfully'),
	('Languages::text_light_box', 'Lightbox'),
	('Languages::text_linkpointc_notice', 'Please log in to FirstData Connect Admin, open the "Administration" tab, click on the "Connect settings" link.<br /> Set the following URL in the "Order Submission Form" section: [return_url]<br /> Also please select the check boxes:<br /> - in the \'Confirmation Page ("Thank You" Page URL)\' section <b>"URL is a CGI script"</b> check box<br /> - in the \'Failure Page ("Sorry" Page URL)\' section <b>"URL is a CGI script"</b> check box<br />'),
	('Languages::text_links', 'Text links'),
	('Languages::text_login_form', '<h4>Not a registered member?</h4><p>Creating a new account is easy and takes less than a minute.</p>'),
	('Languages::text_login_to_add_to_cart', 'This product cannot be added to the<br>cart because you are not logged in.'),
	('Languages::text_mail_area_logo', 'Logo for <b>invoices</b>'),
	('Languages::text_mandatory_fields', '<p class="mandatory-fields">The fields marked with <span class="required">*</span> are mandatory</p>'),
	('Languages::text_max_limit_of_parameters', 'Maximum value of the "limit" field \ncannot exceed 25 unless the chart type is "Table". Limit of this chart has been corrected.'),
	('Languages::text_mb_failed_order', 'No response from Skrill has been received yet, please hold on. Although the order might not be created in the store as long last, it is highly probable that it has been successfully created and processed by Skrill. Please contact the store staff and tell them the order ID as provided by Skrill'),
	('Languages::text_mcpe_notice', 'By default, the minimum and maximum values of individual transactions on your account are as shown below:<table cellpadding="3"><tr><td><b> Limits      </b></td><td>   GBP  </td><td>   USD   </td><td>   EUR   </td><tr><td><b> Minimum </b></td><td>  &pound;1</td><td > $1</td><td> &euro;1</td></tr><tr><td><b> Maximum </b></td><td>  &pound;1,000 </td><td> $1500 </td><td> &euro;1500 </td></tr><table>Please contact your account manager to request higher limits on your account.<br /><p>Please set the following parameters in the Merchant Extranet. Click Account Management then Installations:<br /> - Response URL: [return_url]<br /> - Return URL: [return_url]</p>'),
	('Languages::text_min_order_amount_required', 'To continue checkout process your order total must exceed'),
	('Languages::text_min_products_amount_required', 'To continue checkout process your order subtotal must exceed'),
	('Languages::text_multiprofile_notice', 'One user can have multiple profiles. For example, one for personal orders and another for office needs.'),
	('Languages::text_new_user_activation', 'The profile owned by "[user_login]" has been newly created, you should check the details of this user (if required) and activate it by using the following link:<br />[url]'),
	('Languages::text_nothing_found', 'Nothing found'),
	('Languages::text_nothing_found_filter_message', 'Sorry, but nothing matched your search criteria. Please try again with some different parameter combination.'),
	('Languages::text_not_allowed_to_upload_file_extension', 'It is not allowed to upload files with the <b>.[ext]</b> extension here.'),
	('Languages::text_not_valid_email', '<b>[email]</b> is not a valid e-mail address.'),
	('Languages::text_no_active_promotions', 'No promotions available.'),
	('Languages::text_no_conflicts', 'No conflicts found'),
	('Languages::text_no_items_defined', 'No [items] defined'),
	('Languages::text_no_matching_products_found', 'No products found matching the search criteria'),
	('Languages::text_no_matching_results_found', 'No results match the search query'),
	('Languages::text_no_orders', 'No orders found'),
	('Languages::text_no_payments_needed', 'No payment information required'),
	('Languages::text_no_products', 'There are no products in this section'),
	('Languages::text_no_products_defined', 'No products defined'),
	('Languages::text_no_products_found', 'No products found'),
	('Languages::text_no_shipments_found', 'No shipments found'),
	('Languages::text_no_shipping_methods', 'Sorry, it seems that we have no shipping options available for your location.<br/>Please check your shipping address and contact us if everything is okay. We\'ll see what we can do about it.'),
	('Languages::text_no_upgrades_available', 'No upgrades currently available'),
	('Languages::text_objects_for_export', '<b>[total]</b> [name] will be exported.'),
	('Languages::text_ogonedirect_notice', 'Enter SHA-1 Signature both: here and on the Ogone Configuration.<br /><br />For new Ogone accounts created since May 11th, 2010, the new SHA policy is automatically active. <br/>Please do not forget to select the "Use new SHA signature policy" checkbox.'),
	('Languages::text_ogoneweb_notice', 'Please set the following URL in the Technical Information section on the Ogone Configuration as a <b>Response Url</b> for all cases ("accepted", "on hold", "uncertain", "canceled by the client", "too many rejections by the acquirer"): <b>[r_url]</b><br /> Also enter SHA-1 Signature both: here and on the Ogone Configuration. Then select Request Type: "Make this request in background and deferred".'),
	('Languages::text_options_no_inventory', 'In order to create option combinations, you must \nhave the "Inventory" check box selected for at least one product option.'),
	('Languages::text_order_backordered', 'Your order has been backordered. We will contact you at the first opportunity.'),
	('Languages::text_order_placed_error', 'Your order has been declined by the payment processor. Please review your information and contact store administration.'),
	('Languages::text_order_placed_successfully', 'Congratulations! Your order has been successfully placed.'),
	('Languages::text_order_repayed_successfully', 'Order has been repaid successfully.'),
	('Languages::text_order_saved_successfully', 'Order has been saved successfully.'),
	('Languages::text_order_status_notification', 'Please note that the notification of changing the status  will be sent depending on the settings of this status'),
	('Languages::text_out_of_stock', 'Out of stock'),
	('Languages::text_pages_cloned', 'The pages have been cloned successfully. Below the list of new pages.'),
	('Languages::text_pages_have_been_deleted', 'Pages have been deleted successfully.'),
	('Languages::text_page_changed', 'Are you sure you want to leave this page? Your changes have not been saved. Click on OK to continue, or on Cancel to stay on the current page.'),
	('Languages::text_page_has_been_deleted', 'Page has been deleted successfully.'),
	('Languages::text_page_loading', 'Loading... Your request is being processed, please wait.'),
	('Languages::text_password_recovery_instructions_sent', 'Password recovery instructions have been sent to your email.'),
	('Languages::text_pay4later_notice', '<b>Note</b>: In order to track your Pay4Later orders with the shopping cart software, you have to take these steps:<br /><br />-&nbsp;Log in to Pay4Later BackOffice<br />-&nbsp;Click on the <u>\'Settings/Installations\'</u> link in the <u>\'Quick Links\'</u> section.<br />-&nbsp;Set <u>\'Return URL (Verified)\'</u> setting to:<br /><b>[verified_url]</b><br />-&nbsp;Set <u>\'Return URL (Decline)\'</u> setting to:<br /><b>[decline_url]</b><br />-&nbsp;Set <u>\'Return URL (Refer)\'</u> setting to:<br /><b>[refer_url]</b><br />-&nbsp;Set <u>\'Return URL (Cancel)\'</u> setting to:<br /><b>[cancel_url]</b><br />-&nbsp;Set <u>\'CSN URL\'</u> setting to:<br /><b>[process_url]</b><br />-&nbsp;Click on the <u>\'Save Changes\'</u> button<br />'),
	('Languages::text_paybox_notice', '<b>Note:</b> Please download the file modulev2.cgi from the PayBox server, copy it to the <b>[paybox_dir]</b> directory <u>in binary mode</u> and make it executable. <br />Run the following command:<br /><b><i>chmod 755 modulev2.cgi</b></i><br /><br />Also ask &#8220;Paybox&#8221; service to add the following URL to the database as &#8220;Callback URL&#8221;:<br /><b>[callback_url]</b>'),
	('Languages::text_payment_have_been_deleted', 'Payment have been deleted successfully.'),
	('Languages::text_payment_have_not_been_deleted', 'Payment cannot be deleted.'),
	('Languages::text_paypal_processing_payment', 'Please wait while processing the payment details...'),
	('Languages::text_paypal_status_map', 'PayPal order status convertion map'),
	('Languages::text_paysitecash_debug', 'Debug Information'),
	('Languages::text_paysitecash_mode', 'Mode'),
	('Languages::text_paysitecash_mode_debug_off', 'OFF'),
	('Languages::text_paysitecash_mode_debug_on', 'ON'),
	('Languages::text_paysitecash_mode_live', 'Live'),
	('Languages::text_paysitecash_mode_test', 'Test'),
	('Languages::text_paysitecash_nocurrencies', 'Currency mode'),
	('Languages::text_paysitecash_nocurrencies_no', 'Allow customer select any of supported currency'),
	('Languages::text_paysitecash_nocurrencies_yes', 'Do not show currency selection at all'),
	('Languages::text_paysitecash_notice', 'Please add these URL fields in your Paysite Cash configuration:<br/><br/><b>URL:</b><br/>[url]<br/><br/><b>Referer url:</b><br/>[ref_url]<br/><br/><b>after payment return url:</b><br/>[sucess_url]<br/><br/><b>canceled payment url:</b><br/>[cancel_url]<br/><br/><b>Backoffice confirmation url:</b><br/>[confirm_url]'),
	('Languages::text_paysitecash_processor', 'Processor'),
	('Languages::text_paysitecash_site_id', 'Site ID'),
	('Languages::text_payway_notice', '\nPlease set up the following parameters in PayWay back end: <p> Browser Return URL Pre Payment: <b>[prepayment]</b><br /> Browser Return URL: <b>[return]</b><br /> Notification URL: <b>[notify]</b><br /> Notification Post Type: leave empty </p>'),
	('Languages::text_permissions_changed', 'Permissions changed'),
	('Languages::text_piraeus_notice', '<b>Note:</b> Please send the following information to the payment support:<br /> Website URL: \'<u>[website_url]</u>\'<br /> Referrer URL: \'<u>[referrer_url]</u>\'<br /> Success URL: \'<u>[success_url]</u>\'<br /> Failure URL: \'<u>[failure_url]</u>\'<br /> Backlink URL: \'<u>[backlink_url]</u>\'<br /> IP Address: \'<u>[ip_address]</u>\'<br /><br /> Response Method: \'<u>[response_method]</u>\'<br /><br />'),
	('Languages::text_position_updating', 'Loading... Positions are being updated, please wait.'),
	('Languages::text_prettyphoto', 'prettyPhoto'),
	('Languages::text_price_dec_sign_delimiter', 'Decimal separator for product prices.'),
	('Languages::text_products_added', 'The products have been added successfully. See the list of the new products below.'),
	('Languages::text_products_cloned', 'The products have been cloned successfully. Below the list of new products'),
	('Languages::text_products_have_been_deleted', 'Products have been deleted successfully.'),
	('Languages::text_products_updated', 'The following products have been updated:'),
	('Languages::text_products_updated_successfully', 'The product(s) have been updated successfully'),
	('Languages::text_product_cloned', 'The product has been cloned'),
	('Languages::text_product_detailed_image', '(optional displayed in popup window)'),
	('Languages::text_product_file_has_been_deleted', 'Product file has been deleted'),
	('Languages::text_product_filters_were_disabled', 'The following <a href="[url]" target="_blank">product filters</a> were disabled: [filters_list].'),
	('Languages::text_product_has_been_deleted', 'Product has been deleted successfully.'),
	('Languages::text_product_thumbnail', '(displayed on products list and product details pages)'),
	('Languages::text_profile_activated', 'Your profile has now been activated, you may login using the username you received in the previous e-mail.'),
	('Languages::text_profile_benefits', '<h4>Benefits of becoming a registered member</h4><ul><li>Log in at any time to check order statuses</li><li>Personalize your shopping</li><li>Speed up future purchases</li></ul>'),
	('Languages::text_profile_details', '<h4>Profile details</h4><p>On this page you can modify your login credentials and personal data to be used during future purchases.</p><p>To keep your account secure we recommend to avoid creating passwords that use:</p><ul><li>Dictionary words in any language.</li><li>Words spelled backwards, common misspellings, and abbreviations.</li><li>Sequences or repeated characters. Examples: 12345678, 222222, abcdefg, or adjacent letters on your keyboard (qwerty).</li><li>Personal information. Your name, birthday, driver\'s license, passport number, or similar information.</li></ul>'),
	('Languages::text_profile_is_created', 'The account has been created successfully.'),
	('Languages::text_profile_is_updated', 'The profile data has been updated successfully.'),
	('Languages::text_profile_should_be_approved', 'Your account has been created successfully, but it must be activated by the store administrator before you are able to sign in.'),
	('Languages::text_promotions_group_condition', 'if [set] of these conditions are [set_value]'),
	('Languages::text_proxypay_notice', 'Validation script:&nbsp;&nbsp;&nbsp;<b>[validation_url]</b><br />Confirmation script:&nbsp;&nbsp;&nbsp;<b>[confirmation_url]</b><br />Ok page:&nbsp;&nbsp;&nbsp;<b> 	[ok_url]</b><br />Nok page: &nbsp;&nbsp;&nbsp;<b> [nok_url]</b><br />'),
	('Languages::text_qbms_notice', '<p>You should use the "test" mode only if you have a PTC account. </p> <p>During registration of your application set the following values: <br /> - Type: hosted (web-based app)<br /> - Subscribe URL: [response_url]<br /> - Change URL: [response_url]<br /> - Cancel URL: [response_url]<br /> </p> <p><b>Connection \nticket</b> will be filled out automatically after you create the connection here: http://merchantaccount.ptc.quickbooks.com/j/sdkconnection/connectionList?appid=[My_App_ID] (please replace the [My_App_ID] with your AppID number) and click the "Use this connection" button.</p><p>To get "Signed certificate" please refer to the <b>http://developer.intuit.com/QuickBooksSDK/chart.asp?id=496</b> <br />After you have created the certificates (Intuit CA & Client Signed) please do the following:<br />1. extract the key from the CSR you created (these steps are applicable only if keytool was used)<br />&nbsp; - Download the Java class to export Private key from the certificate: http://mark.foster.cc/pub/java/ExportPriv.java<br />&nbsp; - Compile this class: "javac ExportPriv.java"<br />&nbsp; - Export the Key to the file: "java ExportPriv <keystore> <alias> <password> > exported-pkcs8.key"<br />2. Save the client signed certificate to the file (e.g. qbms_cert.txt)<br />3. Save to the same file the Key that was extracted at step 1.<br />4. Upload the resulting file using this form.<br /></p>'),
	('Languages::our_brands', 'Our Brands'),
	('Languages::text_qty_discounts', 'Our quantity discounts'),
	('Languages::text_recover_password', '<p>If you have forgotten your password, enter your email address in the field and click <i>Reset password</i>.</p><p>You will receive a new password and a link to sign in. You will be able to change the password later.</p>'),
	('Languages::text_recover_password_notice', 'Enter your email address to receive a new login key and a link to sign in and change your password.'),
	('Languages::text_recover_password_title', 'Reset password'),
	('Languages::text_redactor', 'Redactor'),
	('Languages::text_remove_additional_images', 'When importing additional images of an updated product, existing images of this product will be deleted before import'),
	('Languages::text_remove_backup_files', 'Warning! If you remove the backup files, you will not be able to restore your previous installation. Ensure that the new version is working properly, and the backup database files are in a safe place.'),
	('Languages::text_required_group_product', 'Please select a product for the required group [group_name]'),
	('Languages::text_reset_inventory_description', 'Quantity of all products in the store will be reset.'),
	('Languages::text_restore_question', 'Are you sure that you want to restore the template?'),
	('Languages::text_sagepay_dir_notice', '<b>Note:</b> In order to track your SagePay orders by the shopping cart software, please enable the 3D Secure Fraud Checking Option for your SagePay VSP Direct account.'),
	('Languages::text_sagepay_notice', 'Use <b>testvendor</b> as <b>Vendor Name</b> for the testing purposes<br /><p><b>PAYMENT</b> - transaction type is used to gain an authorisation from the bank, then settle that transaction early the following morning, committing the funds to be taken from your customer\'s card.<br /></p><p><b>DEFERRED</b> - transactions are NOT sent to the bank for completion until you RELEASE them by logging into the SagePay VSP Admin interface, finding the transaction and clicking the Release button.</p>'),
	('Languages::text_secret_key_notice', 'Please complete this field with any non-empty value. It will increase the security of transactions.'),
	('Languages::text_select_fields2edit_note', 'You are able to modify several items at once. Select the check boxes corresponding to the fields you wish to edit, and click on Modify Selected.'),
	('Languages::text_select_file', 'Select a file or enter a URL'),
	('Languages::text_select_range', 'You can select a range to export (otherwise all [name] will be exported)'),
	('Languages::text_share_product_features_tooltip', 'Attention! Some data will not be copied during this operation: the categories set in filters will be lost even if you copy all categories. Please, fix categories manually.'),
	('Languages::text_share_product_filters_tooltip', 'Attention! Some data will not be copied during this operation: the categories set in features will be lost even if you copy all categories. Please, fix \ncategories manually.'),
	('Languages::text_share_promotions_tooltip', 'In order to share promotions make sure the respective products are also shared (check Share products below)'),
	('Languages::text_shipping_packages_info', 'To ensure a more precise shipping rate estimation, the products have been separated into packages as defined by the product settings and the shipping method configuration. The following info is for referential use only'),
	('Languages::text_shipping_rates_changed', 'Shipping rates were changed'),
	('Languages::text_ship_to_billing', 'Order will be delivered to the billing address'),
	('Languages::text_skrill_activate_quick_checkout_short_explanation', 'Skrill Merchant Tools enables you to take payments from credit cards, debit cards and over 60 other local payment options in over 200 countries. The highly competitive rates for this service are published on the Skrill website at www.skrill.com.'),
	('Languages::text_skrill_activate_quick_checkout_short_explanation_1', 'You have sent a request for activation on the [date]. Please be aware that the verification process to use Skrill Merchant Tools could take up to 72 hours. You will be contacted by Skrill when the verification process has been completed.'),
	('Languages::text_skrill_activate_quick_checkout_short_explanation_2', 'After activation Skrill will grant you access to a new section in your Skrill Account called Merchant Tools. There please choose a secret word (NOT the same as your password) and enter it in the section below to connect to Skrill. The secret word is the last step of your activation process and encrypts your payments securely. After successful submission you will be ready to use all the direct payment options of Skrill.'),
	('Languages::text_skrill_currs_notice', 'If you selected a currency that is not the base one in your store, please make sure that it has the correct <a href="http://en.wikipedia.org/wiki/ISO_4217">ISO 4217 code</a> on the <a href="[link]">currencies</a> page.'),
	('Languages::text_skrill_email_is_not_registered', 'Specified email address is not registered in Skrill.'),
	('Languages::text_skrill_email_is_registered', 'Specified email address is registered in Skrill.'),
	('Languages::text_skrill_empty_input_data', 'Some of the fields required for Quick Checkout activation are missing. Please check.'),
	('Languages::text_skrill_logo_notice', 'If your HTTPS server is not set up, the logo will be passed by the HTTP protocol and users will see the "Connection Partially Encrypted" warning on the Skrill page.'),
	('Languages::text_skrill_notice', 'To gain access to the international payment network of Skrill, please register <a href="[register_url]" target="_blank">here</a> for a free account if you do not have one yet.'),
	('Languages::text_skrill_payment_is_not_saved', 'In order to use this feature, please save the payment method first.'),
	('Languages::text_skrill_secred_word_notice', 'The secret word must be in lower case without special characters and at least 10 digits long.'),
	('Languages::text_skrill_secret_word_is_correct', 'Specified secret word is correct.'),
	('Languages::text_skrill_secret_word_is_incorrect', 'Your secret word is incorrect. Please choose your secret word in the Merchant Tools section of your Skrill Account and then enter it here.'),
	('Languages::text_skrill_support', '<b>Support:</b> <br /><br /> Do you have questions?<br /> Contact Skrill on <a href="mailto:">ecommerce@skrill.com</a> or by phone +44 (0) 870 383 0762.<br />'),
	('Languages::text_status_is_float', 'You cannot use time interval for the "Status" parameter because this parameter is time dependent.'),
	('Languages::text_storage_changed', 'Storage changed successfully'),
	('Languages::text_store_mode_changed_to_free', '<p>The 30-day trial period is over. Your store has been automatically switched to the <strong>Free mode</strong>.<p>	<p>Note that only basic set of eCommerce tools is available in the Free mode.<p>	<p>In order to use the use software in the Full mode, you must purchase the full commercial license and enter the license key on the <a class="cm-dialog-opener \ncm-dialog-auto-size" data-ca-target-id="store_mode_dialog">Licensing mode</a> page in.<p>'),
	('Languages::text_store_mode_changed_to_full', '<strong>Full mode</strong> has been activated. In this mode, all the advanced eCommerce features are available.'),
	('Languages::text_store_mode_closed', 'The store was <b>closed</b>'),
	('Languages::text_store_mode_free', 'Some features are unavailable. No time restrictions implied, license number is not required.<br /><br />This mode can be activated at any time.<br /><br />'),
	('Languages::text_store_mode_full', 'Full unrestricted access to all features. Enter a valid license number to activate.<br /><br />This mode can be activated at any time.<br /><br />'),
	('Languages::text_store_mode_opened', 'The store was <b>opened</b>'),
	('Languages::text_store_mode_trial', 'Full access to all features during the 30-day trial period, starting from the time of activation.<br /><br />After the 30-day trial period is over, this mode will become unavailable, and the Free mode will be activated automatically.<br /><br />'),
	('Languages::text_tax_applied', 'The tax <b>[tax]</b> has been applied to all products'),
	('Languages::text_tax_unset', 'The tax <b>[tax]</b> has been removed from all products'),
	('Languages::text_template_changed', 'Your changes have not been saved.Press OK to save changes or Cancel to discard them.'),
	('Languages::text_thaiepay_notice', '<p>Please set the following values in the Thaiepay merchant settings:</p><p>Return Url: <b>[return_url]</b></p><p>Status: <b>Yes (it is important!)</b></p><p>Post Back Url: <b>[postback_url]</b></p><p>Main Parameter: <b>"total" must be checked</b> - it will increase the security of transactions</p><p>Additional Parameter: it is obligatory for successful processing of transactions. For example, you can set <b>name=completed</b> and <b>value=some_secret_word</b>. Copy these values to these form fields: "Additional parameter Name" and "Additional parameter Value".</p>'),
	('Languages::text_thumbnail_manual_loading', 'Thumbnails will be generated from detailed images automatically, but you can also <a id="[id]" class="[class]">upload them manually.</a>'),
	('Languages::text_tinymce', 'TinyMCE'),
	('Languages::text_topmenu_more', 'More [item] <i class="text-arrow">&rarr;</i>'),
	('Languages::text_topmenu_view_more', 'View more <i class="text-arrow">&rarr;</i>'),
	('Languages::text_totalweb_notice', 'Total Web Solutions Pay Page Notice'),
	('Languages::text_track_instructions_sent', 'Access instructions were sent to your e-mail address.'),
	('Languages::text_track_request', 'You requested information on the orders you placed in our store.'),
	('Languages::text_track_view_all_orders', 'To view all your orders, please follow this link:'),
	('Languages::text_track_view_order', 'To view order #[order] please open this link:'),
	('Languages::text_transaction_cancelled', 'Transaction was canceled by the customer'),
	('Languages::text_transaction_declined', 'Transaction was declined by the payment processor or was canceled by the customer'),
	('Languages::text_uc_another_update_process_running', 'Possibly another upgrade process is running.<br />Please wait until it is finished.<br />If the process has finished with an error, you can remove the file [filename] and try to restart the upgrade.<br /><a href="[url]">Remove the lock file and restart the upgrade</a>'),
	('Languages::text_uc_backup_database', 'The following database tables have been backed up'),
	('Languages::text_uc_backup_files', 'The following files have been backed up'),
	('Languages::text_uc_broken_package', 'The upgrade package seems to be broken. Please try to download it again'),
	('Languages::text_uc_cannot_lock_upgrade_process', 'Failed to disable upgrade process launching'),
	('Languages::text_uc_cant_download_package', 'Cannot download the upgrade package'),
	('Languages::text_uc_changed_files', 'These files have local modifications and will be backed up; resolve the conflicts after the upgrade is complete.'),
	('Languages::text_uc_check_ok', 'Your [product] version has been checked successfully. It is ready for upgrade.'),
	('Languages::\ntext_uc_conflicts', 'The following files had local modifications'),
	('Languages::text_uc_db_right_needed', 'Not enough permissions to update database. Please assign the following privileges to your database user [db_user]: [priviliges].'),
	('Languages::text_uc_emergency_restore', 'Attention! Please copy and save the URL below - you can use it to restore your store if upgrade fails.<br /><b>[href]</b>'),
	('Languages::text_uc_failed_to_backup_tables', 'The database tables have not been backed up'),
	('Languages::text_uc_failed_to_create_directory', 'Failed to create a new directory'),
	('Languages::text_uc_failed_to_ftp_copy', 'FTP transfer failed'),
	('Languages::text_uc_ftp_cart_directory_not_found', 'The software was not found in the specified directory'),
	('Languages::text_uc_ftp_connection_failed', 'FTP connection failed'),
	('Languages::text_uc_ftp_connect_failed', 'Cannot connect to FTP server. Please check if the host name is correct'),
	('Languages::text_uc_ftp_login_failed', 'Cannot log in to FTP server. Please check if username and password are correct'),
	('Languages::text_uc_ftp_needed', 'FTP credentials to access the files and set proper permissions automatically'),
	('Languages::text_uc_has_conflicts', 'Some of your files had local modifications. You can check them by clicking the following link'),
	('Languages::text_uc_incorrect_upgrade_path', 'Wrong path to upgrade files'),
	('Languages::text_uc_license_number_required', 'Please enter your [product] license number'),
	('Languages::text_uc_list_of_updates_missing', 'List of upgrades is missing'),
	('Languages::text_uc_non_writable_files', 'These files require write permissions set (manually or automatically via FTP)'),
	('Languages::text_uc_no_enough_space_to_backup_database', 'Insufficient disk space to back up the database'),
	('Languages::text_uc_no_ftp_module', 'It seems that no FTP module is installed on your server. You cannot use FTP until this module is installed'),
	('Languages::text_uc_unable_to_create_upgrade_folder', 'Failed to create an upgrade folder'),
	('Languages::text_uc_unable_to_parse_uc_xml', 'Failed to parse the upgrade process descriptor uc.xml'),
	('Languages::text_uc_unable_to_remove_file', 'Failed to remove the file'),
	('Languages::text_uc_unable_to_remove_packages_xml', 'Failed to remove the upgrade descriptor packages.xml'),
	('Languages::text_uc_unable_to_remove_upgrade_lock', 'Failed to remove the upgrade lock file. Please remove the [file] file.'),
	('Languages::text_uc_unable_to_update_list_of_installed_upgrades', 'Failed to update the list of installed upgrades'),
	('Languages::text_uc_upgrade_completed', '<p>Your store has been upgraded successfully.</p>'),
	('Languages::text_uc_upgrade_completed_check_and_open', '<p>Your store was closed during the upgrading procedure. We recommend you to check the work of the store after the upgrade and only then open it.</p><p>You can open the store by unchecking the Close storefront setting under Settings → General.</p>'),
	('Languages::text_uc_upgrade_completed_with_errors', '<p>Errors occurred during the upgrade.</p><p>You can contact <a href="[href]">support team</a> for assistance.</p><p>You can <a href="[restore_link]">restore</a> the previous store version.</p>'),
	('Languages::text_uc_upgrade_log_file_not_writable', 'Upgrade log file is not writable'),
	('Languages::text_uc_upgrade_needed', 'You need to upgrade to version <b>[to_version]</b> before applying this upgrade package (your version is <b>[your_version]</b>).'),
	('Languages::text_uc_upgrade_not_selected', 'No upgrade package is selected'),
	('Languages::text_uc_upgrade_reverted', 'The upgrade has been reverted successfully'),
	('Languages::text_ult_product_store_field_tooltip', 'Product owner. Only product owner can edit all fields in shared products.'),
	('Languages::text_unable_to_parse_xml', 'Failed to parse XML structure'),
	('Languages::text_unsupported_currency', 'The currency which is not supported by the payment system is used on the website. Please contact the store administrator regarding this issue.'),
	('Languages::text_upgrade_available', 'A new version of [product] is available. If you want to \nupgrade to the latest version now, click <a href="[link]">here</a>.'),
	('Languages::text_usergroup_activated', 'The user group level you requested has been activated'),
	('Languages::text_usergroup_disactivated', 'Your user group level has been deactivated. Please contact us for more information.'),
	('Languages::text_usergroup_request', 'Customer requested user group.'),
	('Languages::text_worldpay_notice', 'Configure your WorldPay account before using the payment.<br /><br />Go to the WorldPay administration page and switch to the Installation section.<br /><br />Fill the fields as follows:<br /><br />Payment Response URL: <b>[return_url]</b><br />Payment Response Password: <b>Make up a secret word.</b> The same word must be entered in the respective field below<br />MD5 secret for transactions: <b>Make up a secret word.</b> The same word must be entered in the respective field below<br />SignatureFields: <b>instId:amount:currency:cartId</b>'),
	('Languages::text_zipcodes_wildcards', 'You are able to use wildcards in this field:<br /><b>\'?\'</b> - any single character;<b>\'*\'</b> - any number of characters.<br /><br /><u>Example:</u><br /><b>98?78</b> &nbsp;&nbsp;(corresponds to 98878, 98378, 98978, etc)<br /><b>12*</b>&nbsp;&nbsp; (corresponds to 12345, 12876, 12098, etc..)'),
	('Languages::theme', 'Theme'),
	('Languages::themes', 'Themes'),
	('Languages::theme_directory', 'Theme directory'),
	('Languages::theme_editor', 'Theme editor'),
	('Languages::theme_editor.background', 'Background'),
	('Languages::theme_editor.backgrounds', 'Backgrounds'),
	('Languages::theme_editor.background_color', 'Background color'),
	('Languages::theme_editor.base_color', 'Base'),
	('Languages::theme_editor.body_font', 'Body'),
	('Languages::theme_editor.browse', 'Browse'),
	('Languages::theme_editor.buttons_font', 'Buttons'),
	('Languages::theme_editor.close', 'Close theme editor'),
	('Languages::theme_editor.colors', 'Colors'),
	('Languages::theme_editor.color_gen_algorithm', 'Colors combination'),
	('Languages::theme_editor.color_gen_analogic', 'Analogic'),
	('Languages::theme_editor.color_gen_base_color', 'Base color'),
	('Languages::theme_editor.color_gen_contrast', 'Contrast'),
	('Languages::theme_editor.color_gen_dark_pastel', 'Dark pastel'),
	('Languages::theme_editor.color_gen_default', 'Default'),
	('Languages::theme_editor.color_gen_light_pastel', 'Light pastel'),
	('Languages::theme_editor.color_gen_monochromatic', 'Monochromatic'),
	('Languages::theme_editor.color_gen_pale', 'Pale'),
	('Languages::theme_editor.color_gen_pastel', 'Pastel'),
	('Languages::theme_editor.color_gen_title', 'Generate colors'),
	('Languages::theme_editor.color_gen_triad', 'Triad'),
	('Languages::theme_editor.color_gen_variant', 'Variation'),
	('Languages::theme_editor.color_gen_vcontrast', 'Contrast'),
	('Languages::theme_editor.content_bg', 'Content'),
	('Languages::theme_editor.css', 'Custom CSS'),
	('Languages::theme_editor.customize', 'Customize'),
	('Languages::theme_editor.decorative_color', 'Decorative'),
	('Languages::theme_editor.discount_label', 'Discount label'),
	('Languages::theme_editor.error_style_exists', 'The style with this name is already exist. Please choose another one.'),
	('Languages::theme_editor.favicon', 'Favicon'),
	('Languages::theme_editor.favicon_size', 'Favicon size must be 16x16 px'),
	('Languages::theme_editor.fixed', 'Fixed'),
	('Languages::theme_editor.font', 'Font'),
	('Languages::theme_editor.fonts', 'Fonts'),
	('Languages::theme_editor.font_color', 'Font'),
	('Languages::theme_editor.footer', 'Footer'),
	('Languages::theme_editor.footer_text', 'Footer text'),
	('Languages::theme_editor.full_width', 'Full width'),
	('Languages::theme_editor.general', 'General'),
	('Languages::theme_editor.general_bg', 'General'),
	('Languages::theme_editor.gradient', 'Gradient'),
	('Languages::theme_editor.header', 'Header'),
	('Languages::theme_editor.headings_font', 'Headings'),
	('Languages::theme_editor.hide_show', 'Hide/show theme editor panel'),
	('Languages::theme_editor.incorrect_style_name', 'Style name can not contain the following characters: "/ # % ? * : ; { }  "'),
	('Languages::theme_editor.in_stock', 'In stock'),
	('Languages::theme_editor.links_font', 'Links'),
	('\nLanguages::theme_editor.link_color', 'Links'),
	('Languages::theme_editor.logos', 'Logos'),
	('Languages::theme_editor.mail', 'Mail'),
	('Languages::theme_editor.main', 'Main content'),
	('Languages::theme_editor.max_image_size', 'The image must not be bigger than 200 kB.'),
	('Languages::theme_editor.menu_color', 'Menu'),
	('Languages::theme_editor.menu_links_color', 'Menu links'),
	('Languages::theme_editor.middle_bg', 'Middle'),
	('Languages::theme_editor.no_repeat', 'No repeat'),
	('Languages::theme_editor.off', 'Off'),
	('Languages::theme_editor.on', 'On'),
	('Languages::theme_editor.out_of_stock', 'Out of stock'),
	('Languages::theme_editor.pattern', 'Pattern'),
	('Languages::theme_editor.position', 'Position'),
	('Languages::theme_editor.styles', 'Styles'),
	('Languages::theme_editor.style', 'Style'),
	('Languages::theme_editor.style_data_cannot_be_saved', 'Style data cannot be saved. You should set write permissions for <b>[theme_dir]</b> directory to fix this issue.'),
	('Languages::theme_editor.style_name', 'Style name'),
	('Languages::theme_editor.price', 'Price'),
	('Languages::theme_editor.price_font', 'Price tag'),
	('Languages::theme_editor.primary_button', 'Primary button'),
	('Languages::theme_editor.tertiary_button', 'Tertiary button'),
	('Languages::theme_editor.repeat', 'Repeat'),
	('Languages::theme_editor.repeat_x', 'Repeat x'),
	('Languages::theme_editor.repeat_y', 'Repeat y'),
	('Languages::theme_editor.reset_backgrounds', 'Reset backgrounds'),
	('Languages::theme_editor.reset_colors', 'Reset colors'),
	('Languages::theme_editor.reset_css', 'Reset CSS'),
	('Languages::theme_editor.reset_fonts', 'Reset fonts'),
	('Languages::theme_editor.reset_general', 'Reset general'),
	('Languages::theme_editor.reset_logos', 'Reset logos'),
	('Languages::theme_editor.rounded_corners', 'Rounded corners'),
	('Languages::theme_editor.scroll', 'Scroll'),
	('Languages::theme_editor.secondary_button', 'Secondary button'),
	('Languages::theme_editor.sidebar', 'Sidebar'),
	('Languages::theme_editor.text_align', 'Text alignment'),
	('Languages::theme_editor.text_close_editor', 'Are you sure to exit the theme editor?'),
	('Languages::theme_editor.text_close_editor_unsaved', 'You have unsaved changes. Are you sure to exit from theme editor?'),
	('Languages::theme_editor.text_reset_changes', 'All changes after last save will be reset'),
	('Languages::theme_editor.theme', 'Theme'),
	('Languages::theme_editor.top_panel', 'Top panel'),
	('Languages::theme_editor.top_panel_links', 'Top panel links'),
	('Languages::theme_editor.top_panel_text', 'Top panel text'),
	('Languages::theme_editor.transparent', 'Transparent'),
	('Languages::theme_editor.upload_image', 'Upload image'),
	('Languages::theme_editor.enable', 'Enable Theme editor'),
	('Languages::theme_editor.system_fonts', 'System fonts'),
	('Languages::theme_editor.popular_fonts', 'Popular fonts'),
	('Languages::theme_editor.other_fonts', 'Other fonts'),
	('Languages::theme_editor_mode', 'Theme editor mode'),
	('Languages::the_test_transaction', 'This is a TEST transaction'),
	('Languages::this_day', 'This day'),
	('Languages::this_month', 'This month'),
	('Languages::this_week', 'This week'),
	('Languages::this_year', 'This year'),
	('Languages::ths_sign', 'Ths sign'),
	('Languages::thumb', 'Thumbnail'),
	('Languages::thumbnail', 'Thumbnail'),
	('Languages::thumbnails', 'Thumbnails'),
	('Languages::thumbnails_removed', 'Thumbnails have been removed'),
	('Languages::thumbnail_width', 'Thumbnail width in scroller'),
	('Languages::tier_account', 'tier account'),
	('Languages::time', 'Time'),
	('Languages::timeout', 'Timeout'),
	('Languages::Timestamp', 'Timestamp'),
	('Languages::time_interval', 'Time interval'),
	('Languages::time_unlimited_download', 'Time-unlimited download'),
	('Languages::title', 'Title'),
	('Languages::tmpl_copyright', 'Copyright information'),
	('Languages::tmpl_logo', 'Store logo'),
	('Languages::tmpl_payment_icons', 'Payment systems icons'),
	('Languages::tmpl_quick_links', 'Quick links'),
	('Languages::tmpl_search', 'Search field'),
	('Languages::to', 'TO'),
	('Languages::today', 'Today'),
	('Languages::tools', 'Tools'),
	('Languages::tools_addons_addons_count', 'Addons count'),
	('Languages::tools_addons_current_state', 'Current state'),
	('Languages::tools_addons_no_addons', '\nNo addons'),
	('Languages::tools_addons_no_third_party_addons', 'No third party addons'),
	('Languages::tools_addons_restore_defaults', 'Restore defaults'),
	('Languages::tooltip', 'Tooltip'),
	('Languages::top_container_not_used', 'This container is NOT used. Top panel container from the default location will be used instead. Set this location as default to use this container as top panel for all locations.'),
	('Languages::top_panel', 'Top panel'),
	('Languages::total', 'Total'),
	('Languages::totally_paid', 'Total paid'),
	('Languages::totals', 'Totals'),
	('Languages::total_amount', 'Total amount'),
	('Languages::total_cost', 'Total cost'),
	('Languages::total_items', 'Total items'),
	('Languages::total_price', 'Total price'),
	('Languages::total_product_cost', 'Total product cost'),
	('Languages::total_results', 'Total results'),
	('Languages::to_all_subcats', 'Apply to all subcategories'),
	('Languages::to_date', 'Date through'),
	('Languages::to_fixed', 'to fixed amount'),
	('Languages::to_percentage', 'to percentage of the original price'),
	('Languages::tpe', 'TPE'),
	('Languages::track', 'Track'),
	('Languages::tracking_num', 'tracking #'),
	('Languages::tracking_number', 'Tracking number'),
	('Languages::tracks', 'Identifier'),
	('Languages::track_my_order', 'Track my order(s)'),
	('Languages::track_orders', 'Track orders'),
	('Languages::track_request_subj', 'Order tracking'),
	('Languages::track_without_options', 'Track without options'),
	('Languages::track_with_options', 'Track with options'),
	('Languages::TransactionDateTime', 'TransactionDateTime'),
	('Languages::transaction_approved', 'Transaction approved'),
	('Languages::transaction_cancelled', 'Transaction was canceled'),
	('Languages::transaction_declined', 'Transaction declined'),
	('Languages::transaction_id', 'Transaction ID'),
	('Languages::transaction_datetime', 'Transaction date'),
	('Languages::transaction_key', 'Transaction key'),
	('Languages::transaction_password', 'Transaction password'),
	('Languages::transaction_type', 'Transaction type'),
	('Languages::transaction_url', 'Transaction URL'),
	('Languages::translate', 'Translate'),
	('Languages::translations', 'Translations'),
	('Languages::translation_mode', 'Translation mode'),
	('Languages::tree', 'Tree'),
	('Languages::trial', 'Trial'),
	('Languages::trial_mode_mve_disabled', 'Trial mode is not available anymore since you have a valid license activated for this installation'),
	('Languages::trial_mode_ult_disabled', 'Trial mode cannot be activated'),
	('Languages::trial_notice', 'Your store is in the Trial mode.<br /><br />When the 30-day trial period is over, the Free mode will be activated automatically.<br /><br />In order to keep the full access to all features after the trial period is over and permanently dismiss this message, purchase a license and <a class="cm-dialog-opener cm-dialog-auto-size" data-ca-target-id="store_mode_dialog">activate the Full mode</a>.'),
	('Languages::true', 'True'),
	('Languages::ttc_clean_up_all_locations_on_import', 'Delete all existing locations before importing locations from the file'),
	('Languages::ttc_page_title', 'Page title displayed on a browser panel.'),
	('Languages::ttc_popularity', 'Product popularity rating based on how many times the storefront has been viewed, number of additions to cart and number of purchases.'),
	('Languages::ttc_storefront_url', 'All the storefronts domain names must be associated with the same IP-address. Note: Switch to "All stores" to edit'),
	('Languages::ttc_usergroups', 'At least one item should be selected'),
	('Languages::tts_activate_menu_tab_for', 'The menu item will be shown activated for the specified dispatch.'),
	('Languages::tts_generate_submenu', 'The submenu will include child elements of the selected object.'),
	('Languages::tts_link_text', 'Target URL. May be an external URL, an inner store URL or a dispatch.'),
	('Languages::tt_views_block_manager_update_block_override_by_this', 'If you save the block with this option checked, the current block content value will override the content of this block everywhere it is used in the cart'),
	('Languages::tt_views_block_manager_update_block_width', 'Block width works for blocks located in the group having \nhorizontal direction, for other cases this parameter does not work.'),
	('Languages::tt_views_block_manager_update_location_default', 'One location must be picked as default. Its Top and Bottom containers will be used in all locations.'),
	('Languages::tt_views_cart_components_carts_search_form_online_only', 'If enabled, search results include only users who are online at the moment.'),
	('Languages::tt_views_categories_update_product_details_layout', 'By default, the template that is defined in the appearance settings of the storefront is used'),
	('Languages::tt_views_currencies_update_after_sum', 'If enabled, the symbol of the currency is shown after the sum.'),
	('Languages::tt_views_currencies_update_decimals', 'Number of digits after the decimal sign.'),
	('Languages::tt_views_currencies_update_dec_sign', 'Decimal separator.'),
	('Languages::tt_views_currencies_update_ths_sign', 'Thousand separator.'),
	('Languages::tt_views_database_manage_backup_data', 'If enabled, the database backup file includes the actual table data.'),
	('Languages::tt_views_database_manage_backup_schema', 'If enabled, the database backup file keeps the table structure.'),
	('Languages::tt_views_exim_export_output', 'Choose an action on the file: "Direct download" - to save the file on the local computer, "Screen" - to display the file\'s contents, "Server" - to save the file on the server file system.'),
	('Languages::tt_views_languages_manage_language_code', 'Two-letter code of the language.'),
	('Languages::tt_views_languages_update_country', 'The flag of this country will be used as language icon.'),
	('Languages::tt_views_orders_components_orders_search_form_customer_files', 'If enabled, the search results will contain the orders for which customers loaded their own files.'),
	('Languages::tt_views_payments_update_surcharge_title', 'Leave empty to use the \'Payment surcharge\' as a title'),
	('Languages::tt_views_payments_update_template', 'Template responsible for displaying supplementary fields for the payment method.'),
	('Languages::tt_views_products_components_products_shipping_settings_items_in_box', 'Use this field to define the minimum and maximum number of product items to be shipped in a separate box. Enter a non-zero value and specify the box dimensions below.'),
	('Languages::tt_views_products_components_products_shipping_settings_weight', 'Non-downloadable products with zero weight are handled as having minimal possible non-zero weight'),
	('Languages::tt_views_products_update_categories', 'Please select a category to be displayed in breadcrumbs.'),
	('Languages::tt_views_products_update_inventory', 'Inventory is available for editing only when the \'Enable inventory tracking\' option is enabled'),
	('Languages::tt_views_products_update_list_price', 'Manufacturer suggested retail price.'),
	('Languages::tt_views_products_update_out_of_stock_actions', 'Note that the \'Buy in advance\' option requires a positive product amount while the \'Sign up for notification\' option requires a non-positive amount. Also note that the \'Sign up for notification\' option is not applied to products tracked with options.'),
	('Languages::tt_views_products_update_product_details_layout', 'By default, the template that is defined in the settings of the main product category is used'),
	('Languages::tt_views_product_features_update_feature_display_on_catalog', 'If enabled, the product feature is displayed on catalog pages (product list pages)'),
	('Languages::tt_views_product_features_update_feature_display_on_header', 'If enabled, the feature is shown under the product header'),
	('Languages::tt_views_product_features_update_feature_display_on_product', 'If enabled, the product feature is displayed on the product details page in the storefront'),
	('Languages::tt_views_product_features_update_prefix', 'An affix that precedes the product feature.'),
	('Languages::tt_views_product_features_update_suffix', 'An affix that follows the product feature.'),
	('Languages::tt_views_product_filters_update_display_more_variants_count', 'The remaining variants will be displayed on the separate page.'),
	('Languages::tt_views_product_\nfilters_update_display_variants_count', 'The remaining variants will be hidden behind the "more" link.'),
	('Languages::tt_views_product_options_update_incorrect_filling_message', 'Message that is displayed if the entered data is incorrect.'),
	('Languages::tt_views_product_options_update_inner_hint', 'A note that indicates the value to be entered.'),
	('Languages::tt_views_product_options_update_inventory', 'If enabled, the option is taken into account when forming the product inventory.'),
	('Languages::tt_views_product_options_update_regexp', 'Regular expression specifying a pattern to match.'),
	('Languages::tt_views_product_options_update_required', 'If enabled, the option is mandatory to fill in.'),
	('Languages::tt_views_promotions_update_stop_other_rules', 'If enabled, the other promotions are not applied.'),
	('Languages::tt_views_sales_reports_table_time_interval', 'Periods to analyze (day, week, month, year).'),
	('Languages::tt_views_sales_reports_update_table_dependence', 'Parameter to select values by. It should correspond with the values to display (e.g. Products costs - Total cost or Number of products - Number of items).'),
	('Languages::tt_views_sales_reports_update_table_limit', 'Max number of chart components.'),
	('Languages::tt_views_site_layout_logos_alt_text', 'Leave empty to use company name as alternative text.'),
	('Languages::tt_views_storage_cdn_cname', 'Domain name that you want to use instead of the CloudFront domain name for the URLs for your files. You also need to create a CNAME record with your DNS service to route queries to CloudFront host (it will be displayed on this page after you enter account information).'),
	('Languages::tt_views_storage_cdn_key', 'AWS Access Key ID. See <a href="http://amzn.to/14FZLi3" target="_blank">http://amzn.to/14FZLi3</a> to learn how to get key and secret key.'),
	('Languages::tt_views_taxes_update_regnumber', 'Registration number of this tax in the store.'),
	('Languages::turkish', 'Turkish'),
	('Languages::type', 'Type'),
	('Languages::type_comments_here', 'You can leave us a comment here'),
	('Languages::uc_ok', 'OK'),
	('Languages::uk_cookies_law', 'Cookies are used on this site to provide the best user experience. If you continue, we assume that you agree to receive cookies from this site. <span class="button button-wrap-left"><span class="button button-wrap-right"><a rel="nofollow" href="[url]">OK</a></span></span>'),
	('Languages::ult_share_users_setting_disabled', 'The setting value can not be changed as identical email addresses are registered in your store.'),
	('Languages::unable_delete_vendor_orders_exists', 'Unable to delete this store because there are orders containing the products of this company in the store database. To delete the account, please delete all such orders first.'),
	('Languages::unable_to_assign_usergroup', 'Unable to assign the usergroup. Please contact the shop administrator.'),
	('Languages::unable_to_check_license', 'Unable to check your license number'),
	('Languages::unable_to_delete_setting_description', 'Unable to delete setting description: [reason]'),
	('Languages::unable_to_delete_setting_variant', 'Unable to delete setting_variant: [reason]'),
	('Languages::unable_to_read_resource', 'Unable to read resource: [file]'),
	('Languages::unable_to_update_setting_description', 'Unable to set description: [reason]'),
	('Languages::unable_to_update_setting_value', 'Unable to set value: [reason]'),
	('Languages::unable_to_unpack_file', 'Unable to decompress file'),
	('Languages::ungroupped_features', 'Ungrouped features'),
	('Languages::uninstall', 'Uninstall'),
	('Languages::unique_html_block', 'Unique HTML block'),
	('Languages::unit', 'Unit'),
	('Languages::united_kingdom', 'United Kingdom'),
	('Languages::unit_price', 'Unit price'),
	('Languages::unknown', 'Unknown'),
	('Languages::unknown_server_response', 'Unknown server response'),
	('Languages::unmark', 'Unmark'),
	('Languages::unregistered_customer', 'Unregistered customer'),
	('Languages::unselect_all', 'Unselect all'),
	('Languages::unset_tax_to_products', 'Remove selected taxes from all products'),
	('Languages::unsubscribe', 'Unsubscribe'),
	('Languages::up', 'Up'),
	('\nLanguages::update', 'Update'),
	('Languages::update_categories', 'Update categories'),
	('Languages::update_customer_info', 'Update customer information'),
	('Languages::update_for_all_act', 'New value will be saved for ALL stores which share this item. Click to save it only for the owner-store.'),
	('Languages::update_for_all_dis', 'New value will be saved ONLY for the owner-store. Click to save it for all stores which share this item.'),
	('Languages::update_for_all_hid_act', 'Click to cancel field update.'),
	('Languages::update_for_all_hid_dis', 'Click to enter a new field value to update in all stores when saving item.'),
	('Languages::update_group', 'Update group'),
	('Languages::update_period_expired', '<p class="text-error">Your upgrade subscription has expired, so this software upgrade cannot be installed. You can prolongate your subscription in the <a href="[url]">Customer Help Desk</a>.</p><p>Please note that it is not mandatory: you can continue using this software with no limitation even without an upgrade subscription.</p>'),
	('Languages::update_products', 'Update products'),
	('Languages::update_profile', 'Update profile'),
	('Languages::update_profile_notification', 'Your profile has been updated.'),
	('Languages::update_profile_notification_header', 'Your profile has been updated'),
	('Languages::update_status', 'Update status'),
	('Languages::update_text', 'Update text'),
	('Languages::updating', 'Updating'),
	('Languages::updating_links', 'Updating links'),
	('Languages::upgrade', 'Upgrade'),
	('Languages::upgrade_center', 'Upgrade center'),
	('Languages::upgrade_center.filehash_check_failed', 'Upgrade is impossible due to file integrity check error. Please contact the technical support team.'),
	('Languages::upgrade_center.upgrades_are_not_available_in_trial', 'Upgrades are available only in <strong>Full</strong> and <strong>Free</strong> licensing modes.<br /><br />The licensing mode can be changed under Settings → <a class="cm-dialog-opener cm-dialog-auto-size" data-ca-target-id="store_mode_dialog">Licensing mode</a>.'),
	('Languages::upgrade_flash_player', 'You need to upgrade your Flash Player'),
	('Languages::upgrade_is_not_avail', '<p class="text-error">This upgrade is not available for your [product] license. Please contact our <a href="[href]">support team</a> to update your license status.</p>'),
	('Languages::upload', 'Upload'),
	('Languages::upload_install', 'Upload & install'),
	('Languages::upload_another_file', 'Upload another file'),
	('Languages::upload_file', 'Upload file'),
	('Languages::ups', 'United Parcel Service'),
	('Languages::url', 'URL'),
	('Languages::user', 'User'),
	('Languages::usergroup', 'User group'),
	('Languages::usergroups', 'User groups'),
	('Languages::usergroups_menu_description', 'List of user groups that exist in your store.'),
	('Languages::usergroup_activated', 'User group has been activated'),
	('Languages::usergroup_disactivated', 'User group has been deactivated'),
	('Languages::usergroup_privileges', 'User group privileges'),
	('Languages::usergroup_request_by_customer', 'User group request by customer'),
	('Languages::username', 'Username'),
	('Languages::users', 'Users'),
	('Languages::users_carts', 'Abandoned / Live carts'),
	('Languages::users_carts_menu_description', 'Lists of products that have not been purchased for some reason.'),
	('Languages::users_menu_description', 'Manage user accounts that are registered at your store.'),
	('Languages::user_type', 'User type'),
	('Languages::user_account_info', 'User account information'),
	('Languages::user_account_information', 'User account information'),
	('Languages::user_cannot_be_deleted', 'Sorry, user with id [user_id] can not be deleted.'),
	('Languages::user_class', 'User-defined CSS-class'),
	('Languages::user_data_required', 'Please select a customer or enter data'),
	('Languages::user_details_page', 'User details page'),
	('Languages::user_group_requests', 'User group requests'),
	('Languages::user_id', 'User ID'),
	('Languages::user_info', 'User information'),
	('Languages::user_pin', 'User PIN'),
	('Languages::user_profile_info', 'User profile information'),
	('Languages::user_settings', 'User settings'),
	('Languages::use_avail_period', 'Use \navailable period'),
	('Languages::use_cardinal', 'Use Cardinal Centinel&reg; for 3-D Secure Payer Authentication'),
	('Languages::use_coupons_commission', 'Coupon commission'),
	('Languages::use_current_link', 'Use the current page link'),
	('Languages::use_custom_view', 'Use custom view'),
	('Languages::use_custom_weight_settings', 'Use custom weight settings'),
	('Languages::use_existing_block', 'Use Existing Block'),
	('Languages::use_existing_store', 'Copy existing store configuration'),
	('Languages::use_negotiated_rates', 'Use negotiated rates'),
	('Languages::use_new_sha_method', 'Use new SHA signature policy'),
	('Languages::usps', 'U.S Postal Service'),
	('Languages::usps_package_size_large', 'Large'),
	('Languages::usps_package_size_regular', 'Regular'),
	('Languages::usps_service_certificate_of_mailing', 'Certificate of mailing'),
	('Languages::usps_service_certificate_of_mailing_for_firm_mailing_books', 'Certificate of mailing for firm mailing books'),
	('Languages::usps_service_certificate_of_mailing_per_individual_article', 'Certificate of mailing per individual article'),
	('Languages::usps_service_certified', 'Certified'),
	('Languages::usps_service_collect_on_delivery', 'Collect on delivery'),
	('Languages::usps_service_delivery_confirmation', 'USPS Tracking/Delivery confirmation'),
	('Languages::usps_service_edelivery_confirmation', 'e-Delivery Confirmation'),
	('Languages::usps_service_express_mail_insurance', 'Express mail insurance'),
	('Languages::usps_service_insurance', 'Insurance'),
	('Languages::usps_service_pick_up_on_demand', 'Pick up on demand'),
	('Languages::usps_service_registered_mail', 'Registered mail'),
	('Languages::usps_service_registered_without_insurance', 'Registered without insurance'),
	('Languages::usps_service_registered_with_insurance', 'Registered with insurance'),
	('Languages::usps_service_return_receipt', 'Return receipt'),
	('Languages::usps_service_return_receipt_electronic', 'Return receipt electronic'),
	('Languages::usps_service_return_receipt_for_merchandise', 'Return receipt for merchandise'),
	('Languages::usps_service_signature_confirmation', 'Signature confirmation'),
	('Languages::usps_size', 'Please specify the package width, height and length for Priority mail, if Package Size is Large only.'),
	('Languages::valid', 'Period of validity'),
	('Languages::validate_email', 'Validate E-mail'),
	('Languages::validate_secret_word', 'Validate secret word'),
	('Languages::valid_thru', 'Valid thru (mm/yy)'),
	('Languages::value', 'Value'),
	('Languages::value_to_display', 'Value to display'),
	('Languages::variant', 'Variant'),
	('Languages::variants', 'Variants'),
	('Languages::variant_name', 'Variant name'),
	('Languages::vendor', 'Store'),
	('Languages::vendors', 'Stores'),
	('Languages::vendors_menu_description', 'Sorted list of company accounts registered in the store.'),
	('Languages::vendor_id', 'Store ID'),
	('Languages::vendor_name', 'Store name'),
	('Languages::vendor_pages', 'Store pages'),
	('Languages::version', 'Version'),
	('Languages::vertical', 'Vertical'),
	('Languages::very_good', 'Very Good'),
	('Languages::view', 'View'),
	('Languages::viewing_feature', 'Viewing feature'),
	('Languages::viewing_filter', 'Viewing filter'),
	('Languages::view_all', 'view all'),
	('Languages::view_all_orders', 'View all orders'),
	('Languages::view_all_product_features', 'View all product features'),
	('Languages::view_cart', 'View cart'),
	('Languages::view_categories', 'View categories'),
	('Languages::view_compare_list', 'Compare list'),
	('Languages::view_details', 'View details'),
	('Languages::view_orders', 'View orders'),
	('Languages::view_orders_menu_description', 'View, process and print invoices slips for orders placed from your web site.'),
	('Languages::view_page', 'View page'),
	('Languages::view_product', 'View product'),
	('Languages::view_products', 'View products'),
	('Languages::view_product_features', 'View product features'),
	('Languages::view_purchased_products', 'View purchased products'),
	('Languages::view_report', 'View report'),
	('Languages::view_results', 'View results'),
	('Languages::view_storefront', 'View STOREFRONT'),
	('Languages::view_vendor_categories', 'View store categories'),
	('Languages::view_vendor_orders', 'View store orders'),
	('\nLanguages::view_vendor_products', 'View store products'),
	('Languages::view_vendor_users', 'View store users'),
	('Languages::visa_card_discover', 'Visa, MasterCard, Discover'),
	('Languages::visited_page', 'Visited page'),
	('Languages::voided', 'Voided'),
	('Languages::warning', 'Warning'),
	('Languages::warning_default_language_disabled', 'The default language defined in your settings has been disabled or deleted. Please update the Frontend default language value on the following page: <a href="[link]">Settings :: Appearance</a>'),
	('Languages::default_language_status', 'Status of the Default language cannot be changed'),
	('Languages::default_currency_status', 'Status of the Primary currency cannot be changed'),
	('Languages::warning_https_disabled', 'The secure connection check has failed. Please check HTTPS settings in the "config.php" file and make sure that SSL certificate is installed on your server.'),
	('Languages::warning_insecure_admin_script', 'It is strongly recommended that you rename the default <b>admin.php</b> script (check the <a href="[href]" target="_blank">Knowledge base</a>) for security reasons.'),
	('Languages::warning_insecure_password', 'The password must be different from the username! <p><a href="[link]" class="underlined"><b>Change password &#155;&#155;</b></a></p>'),
	('Languages::warning_insecure_password_email', 'The password must be different from the E-mail! <p><a href="[link]" class="underlined"><b>Change password &#155;&#155;</b></a></p>'),
	('Languages::warning_lanvar_incorrect_name', 'Language variable name contains unsupported characters!'),
	('Languages::warning_not_deleted_default_language', 'The [lang_name] language cannot be deleted because it is the default store language'),
	('Languages::warning_promotions_incorrect_condition', 'The "[condition]" condition can be used in groups with "[set_value]" conditions only.'),
	('Languages::warning_store_optimization_dev', 'Auto cache update enabled.<br /><br />Modified files are tracked in real time (including the files modified directly on server) and re-cached.<br /><br />Store performance may be slightly affected. Recommended to disable on production in the <a href="[link]">Themes</a>.'),
	('Languages::warning_store_optimization_dev_disabled', 'Auto cache update disabled.<br /><br />Clear compiled templates manually after modifying the theme files by following <a href="[link]">this link</a> to apply the changes.'),
	('Languages::warning_subscr_email_exists', '<b>[email]</b> is already in the subscribers list'),
	('Languages::warning_theme_clone_dir_exists', 'Can not clone theme, because directory you entered is already exist. Please enter another one.'),
	('Languages::warning_track_orders_not_allowed', 'You are not allowed to view the details of this order.'),
	('Languages::warning_track_orders_not_found', 'The E-mail/Order ID you entered doesn\'t exist'),
	('Languages::warning_variants_removal', 'Clicking on Save will remove product feature values.'),
	('Languages::website', 'Website'),
	('Languages::web_pages', 'Web pages'),
	('Languages::web_site', 'Website'),
	('Languages::week', 'Week'),
	('Languages::weekday_0', 'Sunday'),
	('Languages::weekday_1', 'Monday'),
	('Languages::weekday_2', 'Tuesday'),
	('Languages::weekday_3', 'Wednesday'),
	('Languages::weekday_4', 'Thursday'),
	('Languages::weekday_5', 'Friday'),
	('Languages::weekday_6', 'Saturday'),
	('Languages::weekday_abr_0', 'Sun'),
	('Languages::weekday_abr_1', 'Mon'),
	('Languages::weekday_abr_2', 'Tue'),
	('Languages::weekday_abr_3', 'Wed'),
	('Languages::weekday_abr_4', 'Thu'),
	('Languages::weekday_abr_5', 'Fri'),
	('Languages::weekday_abr_6', 'Sat'),
	('Languages::weeks', 'week(s)'),
	('Languages::weight', 'Weight'),
	('Languages::weight_dependences', 'Weight dependencies'),
	('Languages::weight_limit', 'Weight limit'),
	('Languages::weight_modifier', 'Weight modifier'),
	('Languages::weight_symbol', 'Weight symbol'),
	('Languages::well_done', 'Well done!'),
	('Languages::what_is_cvv2', 'What is CVV/CVC'),
	('Languages::widget_code', 'Widget code'),
	('Languages::width', 'Width'),
	('Languages::without_image', 'Without image'),
	('Languages::with_contact_information', 'With contact information \nonly'),
	('Languages::world', 'World'),
	('Languages::worldnettps_hash_error', 'An error occurred. Error details: Request and Response hash do not match.'),
	('Languages::worldpay_secret', 'MD5 secret for transactions'),
	('Languages::wrapper', 'Wrapper'),
	('Languages::write', 'Write'),
	('Languages::year', 'Year'),
	('Languages::yes', 'Yes'),
	('Languages::yesterday', 'Yesterday'),
	('Languages::your_message', 'Your message'),
	('Languages::your_name', 'Your name'),
	('Languages::your_range', 'Your range'),
	('Languages::you_have_no_permissions', 'You have no permissions'),
	('Languages::you_save', 'You save'),
	('Languages::zero_price_action', 'Zero price action'),
	('Languages::zipcodes', 'Zip/Postal codes'),
	('Languages::zip_postal_code', 'Zip/postal code'),
	('Languages::zone', 'Zone'),
	('Languages::zpa_ask_price', 'Ask customer to enter the price'),
	('Languages::zpa_permit', 'Allow customers to add the product to cart'),
	('Languages::zpa_refuse', 'Do not allow customers to add the product to cart'),
	('Languages::po_file', 'Choose a file in the PO or ZIP format'),
	('Languages::text_free_mode_activated', 'You have switched your store to the Free mode.<br><br>Note that in this mode some features (e.g. certain add-ons) are unavailable.'),
	('Languages::hidden_categories', 'Hidden categories'),
	('Languages::clone_categories', 'Copy categories'),
	('Languages::clone_layouts', 'Copy layouts'),
	('Languages::clone_pages', 'Share pages'),
	('Languages::clone_payments', 'Share payment methods'),
	('Languages::clone_products', 'Share products'),
	('Languages::clone_product_features', 'Share product features'),
	('Languages::clone_product_filters', 'Share product filters'),
	('Languages::clone_profile_fields', 'Share profile fields'),
	('Languages::clone_promotions', 'Share promotions'),
	('Languages::clone_settings', 'Copy settings'),
	('Languages::clone_shippings', 'Share shipping methods'),
	('Languages::clone_sitemap', 'Copy sitemap'),
	('Languages::clone_static_data_clone', 'Copy menus'),
	('Languages::text_uc_failed_to_decompress_files', 'Failed to extract files from the archive'),
	('Languages::development', 'Development'),
	('Languages::check_po_file', 'PO-file contains syntax errors or incorrect structure. Please re-check it and upload again.'),
	('Languages::product_option_delimiter', 'Option delimiter'),
	('Languages::text_product_option_delimiter', 'Delimiter for product options within an option combination (e.g. "Color: Red, Size: Small")'),
	('Languages::upload_addon', 'Upload & install add-on'),
	('Languages::upload_theme', 'Upload theme'),
	('Languages::install_theme_text', 'Uploading and installing a new theme is a great way to personalize your storefront. You can upload a theme by picking a [exts] format archive and clicking <strong>Upload</strong>.'),
	('Languages::non_writable_directories', 'The following directories do not have writable permissions'),
	('Languages::text_set_write_permissions_for_dirs', 'You can set the write permissions for the Web server to the directories listed above or provide an FTP-access with the write permissions to these directories.'),
	('Languages::ftp_server_options', 'FTP server options'),
	('Languages::ftp_directory', 'FTP directory'),
	('Languages::recheck', 'Re-check'),
	('Languages::use_this_style', 'Use this style'),
	('Languages::upload_via_ftp', 'Upload via FTP'),
	('Languages::invalid_ftp_access', 'Invalid FTP access'),
	('Languages::install_addon_text', 'Add-ons extend the functionality of your store. <br /> You can install an add-on by picking a [exts] format archive and clicking Upload & install.'),
	('Languages::xml_error', 'XML parse error'),
	('Languages::column', 'Column'),
	('Languages::checking_core_version_is_not_suitable', 'Version of your cart ([version]) is not supported. Minimal: [min]. Maximal: [max].'),
	('Languages::checking_core_edition_is_not_suitable', 'Edition of your cart ([current_edition]) is not supported. Required: [required_edition].'),
	('Languages::checking_php_version_is_not_suitable', 'PHP version ([version]) is not supported. Minimal: [min]. Maximal: [max].'),
	('Languages::checking_extension_should_be_installed', 'The [extension] extension should be installed on your server for correct add-on \noperation.'),
	('Languages::checking_extension_should_be_removed', 'The [extension] extension should be removed from your server for correct add-on operation.'),
	('Languages::checking_extension_version_is_not_suitable', 'The [extension] version ([version]) is not supported by the add-on. Minimal: [min]. Maximal: [max].'),
	('Languages::scroll_per_page', 'Scroll per page'),
	('Languages::payments.paypal_adv_layout', 'Layout'),
	('Languages::payments.layout_a', 'Layout A'),
	('Languages::payments.layout_b', 'Layout B'),
	('Languages::payments.layout_c', 'Layout C'),
	('Languages::payments.eway_rapidapi_rsp.header_text', 'Header text'),
	('Languages::payments.futurepay.zipcode_combination_error', 'The Zip code does not match the state entered. Please re-enter and try your purchase again.'),
	('Languages::payments.futurepay.amount_error', 'FuturePay can only be used on orders under $500'),
	('Languages::payments.futurepay.country_error', 'FuturePay is currently unavailable outside of America'),
	('Languages::payments.futurepay.customer_error', 'You currently have an outstanding application with FuturePay which needs resolving'),
	('Languages::payments.futurepay.phone_error', 'There was no phone number entered for your billing address. Please enter a phone number and try again'),
	('Languages::payments.futurepay.zipcode_error', 'The Zip code you entered for your billing address corresponds to a Military (APO/FPO/DPO), PO Box or other non-physical address. To approve your application we require a Zip code associated with a physical address in the U.S.'),
	('Languages::payments.futurepay.order_exists', 'The reference exists with an order that has completed sales attached'),
	('Languages::filter_by_categories', 'Filter by categories'),
	('Languages::default_filter_by_location', 'No filter specified. Filter by location set as default.'),
	('Languages::theme_information', 'Theme information'),
	('Languages::developer', 'Developer'),
	('Languages::theme_styles_and_layouts', 'Theme styles and layouts'),
	('Languages::activate', 'Activate'),
	('Languages::export_layout', 'Export layout'),
	('Languages::import_layout', 'Import layout'),
	('Languages::create_new_layout', 'Create new layout'),
	('Languages::update_current_layout', 'Update current layout'),
	('Languages::get_social', 'Get social'),
	('Languages::uc_searchanise_disabled', 'The Searchanise add-on was automatically disabled during upgrade to avoid false search results. Activate it at any time on the <a href="[url]">Add-ons</a> page.'),
	('Languages::text_store_closed', 'Sorry, the store is temporarily closed for maintenance.'),
	('Languages::theme_editor.presets', 'Presets'),
	('Languages::theme_editor.preset_data_cannot_be_saved', 'Preset data cannot be saved. You should set write permissions for <b>[theme_dir]</b> directory to fix this issue.'),
	('Languages::theme_editor.preset_name', 'Preset name'),
	('Languages::active_preset', 'Active preset'),
	('Languages::theme_editor.error_preset_exists', 'The preset with this name is already exist. Please choose another one.'),
	('Languages::theme_editor.incorrect_preset_name', 'Preset name can not contain the following characters: "/ # % ? * : ; { }  "'),
	('Languages::theme_editor.convert_to_css', 'Convert to CSS'),
	('Languages::theme_editor.text_convert_to_css', '<p>Generate CSS files from LESS (for manual editing).</p><p>IMPORTANT: You won\'t be able to use the Theme editor to customize the storefront!</p><p><i>The original LESS files will be backed up and you will be able to restore them later</i></p>'),
	('Languages::theme_editor.enable_less', 'Enable LESS'),
	('Languages::theme_editor.warning_css_changes_will_be_reverted', '<p>You should switch back to LESS to be able to use the Theme editor, because it deals with LESS files instead of plain CSS.</p><p><strong>Important:</strong> All CSS files will be overwritten during the restore! Custom CSS modifications will be saved in the backup directory.</p>'),
	('Languages::theme_editor.confirm_enable_less', 'Your CSS modifications will be backed up and overwritten. Are you sure to continue with the LESS restore?'),
	('Languages::theme_editor.error_theme_converted_to_css', 'Compiled CSS \nfiles do not support styling. Restore LESS in the <a target="_blank" href="[url]">Theme editor</a> to be able to change styles.'),
	('Languages::need_product_name', 'You have to specify product name'),
	('Languages::api_required_field', 'The [field] field is required'),
	('Languages::update_translation', 'Update from PO file'),
	('Languages::po_meta_error_validating_lang_code', 'Language code in the PO file does not match that of the updated language'),
	('Languages::error_class_phar_data_not_found', 'The PharData class not found. Read more: <a href="https://php.net/manual/en/class.phardata.php">https://php.net/manual/en/class.phardata.php</a>'),
	('Languages::error_class_zip_archive_not_found', 'The ZipArchive class not found. Read more: <a href="https://php.net/manual/en/class.ziparchive.php">https://php.net/manual/en/class.ziparchive.php</a>'),
	('Languages::make_archive', 'Make archive'),
	('Languages::marketplace', 'Marketplace'),
	('Languages::marketplace_find_more', 'Find more add-ons and themes in <a href="[href]" target="_blank">Marketplace</a>'),
	('Languages::extract_archive', 'Extract archive'),
	('Languages::seo', 'SEO'),
	('Languages::text_magnific', 'MagnificPopup'),
	('Languages::bulk_print_packing_slip', 'Packing slip bulk print'),
	('Languages::bulk_print_pdf', 'Invoice bulk print (PDF)'),
	('Languages::text_all_categories_included', 'All categories included'),
	('Languages::text_all_products_included', 'All products included'),
	('Languages::usergroup_registered', 'Registered users'),
	('Languages::person_name', 'Name'),
	('Languages::promotions.cond_any', 'any'),
	('Languages::promotions.cond_all', 'all'),
	('Languages::promotions.cond_true', 'true'),
	('Languages::promotions.cond_false', 'false'),
	('Languages::text_select_vendor', 'Please select a store first'),
	('Languages::views', 'Views'),
	('Languages::product_must_have_owner_category', 'Product must belong to some category created by the owner company.'),
	('SettingsSections::Appearance', 'Appearance'),
	('SettingsSections::Company', 'Company'),
	('SettingsSections::Emails', 'E-mails'),
	('SettingsSections::General', 'General'),
	('SettingsSections::Image_verification', 'Image verification'),
	('SettingsSections::Logging', 'Logging'),
	('SettingsSections::Reports', 'Reports'),
	('SettingsSections::Security', 'Security settings'),
	('SettingsSections::Shippings', 'Shipping settings'),
	('SettingsSections::Sitemap', 'Sitemap'),
	('SettingsSections::Stores', 'Stores'),
	('SettingsSections::Thumbnails', 'Thumbnails'),
	('SettingsSections::Upgrade_center', 'Upgrade center'),
	('SettingsOptions::company_name', 'Company name'),
	('SettingsOptions::secure_checkout', 'Enable secure connection at checkout'),
	('SettingsOptions::secure_admin', 'Enable secure connection in the administration panel'),
	('SettingsOptions::secure_auth', 'Enable secure connection for authentication, profile and orders pages'),
	('SettingsOptions::keep_https', 'Keep HTTPS connection once a secure page is visited'),
	('SettingsOptions::disable_shipping', 'Disable shipping'),
	('SettingsOptions::debugging_console', 'Template debugging console'),
	('SettingsOptions::header_7006', 'Shipping processors'),
	('SettingsOptions::log_type_news', 'News'),
	('SettingsOptions::license_number', 'License number'),
	('SettingsOptions::alternative_currency', 'Alternative currency display format'),
	('SettingsOptions::company_address', 'Company address'),
	('SettingsOptions::show_cats', 'Show the \'Categories\' section'),
	('SettingsOptions::mailer_send_method', 'Method of sending e-mails'),
	('SettingsOptions::width', 'Image width'),
	('SettingsOptions::log_type_orders', 'Orders'),
	('SettingsOptions::log_type_users', 'Users'),
	('SettingsOptions::log_type_products', 'Products'),
	('SettingsOptions::log_type_categories', 'Categories'),
	('SettingsOptions::log_type_database', 'Database'),
	('SettingsOptions::log_type_requests', 'Requests'),
	('SettingsOptions::min_admin_password_length', 'Minimum administrator password length'),
	('SettingsOptions::header_1', 'Administrator  settings'),
	('SettingsOptions::header_7010', 'Format of time intervals'),
	('SettingsOptions::share_users', 'Share users among stores'),
	('SettingsOptions::log_type_general', 'General'),
	('\nSettingsOptions::backend_default_language', 'Backend default language'),
	('SettingsOptions::company_city', 'Company city'),
	('SettingsOptions::admin_orders_per_page', 'Orders per page'),
	('SettingsOptions::day', 'Day'),
	('SettingsOptions::fedex_enabled', 'Enable FedEx'),
	('SettingsOptions::show_rootcats_only', 'Show only root level categories links in the \'Categories\' section'),
	('SettingsOptions::height', 'Image height'),
	('SettingsOptions::admin_passwords_must_contain_mix', 'Administrator password must contain both letters and numbers'),
	('SettingsOptions::header_10003', 'SMTP server settings'),
	('SettingsOptions::header_8158', 'FTP server options'),
	('SettingsOptions::default_state_update_for_all', 'Default state of the "Update for all stores" icon'),
	('SettingsOptions::ftp_hostname', 'Hostname'),
	('SettingsOptions::weight_symbol', 'Weight symbol'),
	('SettingsOptions::admin_products_per_page', 'Products per page'),
	('SettingsOptions::company_country', 'Company country'),
	('SettingsOptions::week', 'Week'),
	('SettingsOptions::ups_enabled', 'Enable UPS'),
	('SettingsOptions::mailer_smtp_host', 'SMTP host'),
	('SettingsOptions::string_length', 'String length'),
	('SettingsOptions::change_admin_password_on_first_login', 'Force administrators to change password on the first login'),
	('SettingsOptions::show_site_info', 'Show the \'Site info\' section'),
	('SettingsOptions::lines_number', 'Number of grid lines'),
	('SettingsOptions::grid_color', 'Grid color (hexadecimal code)'),
	('SettingsOptions::ftp_username', 'Username'),
	('SettingsOptions::company_state', 'Company state'),
	('SettingsOptions::weight_symbol_grams', 'Grams in the unit of weight defined by the weight symbol'),
	('SettingsOptions::month', 'Month'),
	('SettingsOptions::usps_enabled', 'Enable USPS'),
	('SettingsOptions::mailer_smtp_username', 'SMTP username'),
	('SettingsOptions::min_font_size', 'Minimum font size'),
	('SettingsOptions::admin_password_expiration_period', 'Password validity period in days (0 - unlimited)'),
	('SettingsOptions::ftp_password', 'Password'),
	('SettingsOptions::company_zipcode', 'Company zip code'),
	('SettingsOptions::admin_pages_per_page', 'CMS pages per page'),
	('SettingsOptions::year', 'Year'),
	('SettingsOptions::mailer_smtp_password', 'SMTP password'),
	('SettingsOptions::dhl_enabled', 'Enable DHL'),
	('SettingsOptions::max_font_size', 'Maximum font size'),
	('SettingsOptions::store_mode', 'Close storefront'),
	('SettingsOptions::cron_password', 'Access key to cron script which sends e-mail notifications of password change. Use: http://www.example.com/admin.php?dispatch=profiles.password_reminder&cron_password=key_value.'),
	('SettingsOptions::store_access_key', 'Access key to temporarily closed store'),
	('SettingsOptions::order_start_id', 'Initial order ID value'),
	('SettingsOptions::use_shipments', 'Allow multiple shipments for a single order'),
	('SettingsOptions::uk_cookies_law', 'Notify visitors about cookies use'),
	('SettingsOptions::tax_calculation', 'Tax calculation method based on'),
	('SettingsOptions::feedback_type', 'Help us improve software'),
	('SettingsOptions::auto_check_updates', 'Check for updates automatically'),
	('SettingsOptions::ftp_directory', 'Directory'),
	('SettingsOptions::admin_elements_per_page', 'Elements per page'),
	('SettingsOptions::company_phone', 'Company phone'),
	('SettingsOptions::default_wysiwyg_editor', 'Default wysiwyg editor'),
	('SettingsOptions::mailer_smtp_auth', 'Use SMTP authentication'),
	('SettingsOptions::aup_enabled', 'Enable Australia Post'),
	('SettingsOptions::string_type', 'String type'),
	('SettingsOptions::header_7003', 'Default location'),
	('SettingsOptions::char_shadow', 'Character shadows'),
	('SettingsOptions::default_address', 'Default address'),
	('SettingsOptions::company_phone_2', 'Company phone 2'),
	('SettingsOptions::thumbnail_background_color', 'Thumbnail background color'),
	('SettingsOptions::colour', 'Color'),
	('SettingsOptions::can_enabled', 'Enable Canada Post'),
	('SettingsOptions::swisspost_enabled', 'Enable Swiss Post'),
	('SettingsOptions::header_2', 'Customer settings'),
	('SettingsOptions::header_10004', 'Sendmail settings'),
	('SettingsOptions::default_zipcode', 'Default zipcode'),
	('SettingsOptions::\ncompany_fax', 'Company fax'),
	('SettingsOptions::frontend_default_language', 'Frontend default language'),
	('SettingsOptions::convert_to', 'Thumbnail format'),
	('SettingsOptions::mailer_sendmail_path', 'Path to sendmail program'),
	('SettingsOptions::background_image', 'Background image'),
	('SettingsOptions::hide_if_logged', 'Do not use verification if user is logged in'),
	('SettingsOptions::hide_after_validation', 'Do not use verification after first valid answer'),
	('SettingsOptions::default_city', 'Default city'),
	('SettingsOptions::company_website', 'Company website'),
	('SettingsOptions::orders_per_page', 'Orders per page'),
	('SettingsOptions::jpeg_quality', 'JPEG format quality (0-100)'),
	('SettingsOptions::header_8048', 'Use for'),
	('SettingsOptions::company_start_year', 'Year when the store started its operation'),
	('SettingsOptions::temando_enabled', 'Enable Temando'),
	('SettingsOptions::default_country', 'Default country'),
	('SettingsOptions::products_per_page', 'Products per page'),
	('SettingsOptions::company_users_department', 'User department e-mail address'),
	('SettingsOptions::use_for_login', 'Login form'),
	('SettingsOptions::product_lists_thumbnail_width', 'Products list (category, search, etc) thumbnail width'),
	('SettingsOptions::default_state', 'Default state'),
	('SettingsOptions::company_site_administrator', 'Site administrator e-mail address'),
	('SettingsOptions::use_for_register', 'Create and edit profile form'),
	('SettingsOptions::product_lists_thumbnail_height', 'Products list (category, search, etc) thumbnail height'),
	('SettingsOptions::company_orders_department', 'Order department e-mail address'),
	('SettingsOptions::default_phone', 'Default phone'),
	('SettingsOptions::use_for_form_builder', 'Custom forms'),
	('SettingsOptions::product_details_thumbnail_width', 'Product details page thumbnail width'),
	('SettingsOptions::header_7004', 'Catalog'),
	('SettingsOptions::company_support_department', 'Help/Support department e-mail address'),
	('SettingsOptions::elements_per_page', 'Elements per page'),
	('SettingsOptions::inventory_tracking', 'Enable inventory tracking'),
	('SettingsOptions::use_for_email_share', 'Send to friend form'),
	('SettingsOptions::product_details_thumbnail_height', 'Product details page thumbnail height'),
	('SettingsOptions::allow_negative_amount', 'Allow negative amount in inventory'),
	('SettingsOptions::product_quick_view_thumbnail_width', 'Product quick view thumbnail width'),
	('SettingsOptions::product_quick_view_thumbnail_height', 'Product quick view thumbnail height'),
	('SettingsOptions::company_newsletter_email', 'Reply-To newsletter e-mail address'),
	('SettingsOptions::edp_key_ttl', 'Download key TTL (for electronically distributed products), hours'),
	('SettingsOptions::use_for_discussion', 'Comments and reviews forms'),
	('SettingsOptions::low_stock_threshold', 'Low stock notification threshold'),
	('SettingsOptions::columns_in_products_list', 'Number of columns in the product list'),
	('SettingsOptions::show_products_from_subcategories', 'Show products from subcategories of the selected category'),
	('SettingsOptions::use_for_checkout', 'Checkout (user information) form'),
	('SettingsOptions::display_options_modifiers', 'Display modifiers for product options'),
	('SettingsOptions::exception_style', 'Exception style'),
	('SettingsOptions::use_for_polls', 'Polls'),
	('SettingsOptions::product_cart_thumbnail_width', 'Product cart page thumbnail width'),
	('SettingsOptions::use_for_track_orders', 'Track my order form'),
	('SettingsOptions::product_cart_thumbnail_height', 'Product cart page thumbnail height'),
	('SettingsOptions::show_out_of_stock_products', 'Show out of stock products'),
	('SettingsOptions::category_lists_thumbnail_width', 'Categories list thumbnail width'),
	('SettingsOptions::taxes_using_default_address', 'Estimate taxes using default address on cart/checkout pages'),
	('SettingsOptions::show_prices_taxed_clean', 'Display prices with taxes on category/product pages if the method of calculating taxes is based on a unit\'s price'),
	('SettingsOptions::cart_prices_w_taxes', 'Display prices with taxes on cart/checkout pages if the method of calculating taxes is based on a unit\'s \nprice'),
	('SettingsOptions::in_stock_field', 'Show number of available products'),
	('SettingsOptions::thumbnails_gallery', 'Display mini thumbnail images as a gallery'),
	('SettingsOptions::quantity_changer', 'Use \'Value changer\' for the Quantity field'),
	('SettingsOptions::top_pagination', 'Display the \'Pagination section\' on the top of the listed object'),
	('SettingsOptions::default_image_previewer', 'Default image previewer'),
	('SettingsOptions::category_lists_thumbnail_height', 'Categories list thumbnail height'),
	('SettingsOptions::default_product_details_view', 'Product detailed page view'),
	('SettingsOptions::product_details_in_tab', 'Display product details in tabs'),
	('SettingsOptions::display_track_orders', 'Display track my orders section'),
	('SettingsOptions::header_10070', 'Products list layouts settings'),
	('SettingsOptions::default_products_view_templates', 'Available product list views'),
	('SettingsOptions::default_products_view', 'Product list default view'),
	('SettingsOptions::save_selected_view', 'Use the selected view for current category or search page only'),
	('SettingsOptions::available_product_list_sortings', 'Available product list sortings'),
	('SettingsOptions::default_products_sorting', 'Product list default sorting'),
	('SettingsOptions::enable_quick_view', 'Enable quick view'),
	('SettingsOptions::header_10080', 'Common settings'),
	('SettingsOptions::date_format', 'Date format'),
	('SettingsOptions::category_details_thumbnail_width', 'Category details page thumbnail width'),
	('SettingsOptions::time_format', 'Time format'),
	('SettingsOptions::category_details_thumbnail_height', 'Category details page thumbnail height'),
	('SettingsOptions::header_7024', 'Promotions'),
	('SettingsOptions::timezone', 'Time zone'),
	('SettingsOptions::category_detailed_image_width', 'Detailed category image width'),
	('SettingsOptions::use_single_coupon', 'Allow customers to use single discount coupon only'),
	('SettingsOptions::calendar_date_format', 'Calendar date format'),
	('SettingsOptions::category_detailed_image_height', 'Detailed category image height'),
	('SettingsOptions::header_7005', 'Users/cart'),
	('SettingsOptions::user_multiple_profiles', 'Allow users to create multiple profiles for one account'),
	('SettingsOptions::calendar_week_format', 'Calendar week starts from'),
	('SettingsOptions::min_order_amount', 'Minimum order amount'),
	('SettingsOptions::min_order_amount_type', 'Define minimum order amount by'),
	('SettingsOptions::allow_anonymous_shopping', 'Allow shopping for unlogged customers'),
	('SettingsOptions::disable_anonymous_checkout', 'Disable anonymous checkout'),
	('SettingsOptions::checkout_redirect', 'Allow checkout only from the Cart content page'),
	('SettingsOptions::allow_usergroup_signup', 'Allow customer to signup for user group'),
	('SettingsOptions::approve_user_profiles', 'Administrator must activate new user accounts'),
	('SettingsOptions::address_position', 'Profile address section order'),
	('SettingsOptions::changes_warning', 'Unsaved changes warning'),
	('SettingsOptions::show_menu_descriptions', 'Show menu description'),
	('SettingsOptions::notice_displaying_time', 'Notice displaying time (to turn off the autohide function enter 0)'),
	('SettingsOptions::use_email_as_login', 'User e-mail is used as login'),
	('SettingsOptions::quick_registration', 'Quick registration'),
	('SettingsOptions::agree_terms_conditions', 'Ask customers to agree with terms &amp; conditions during checkout'),
	('SettingsOptions::repay', 'Allow customers to pay order again if transaction was declined'),
	('SettingsOptions::checkout_style', 'Checkout style'),
	('SettingsOptions::estimate_shipping_cost', 'Estimate shipping cost on cart page'),
	('SettingsOptions::allow_create_account_after_order', 'Allow guest to create an account after successful order'),
	('SettingsOptions::disregard_options_for_discounts', 'Disregard product options when calculating quantity discounts'),
	('SettingsOptions::header_8057', 'Proxy server for outgoing connections'),
	('SettingsOptions::proxy_host', 'Proxy host'),
	('SettingsOptions::proxy_port', 'Proxy port'),
	('SettingsOptions::proxy_user', 'Proxy user'),
	('SettingsOptions::proxy_password', 'Proxy \npassword'),
	('SettingsOptions::header_15000', 'Search options'),
	('SettingsOptions::search_objects', 'Search also in'),
	('SettingsTooltips::secure_checkout', 'SSL certificate is required to be installed on your server'),
	('SettingsTooltips::secure_admin', 'SSL certificate is required to be installed on your server'),
	('SettingsTooltips::store_access_key', 'Use: http://www.example.com/index.php?store_access_key=key_value'),
	('SettingsTooltips::order_start_id', 'Enter a number between 1 and 10,000,000 (use digits only) or leave empty for auto-filling.'),
	('SettingsTooltips::user_multiple_profiles', 'Shipping and billing addresses'),
	('SettingsTooltips::thumbnail_background_color', 'Leave empty for transparent background (requires PHP GD library version > 2.0.1)'),
	('SettingsTooltips::secure_auth', 'SSL certificate is required to be installed on your server'),
	('SettingsTooltips::checkout_redirect', 'When the customer clicks on any Checkout button/link in the store'),
	('SettingsTooltips::show_menu_descriptions', 'If you disable this check box, description of menu items will be hidden'),
	('SettingsTooltips::quick_registration', 'Require only contact information on registration'),
	('SettingsVariants::default_products_sorting::position', 'Default'),
	('SettingsVariants::feedback_type::manual', 'Manual feedback'),
	('SettingsVariants::feedback_type::auto', 'Automatic feedback'),
	('SettingsVariants::date_format::%d/%m/%Y', '29/09/2005 (day/month/year)'),
	('SettingsVariants::time_format::%H:%M', '15:43'),
	('SettingsVariants::allow_anonymous_shopping::allow_shopping', 'Allow'),
	('SettingsVariants::string_type::digits', 'Digits only'),
	('SettingsVariants::calendar_date_format::month_first', '09/30/2008 (month/day/year)'),
	('SettingsVariants::calendar_week_format::sunday_first', 'Sunday'),
	('SettingsVariants::address_position::billing_first', 'Billing first'),
	('SettingsVariants::log_type_general::runtime', 'Runtime'),
	('SettingsVariants::default_state_update_for_all::not_active', 'Not Active'),
	('SettingsVariants::date_format::%d-%m-%Y', '29-09-2005 (day-month-year)'),
	('SettingsVariants::time_format::%H.%M', '15.43'),
	('SettingsVariants::min_order_amount_type::products_with_shippings', 'Products with shipping'),
	('SettingsVariants::allow_anonymous_shopping::hide_add_to_cart', 'Hide the "Add to cart" button'),
	('SettingsVariants::string_type::letters', 'Letters only'),
	('SettingsVariants::calendar_date_format::day_first', '30/09/2008 (day/month/year)'),
	('SettingsVariants::calendar_week_format::monday_first', 'Monday'),
	('SettingsVariants::address_position::shipping_first', 'Shipping first'),
	('SettingsVariants::log_type_general::deprecated', 'Deprecated features'),
	('SettingsVariants::default_state_update_for_all::active', 'Active'),
	('SettingsVariants::date_format::%d.%m.%Y', '29.09.2005 (day.month.year)'),
	('SettingsVariants::time_format::%I:%M %p', '3:43 PM'),
	('SettingsVariants::min_order_amount_type::only_products', 'Products'),
	('SettingsVariants::allow_anonymous_shopping::hide_price_and_add_to_cart', 'Hide price and the "Add to cart" button'),
	('SettingsVariants::string_type::mixed', 'Mixed'),
	('SettingsVariants::date_format::%m/%d/%Y', '09/29/2005 (month/day/year)'),
	('SettingsVariants::time_format::%I.%M %p', '3.43 PM'),
	('SettingsVariants::log_type_news::create', 'Create'),
	('SettingsVariants::log_type_news::delete', 'Delete'),
	('SettingsVariants::log_type_news::update', 'Update'),
	('SettingsVariants::log_type_orders::create', 'Create'),
	('SettingsVariants::log_type_orders::delete', 'Delete'),
	('SettingsVariants::log_type_orders::update', 'Update'),
	('SettingsVariants::log_type_products::create', 'Create'),
	('SettingsVariants::log_type_products::delete', 'Delete'),
	('SettingsVariants::log_type_products::update', 'Update'),
	('SettingsVariants::log_type_users::create', 'Create'),
	('SettingsVariants::log_type_users::delete', 'Delete'),
	('SettingsVariants::log_type_users::update', 'Update'),
	('SettingsVariants::log_type_categories::create', 'Create'),
	('SettingsVariants::log_type_categories::delete', 'Delete'),
	('SettingsVariants::log_type_categories::update', 'Update'),
	('SettingsVariants::date_format::%m-%d-%Y', '09-29-2005 (month-\nday-year)'),
	('SettingsVariants::time_format::%H:%M:%S', '15:43:55'),
	('SettingsVariants::month::%B, %Y', 'January, 2006'),
	('SettingsVariants::log_type_orders::status', 'Change'),
	('SettingsVariants::log_type_users::session', 'Session'),
	('SettingsVariants::log_type_users::failed_login', 'Failed logins'),
	('SettingsVariants::log_type_products::low_stock', 'Low stock'),
	('SettingsVariants::log_type_database::restore', 'Restore'),
	('SettingsVariants::log_type_database::backup', 'Backup'),
	('SettingsVariants::log_type_database::optimize', 'Optimize'),
	('SettingsVariants::log_type_database::error', 'Errors'),
	('SettingsVariants::log_type_requests::http', 'HTTP/HTTPS'),
	('SettingsVariants::date_format::%m.%d.%Y', '09.29.2005 (month.day.year)'),
	('SettingsVariants::time_format::%H.%M.%S', '15.43.55'),
	('SettingsVariants::date_format::%Y/%m/%d', '2005/09/29 (year/month/day)'),
	('SettingsVariants::time_format::%I:%M:%S %p', '3:43:55 PM'),
	('SettingsVariants::date_format::%Y-%m-%d', '2005-09-29 (year-month-day)'),
	('SettingsVariants::time_format::%I.%M.%S %p', '3.43.55 PM'),
	('SettingsVariants::date_format::%Y.%m.%d', '2005.09.29 (year.month.day)'),
	('SettingsVariants::exception_style::hide', 'Hide exception'),
	('SettingsVariants::alternative_currency::use_only_selected', 'Show prices in selected currency only'),
	('SettingsVariants::date_format::%b %e, %Y', 'Sep 29, 2005 (month day, year)'),
	('SettingsVariants::default_products_sorting::product', 'Product name'),
	('SettingsVariants::day::%a, %b %e', 'Tue, Jan 3'),
	('SettingsVariants::week::%U', '1 week'),
	('SettingsVariants::month::%b', 'Jan'),
	('SettingsVariants::year::%y', '06'),
	('SettingsVariants::mailer_send_method::smtp', 'via SMTP server'),
	('SettingsVariants::checkout_style::one_page', 'One-page checkout'),
	('SettingsVariants::timezone::Etc/GMT+12', '(GMT-12:00) International Date Line West'),
	('SettingsVariants::tax_calculation::unit_price', 'Unit price'),
	('SettingsVariants::date_format::%d %b %Y', '29 Sep 2005 (day month year)'),
	('SettingsVariants::date_format::%A, %B %e, %Y', 'Thursday, September 29, 2005 (day of week, month day, year)'),
	('SettingsVariants::date_format::%A, %e %B %Y', 'Thursday, 29 September 2005 (day of week, day month year)'),
	('SettingsVariants::day::%B %e, %Y', 'January 3, 2006'),
	('SettingsVariants::exception_style::warning', 'Show warning on exception'),
	('SettingsVariants::alternative_currency::use_selected_and_alternative', 'Show prices in default and selected currencies'),
	('SettingsVariants::default_products_sorting::price', 'Price'),
	('SettingsVariants::day::%m.%e.%y', '01.03.06'),
	('SettingsVariants::week::%m.%e', '01.03'),
	('SettingsVariants::month::%m', '01'),
	('SettingsVariants::mailer_send_method::mail', 'via php mail function'),
	('SettingsVariants::timezone::Pacific/Apia', '(GMT-11:00) Midway Island, Samoa'),
	('SettingsVariants::tax_calculation::subtotal', 'Subtotal'),
	('SettingsVariants::default_products_sorting::null', 'None'),
	('SettingsVariants::day::%a %b %e, %Y', 'Tue Jan 3, 2006'),
	('SettingsVariants::week::%U, %b', '1, Jan'),
	('SettingsVariants::mailer_send_method::sendmail', 'via sendmail program'),
	('SettingsVariants::checkout_style::multi_page', 'Multi-page checkout'),
	('SettingsVariants::timezone::Pacific/Honolulu', '(GMT-10:00) Hawaii'),
	('SettingsVariants::day::%b %e', 'Jan 3'),
	('SettingsVariants::month::%m-%Y', '01-2006'),
	('SettingsVariants::timezone::America/Anchorage', '(GMT-09:00) Alaska'),
	('SettingsVariants::timezone::America/Los_Angeles', '(GMT-08:00) Pacific Time (US & Canada); Tijuana'),
	('SettingsVariants::timezone::America/Denver', '(GMT-07:00) Mountain Time (US & Canada)'),
	('SettingsVariants::timezone::America/Chihuahua', '(GMT-07:00) Chihuahua, La Paz, Mazatlan'),
	('SettingsVariants::timezone::America/Phoenix', '(GMT-07:00) Arizona'),
	('SettingsVariants::timezone::America/Regina', '(GMT-06:00) Saskatchewan'),
	('SettingsVariants::timezone::America/Mexico_City', '(GMT-06:00) Guadalajara, Mexico City, Monterrey'),
	('SettingsVariants::timezone::America/Chicago', '(GMT-06:00) Central Time (US & Canada)'),
	('SettingsVariants::timezone::America/Guatemala', '(GMT-06:00) Central America'),
	('SettingsVariants::timezone::Etc/GMT+5', '(GMT-05:00) Indiana (East)'),
	('SettingsVariants::timezone::America/New_York', '(GMT-05:00) Eastern Time (US & Canada)'),
	('SettingsVariants::timezone::America/Bogota', '(GMT-05:00) Bogota, Lima, Quito'),
	('SettingsVariants::timezone::America/Santiago', '(GMT-04:00) Santiago'),
	('SettingsVariants::timezone::America/La_Paz', '(GMT-04:00) Caracas, La Paz'),
	('SettingsVariants::timezone::America/Halifax', '(GMT-04:00) Atlantic Time (Canada)'),
	('SettingsVariants::timezone::America/St_Johns', '(GMT-03:30) Newfoundland'),
	('SettingsVariants::timezone::America/Godthab', '(GMT-03:00) Greenland'),
	('SettingsVariants::timezone::Etc/GMT+3', '(GMT-03:00) Buenos Aires, Georgetown'),
	('SettingsVariants::timezone::America/Sao_Paulo', '(GMT-03:00) Brasilia'),
	('SettingsVariants::timezone::Atlantic/South_Georgia', '(GMT-02:00) Mid-Atlantic'),
	('SettingsVariants::timezone::Atlantic/Cape_Verde', '(GMT-01:00) Cape Verde Is.'),
	('SettingsVariants::timezone::Atlantic/Azores', '(GMT-01:00) Azores'),
	('SettingsVariants::timezone::Africa/Reykjavik', '(GMT) Casablanca, Monrovia'),
	('SettingsVariants::timezone::Europe/London', '(GMT) Greenwich Mean Time : Dublin, Edinburgh, Lisbon, London'),
	('SettingsVariants::timezone::Europe/Berlin', '(GMT+01:00) Amsterdam, Berlin, Bern, Rome, Stockholm, Vienna'),
	('SettingsVariants::timezone::Europe/Budapest', '(GMT+01:00) Belgrade, Bratislava, Budapest, Ljubljana, Prague'),
	('SettingsVariants::timezone::Europe/Paris', '(GMT+01:00) Brussels, Copenhagen, Madrid, Paris'),
	('SettingsVariants::timezone::Europe/Warsaw', '(GMT+01:00) Sarajevo, Skopje, Warsaw, Zagreb'),
	('SettingsVariants::timezone::Africa/Lagos', '(GMT+01:00) West Central Africa'),
	('SettingsVariants::timezone::Europe/Istanbul', '(GMT+02:00) Athens, Beirut, Istanbul, Minsk'),
	('SettingsVariants::timezone::Europe/Minsk', '(GMT+02:00) Bucharest'),
	('SettingsVariants::timezone::Africa/Cairo', '(GMT+02:00) Cairo'),
	('SettingsVariants::timezone::Africa/Johannesburg', '(GMT+02:00) Harare, Pretoria'),
	('SettingsVariants::timezone::Europe/Kiev', '(GMT+02:00) Helsinki, Kyiv, Riga, Sofia, Tallinn, Vilnius'),
	('SettingsVariants::timezone::Asia/Jerusalem', '(GMT+02:00) Jerusalem'),
	('SettingsVariants::timezone::Asia/Baghdad', '(GMT+03:00) Baghdad'),
	('SettingsVariants::timezone::Asia/Riyadh', '(GMT+03:00) Kuwait, Riyadh'),
	('SettingsVariants::timezone::Europe/Moscow', '(GMT+03:00) Moscow, St. Petersburg, Volgograd'),
	('SettingsVariants::timezone::Africa/Nairobi', '(GMT+03:00) Nairobi'),
	('SettingsVariants::timezone::Asia/Tehran', '(GMT+03:30) Tehran'),
	('SettingsVariants::timezone::Asia/Dubai', '(GMT+04:00) Abu Dhabi, Muscat'),
	('SettingsVariants::timezone::Asia/Yerevan', '(GMT+04:00) Baku, Tbilisi, Yerevan'),
	('SettingsVariants::timezone::Asia/Kabul', '(GMT+04:30) Kabul'),
	('SettingsVariants::timezone::Asia/Yekaterinburg', '(GMT+05:00) Ekaterinburg'),
	('SettingsVariants::timezone::Asia/Tashkent', '(GMT+05:00) Islamabad, Karachi, Tashkent'),
	('SettingsVariants::timezone::Asia/Calcutta', '(GMT+05:30) Chennai, Kolkata, Mumbai, New Delhi'),
	('SettingsVariants::timezone::Asia/Katmandu', '(GMT+05:45) Kathmandu'),
	('SettingsVariants::timezone::Asia/Novosibirsk', '(GMT+06:00) Almaty, Novosibirsk'),
	('SettingsVariants::timezone::Asia/Dhaka', '(GMT+06:00) Astana, Dhaka'),
	('SettingsVariants::timezone::Asia/Colombo', '(GMT+06:00) Sri Jayawardenepura'),
	('SettingsVariants::timezone::Asia/Rangoon', '(GMT+06:30) Rangoon'),
	('SettingsVariants::timezone::Asia/Bangkok', '(GMT+07:00) Bangkok, Hanoi, Jakarta'),
	('SettingsVariants::timezone::Asia/Krasnoyarsk', '(GMT+07:00) Krasnoyarsk'),
	('SettingsVariants::timezone::Asia/Shanghai', '(GMT+08:00) Beijing, Chongqing, Hong Kong, Urumqi'),
	('SettingsVariants::timezone::Asia/Irkutsk', '(GMT+08:00) Irkutsk, Ulaan Bataar'),
	('SettingsVariants::timezone::Asia/Singapore', '(GMT+08:00) Kuala Lumpur, Singapore'),
	('SettingsVariants::timezone::Australia/Perth', '(GMT+08:00) Perth'),
	('SettingsVariants::timezone::Asia/Taipei', '(GMT+08:00) Taipei'),
	('SettingsVariants::timezone::Asia/Tokyo', '(GMT+09:00) Osaka, Sapporo, Tokyo'),
	('SettingsVariants::timezone::Asia/Seoul', '(GMT+09:00) Seoul'),
	('SettingsVariants::timezone::Asia/Yakutsk', '(\nGMT+09:00) Yakutsk'),
	('SettingsVariants::timezone::Australia/Adelaide', '(GMT+09:30) Adelaide'),
	('SettingsVariants::timezone::Australia/Darwin', '(GMT+09:30) Darwin'),
	('SettingsVariants::timezone::Australia/Brisbane', '(GMT+10:00) Brisbane'),
	('SettingsVariants::timezone::Australia/Sydney', '(GMT+10:00) Canberra, Melbourne, Sydney'),
	('SettingsVariants::timezone::Pacific/Port_Moresby', '(GMT+10:00) Guam, Port Moresby'),
	('SettingsVariants::timezone::Australia/Hobart', '(GMT+10:00) Hobart'),
	('SettingsVariants::timezone::Asia/Vladivostok', '(GMT+10:00) Vladivostok'),
	('SettingsVariants::timezone::Pacific/Guadalcanal', '(GMT+11:00) Magadan, Solomon Is., New Caledonia'),
	('SettingsVariants::timezone::Pacific/Auckland', '(GMT+12:00) Auckland, Wellington'),
	('SettingsVariants::timezone::Pacific/Fiji', '(GMT+12:00) Fiji, Kamchatka, Marshall Is.'),
	('SettingsVariants::timezone::Pacific/Tongatapu', '(GMT+13:00) Nuku\'alofa'),
	('ProfileFields::firstname', 'First name'),
	('ProfileFields::lastname', 'Last name'),
	('ProfileFields::company', 'Company'),
	('ProfileFields::phone', 'Phone'),
	('ProfileFields::fax', 'Fax'),
	('ProfileFields::url', 'URL'),
	('ProfileFields::b_firstname', 'First name'),
	('ProfileFields::s_firstname', 'First name'),
	('ProfileFields::b_lastname', 'Last name'),
	('ProfileFields::s_lastname', 'Last name'),
	('ProfileFields::b_address', 'Address'),
	('ProfileFields::b_address_2', 'Address'),
	('ProfileFields::s_address', 'Address'),
	('ProfileFields::s_address_2', 'Address'),
	('ProfileFields::b_city', 'City'),
	('ProfileFields::s_city', 'City'),
	('ProfileFields::b_state', 'State/province'),
	('ProfileFields::s_state', 'State/province'),
	('ProfileFields::b_country', 'Country'),
	('ProfileFields::s_country', 'Country'),
	('ProfileFields::b_zipcode', 'Zip/postal code'),
	('ProfileFields::s_zipcode', 'Zip/postal code'),
	('ProfileFields::b_phone', 'Phone'),
	('ProfileFields::s_phone', 'Phone'),
	('ProfileFields::email', 'E-mail'),
	('ProfileFields::s_address_type', 'Address type'),
	('Addon:access_restrictions', 'Access restrictions'),
	('AddonDescription:access_restrictions', 'Lets you limit storefront and administrator area access to certain IP-addresses with different options'),
	('Languages::access_restrictions', 'Access restrictions'),
	('Languages::add_ips', 'Add IPs'),
	('Languages::new_ips', 'New IPs'),
	('Languages::add_domains', 'Add domains'),
	('Languages::new_domains', 'New domains'),
	('Languages::add_emails', 'Add e-mail addresses'),
	('Languages::new_emails', 'New e-mail addresses'),
	('Languages::new_credit_card', 'New credit card'),
	('Languages::add_credit_card', 'Add credit card'),
	('Languages::privileges.manage_access_restrictions', 'Manage access restrictions'),
	('Languages::domain', 'Domain'),
	('Languages::warning_of_ip_adding', 'The entered IP address <b>[entered_ip]</b> forbids access to the administration panel from your computer (your IP is <b>[your_ip]</b>).'),
	('Languages::text_cc_number_is_blocked', 'The credit card number <b>[cc_number]</b> is blocked by the administrator. Please contact the store administrator or try another one.'),
	('Languages::text_not_valid_ip', '<b>[ip]</b> is not a valid ip address.'),
	('Languages::text_not_valid_domain', '<b>[domain]</b> is not a valid domain name.'),
	('Languages::text_not_valid_cc_number', '<b>[cc_number]</b> is not a valid credit card number.'),
	('Languages::text_email_is_blocked', 'The e-mail address <b>[email]</b> is blocked by the administrator. Please contact the store administrator or try another one.'),
	('Languages::text_ips_denied', 'You are not allowed to access this area'),
	('Languages::text_ip_blocked_failed_login', 'The IP was blocked after [number] unsuccessful logins'),
	('Languages::text_ip_is_blocked', 'Your IP address is blocked.'),
	('Languages::store_admin', 'Store administrator'),
	('Languages::your_ip_added', 'Your IP address <b>[ip]</b> has been added to the access restrictions table.'),
	('Languages::your_ip_enabled', 'Your IP address <b>[ip]</b> has been enabled in the access restrictions table.'),
	('Languages::your_ip_removed', 'Your IP address <b>[ip]</b> has been removed from the access restrictions table.'),
	('Languages::ip_from', 'IP from'),
	('Languages::ip_to', 'IP to'),
	('Languages::text_access_notice', 'You can use the wildcards for the "Domain", "E-mail" and "Credit Card" tabs: <br /><b>*</b> - can represent any number of characters, including zero<br /><b>?</b> - can represent any single character.'),
	('Languages::ips', 'IPs'),
	('Languages::make_permanent', 'Make permanent'),
	('Languages::credit_card_number', 'Credit card number'),
	('Addon:attachments', 'Attachments'),
	('AddonDescription:attachments', 'Makes it possible to attach files to products'),
	('Languages::attachments', 'Attachments'),
	('Languages::new_attachment', 'New attachment'),
	('Languages::add_attachment', 'Add attachment'),
	('Languages::editing_attachment', 'Editing attachment'),
	('Addon:banners', 'Banners management'),
	('AddonDescription:banners', 'Allows you to create text and visual banners'),
	('Languages::banners.new_banner', 'New banner'),
	('Languages::banners.editing_banner', 'Editing banner'),
	('Languages::add_banner', 'Add banner'),
	('Languages::banner', 'Banner'),
	('Languages::banners', 'Banners'),
	('Languages::banners_menu_description', 'Create graphic and text banners that can then be placed on the storefront.'),
	('Languages::banner_code', 'Banner code'),
	('Languages::banner_code_for_some_products', 'Banner code for some products'),
	('Languages::manage_banners', 'Manage banners'),
	('Languages::block_banners', 'Banners'),
	('Languages::block_banners_description', 'Visual and text banners'),
	('Languages::privileges.view_banners', 'View banners'),
	('Languages::privileges.manage_banners', 'Manage banners'),
	('Languages::add_banners', 'Add banners'),
	('Languages::add_banners_and_close', 'Add banners and close'),
	('Languages::graphic_banner', 'Graphic banner'),
	('Languages::text_banner', 'Text banner'),
	('Languages::banners_statistics', 'Banners statistics'),
	('Languages::conversion', 'Conversion'),
	('Addon:barcode', 'Order barcode'),
	('AddonDescription:barcode', 'Makes it possible to configure and attach barcodes to orders'),
	('Languages::please_enable_the_add_on_to_see_barcode', 'Please enable the add-on to see a code example.'),
	('Addon:bestsellers', 'Bestsellers & on sale products'),
	('AddonDescription:bestsellers', 'Collects best selling & on sale product data and adds block fillings to show such products'),
	('Languages::sort_by_bestsellers_asc', 'Sort by Bestselling: Low to High'),
	('Languages::sort_by_bestsellers_desc', 'Sort by Bestselling'),
	('Languages::sort_by_on_sale_asc', 'Sort by discount: Low to High'),
	('Languages::sort_by_on_sale_desc', 'Sort by discount: High to Low'),
	('Languages::sales_amount', 'Sales amount'),
	('Languages::bestselling', 'Bestselling'),
	('Languages::on_sale', 'On sale'),
	('Addon:buy_together', 'Buy together'),
	('AddonDescription:buy_together', 'Allows you to set up share discounts on certain product combinations'),
	('Languages::buy_together', 'Buy together'),
	('Languages::specify_options', 'Specify options'),
	('Languages::total_list_price', 'Total list price'),
	('Languages::price_for_all', 'Price for all'),
	('Languages::add_all_to_cart', 'Add all to cart'),
	('Languages::editing_combination', 'Editing combination'),
	('Languages::buy_together_calculation_information', 'Total price: [total_price], Discount: [discount], Combination price: [combination_price]'),
	('Languages::display_in_promotions', 'Display in promotions'),
	('Languages::combination_products', 'Combination products'),
	('Languages::share_discount', 'Share discount'),
	('Languages::buy_together_is_not_compatible_with_configurator', '[product_name] cannot be added to combination. Buy together is not compatible with the Product configurator addon'),
	('Languages::buy_together_is_not_compatible_with_recurring_billing', '[product_name] cannot be added to combination. Buy together is not compatible with the Recurring billing addon'),
	('Languages::buy_together_combination_cannot_be_added', 'Combination cannot be added to cart'),
	('Languages::buy_together_product_was_removed', '[product] did not have enough amount ([amount]) and was removed from the cart'),
	('Languages::buy_together_fill_the_mandatory_fields', 'Please specify product options before adding this product combination to the cart.'),
	('Addon:catalog_mode', 'Catalog mode'),
	('\nAddonDescription:catalog_mode', 'Allows you to use the store as a product catalog'),
	('Languages::catalog_mode', 'Catalog Mode'),
	('Languages::text_catalog_mode_zero_price_action_notice', 'In order that the "Buy now" button could be displayed on the product details page, please set "Zero price action" as "Allow customers to add the product to cart".'),
	('Languages::buy_now_url', 'Buy Now URL'),
	('Addon:customers_also_bought', 'Customers also bought'),
	('AddonDescription:customers_also_bought', 'Makes it possible to create a special block for the products often purchased along with the current one'),
	('Addon:data_feeds', 'Data feeds'),
	('AddonDescription:data_feeds', 'Makes it possible to create product data feeds in CSV'),
	('Languages::data_feeds', 'Data feeds'),
	('Languages::data_feed', 'Data feed'),
	('Languages::export_by_cron', 'Export by cron'),
	('Languages::export_by_cron_to', 'Export by cron to'),
	('Languages::add_new_datafeed', 'New data feed'),
	('Languages::add_datafeed', 'Add data feed'),
	('Languages::datafeed_name', 'Data feed name'),
	('Languages::save_directory', 'Server directory'),
	('Languages::ftp_url', 'FTP server'),
	('Languages::ftp_url_hint', 'The format is: FTPHOST[:PORT][/DIRECTORY]. Example: ftp.yourhost.com:21/home/username/folder'),
	('Languages::ftp_user', 'FTP username'),
	('Languages::ftp_pass', 'FTP password'),
	('Languages::fields', 'Fields'),
	('Languages::field_name', 'Field name'),
	('Languages::field_type', 'Field type'),
	('Languages::map_fields', 'Fields mapping'),
	('Languages::update_datafeed', 'Editing data feed'),
	('Languages::export_cron_hint', 'Use the following line to run the script according to schedule'),
	('Languages::exported_items', 'Exported items'),
	('Languages::ftp_connection_problem', 'Unable connect to FTP server. Please, check FTP connection information'),
	('Languages::categories_products', 'Products from categories'),
	('Languages::local_export', 'Download'),
	('Languages::upload_to_ftp', 'Upload to FTP server'),
	('Languages::cron_export', 'Cron export settings'),
	('Languages::export_to_server', 'Export to server'),
	('Languages::export_to_ftp', 'FTP server options'),
	('Languages::ftp', 'FTP'),
	('Languages::check_server_export_settings', 'Check server export settings'),
	('Languages::exclude_disabled_products', 'Exclude disabled products'),
	('Languages::general_settings', 'General settings'),
	('Languages::enclosure', 'Enclosure'),
	('Addon:discussion', 'Comments and reviews'),
	('AddonDescription:discussion', 'Lets customers leave comments to products, categories, orders, etc., review products and write testimonials'),
	('Languages::comments_and_reviews_menu_description', 'Customer comments and reviews on products, categories, orders, etc.'),
	('Languages::discussion_title_category', 'Reviews'),
	('Languages::discussion_title_giftreg', 'Guestbook'),
	('Languages::discussion_title_home_page_menu_description', 'Manage the testimonials from your store visitors.'),
	('Languages::discussion_title_news', 'Comments'),
	('Languages::discussion_title_order', 'Communication'),
	('Languages::discussion_title_page', 'Comments'),
	('Languages::discussion_title_product', 'Reviews'),
	('Languages::discussion_title_return', 'Communication'),
	('Languages::no_posts_found', 'No posts found'),
	('Languages::your_rating', 'Your rating'),
	('Languages::comments_and_reviews', 'Comments and reviews'),
	('Languages::discussion_title_home_page', 'Testimonials'),
	('Languages::text_enabled_testimonials_notice', 'Testimonials are disabled. To enable, please go to <a href="[link]">Comments and reviews: options</a> and select the "Communication", "Rating" or "Communication and Rating" value in "Testimonials" field.'),
	('Languages::discussion_title_company', 'Reviews'),
	('Languages::communication', 'Communication'),
	('Languages::rating', 'Rating'),
	('Languages::cant_find_thread', 'Thread can not be found.'),
	('Languages::error_already_posted', 'You have posted in this discussion already'),
	('Languages::text_thank_you_for_post', 'Thank you for your post'),
	('Languages::text_post_pended', 'Your post will be checked before it gets published.'),
	('Languages::discussion', 'Comments and reviews'),
	('Languages::text_new_post_notification', '\nThis is a notification of a new post to'),
	('Languages::text_approval_notice', 'This post needs approving'),
	('Languages::latest_reviews', 'Latest comments & reviews'),
	('Languages::comment_by', 'Comment by'),
	('Languages::and', 'and'),
	('Languages::add_post', 'Add post'),
	('Languages::not_approved', 'Not approved'),
	('Languages::discussion_manager', 'Comments and reviews'),
	('Languages::testimonials', 'Testimonials'),
	('Languages::privileges.view_discussions', 'View comments and reviews'),
	('Languages::privileges.manage_discussions', 'Manage comments and reviews'),
	('Languages::block_testimonials', 'Testimonials'),
	('Languages::block_testimonials_description', 'User testimonials'),
	('Languages::sort_by_rating_asc', 'Sort by rating: Low to High'),
	('Languages::sort_by_rating_desc', 'Sort by rating'),
	('Languages::reviews', 'review|reviews'),
	('Languages::write_review', 'Write a review'),
	('SettingsVariants::discussion::home_page_testimonials::D', 'Disabled'),
	('Addon:email_marketing', 'E-mail marketing'),
	('AddonDescription:email_marketing', 'Synchronizes your newsletter subscriber lists with MailChimp and Mad Mimi'),
	('Languages::subscribers_menu_description', 'Manage newsletter subscribers and settings.'),
	('Languages::email_marketing.subscription_confirmed', 'Thank you for subscribing to our newsletter'),
	('Languages::email_marketing.text_subscription_confirmed', 'Your subscription has been confirmed. No extra actions is required.'),
	('Languages::email_marketing.subscription_pending', 'Email confirmation is required!'),
	('Languages::email_marketing.text_subscription_pending', 'Thank you for subscribing to our newsletter.<p>A confirmation email has been sent to you. Please use the link in the email to confirm your subscription</p>'),
	('Languages::email_marketing.confirm_subscription', 'Please confirm subscription'),
	('Languages::email_marketing.text_confirm_subscription', 'We received a subscription request from you. Please confirm it:<p><a href="[href]">Click here to confirm your subscription to our newsletter</a></p>If you received this email by mistake, simply delete it. You won\'t be subscribed if you don\'t click the confirmation link above.'),
	('Languages::email_marketing.subscription_confirmed_2', 'Subscription confirmed'),
	('Languages::email_marketing.text_subscription_confirmed_2', 'Your subscription to our newsletter has been confirmed. Thank you for subscribing!'),
	('Languages::email_marketing.email_subscribed', 'You were subscribed to our newsletter'),
	('Languages::email_marketing.text_email_subscribed', 'Thank you for subscribing to our newsletter. <p>If at any time you wish to stop receiving our emails, <a href="[href]">click on this link to unsubscribe</a>.</p>'),
	('Languages::email_marketing.email_subscribed_2optin', 'Subscription confirmed'),
	('Languages::email_marketing.text_email_subscribed_2optin', 'Your subscription to our newsletter has been confirmed.<p>If at any time you wish to stop receiving our emails, <a href="[href]">click on this link to unsubscribe</a>.</p>'),
	('Languages::email_marketing.unsubscribe_successful', 'Unsubscribe successful'),
	('Languages::email_marketing.text_unsubscribe_successful', 'Your email has been removed from our list.'),
	('Languages::email_marketing.export_all', 'Export all'),
	('Languages::email_marketing.enter_api_key_and_save', 'Enter API key and save first'),
	('Languages::email_marketing.warning_email_exists', '[email] is already subscribed'),
	('Languages::email_marketing.new_subscriber', 'New subscriber'),
	('Languages::email_marketing.sync', 'Sync'),
	('Languages::email_marketing.text_subscribe', 'Subscribe to our newsletter'),
	('Languages::email_marketing.tmpl_subscription', 'Newsletter subscription form'),
	('Languages::privileges.manage_email_marketing', 'Manage email marketing addon'),
	('Languages::privileges.view_email_marketing', 'View email marketing addon'),
	('Addon:form_builder', 'Form builder'),
	('AddonDescription:form_builder', 'Lets you create custom forms (e.g. Contact us or Apply for partnership)'),
	('Languages::new_form', 'New form'),
	('Languages::editing_form', 'Editing form'),
	('Languages::form_builder', 'Form builder'),
	('Languages::\nform_submit_text', 'Form submit text'),
	('Languages::email_to', 'E-mail to'),
	('Languages::form_is_secure', 'Form is secure (SSL)'),
	('Languages::add_form', 'Add form'),
	('Languages::base', 'Base'),
	('Languages::multiple_checkboxes', 'Multiple checkboxes'),
	('Languages::multiple_selectbox', 'Multiple selectbox'),
	('Languages::separator', 'Separator'),
	('Languages::special', 'Special'),
	('Languages::countries_list', 'Countries list'),
	('Languages::states_list', 'States list'),
	('Languages::referer', 'Referer'),
	('Addon:gift_certificates', 'Gift certificates'),
	('AddonDescription:gift_certificates', 'Adds a built-in gift certificate system'),
	('Languages::gift_certificate', 'Gift certificate'),
	('Languages::gift_certificates', 'Gift certificates'),
	('Languages::gift_certificates_menu_description', 'View and manage the gift certificates that customers have purchased.'),
	('Languages::gift_certificate_info', 'Gift certificate info'),
	('Languages::gift_certificate_verification', 'Gift certificate verification'),
	('Languages::gift_cert_code', 'Gift certificate code'),
	('Languages::gift_cert_debit', 'Debit balance'),
	('Languages::gift_cert_from', 'From'),
	('Languages::gift_cert_to', 'To'),
	('Languages::promotion_bonus_gift_certificate', 'Gift certificate'),
	('Languages::purchase_gift_certificate', 'Purchase Gift Certificate'),
	('Languages::text_gift_certificate_logo', 'Logo for <b>gift certificates</b>'),
	('Languages::text_gift_cert_amount_alert', 'Amount should be between [min] and [max]'),
	('Languages::text_gift_cert_has_been_deleted', 'Gift certificate has been deleted successfully.'),
	('Languages::error_gift_cert_code', 'The gift certificate code you entered is invalid. Please try again.'),
	('Languages::gift_add_products', 'Add products for a gift'),
	('Languages::gift_comment', 'Message'),
	('Languages::certificate_verification', 'Validate/Redeem gift certificate'),
	('Languages::detailed_info', 'Detailed information'),
	('Languages::history', 'History'),
	('Languages::gift_certificate_statuses', 'Gift certificate statuses'),
	('Languages::text_gift_cert_applied', 'Gift certificate has been applied'),
	('Languages::certificate_already_used', 'This gift certificate is already in use'),
	('Languages::certificate_code_not_available', 'Gift certificate cannot be applied. Please contact the store administration.'),
	('Languages::certificate_code_not_valid', 'Gift certificate code is not valid'),
	('Languages::warning_gift_cert_deny', 'The following gift certificates have been deleted or cancelled by administrator and have been removed from your cart: [codes]. Please contact the store administrator or try another one.'),
	('Languages::text_gift_cert_cannot_delete', 'Gift certificate [code] cannot be deleted because it is used in order(s) [ids].'),
	('Languages::gift_cert_amount_changed', 'Gift certificate amount has been changed.'),
	('Languages::purchased', 'Purchased'),
	('Languages::used', 'Used'),
	('Languages::create_gift_certificate_for_customer', 'Create Gift Certificate for this customer'),
	('Languages::related_gift_cert', 'Related gift certificates'),
	('Languages::add_gift_certificate', 'Add gift certificate'),
	('Languages::gift_certificate_status', 'Gift certificate status'),
	('Languages::current_amount', 'Current amount'),
	('Languages::mail', 'Mail'),
	('Languages::statuses', 'statuses'),
	('Languages::new_certificate', 'New certificate'),
	('Languages::editing_certificate', 'Editing certificate'),
	('Languages::shop_now', 'Shop now'),
	('Languages::theme_editor.gift_cert', 'Gift Certificate'),
	('Languages::promo_code_or_certificate', 'Gift certificate or promo code'),
	('Languages::gift_certificate_added_to_cart', 'Gift certificate was added to your cart'),
	('Languages::gift_certificates_verify', 'Gift certificate verification'),
	('Languages::block_gift_certificates_verify', 'Gift certificate verification'),
	('Languages::block_gift_certificates_verify_description', 'Gift certificate input and validation'),
	('Languages::gift_cert_error_amount', 'Amount should not be higher than [max] and less than [min]'),
	('Languages::privileges.manage_gift_certificates', 'Manage gift certificate system'),
	('Languages::change_gift_certificate_status', 'Change gift certificate \nstatus to'),
	('Languages::gift_cert_with_products', 'Purchasing products and gift certificates together is impossible. Please, place the current order and repeat your attempt.'),
	('Addon:google_analytics', 'Google Analytics'),
	('AddonDescription:google_analytics', 'Integrates a Google Analytics service with the store'),
	('Addon:google_sitemap', 'Google sitemap'),
	('AddonDescription:google_sitemap', 'Creates a sitemap.xml for Google'),
	('Languages::sitemap_clear_cache_info', 'If products, categories, etc. were added or changed, please <a href="[clear_cache_url]">clear the cache</a> to regenerate the XML sitemap.<br /><br /> [sitemap_available_in_customer]'),
	('Languages::sitemap_available_in_customer', 'Sitemap is available by this link: <a href="[sitemap_url]">[sitemap_url]</a><br /><br />Sitemap can be reached by the URL <a href="[http_location]/sitemap.xml">[http_location]/sitemap.xml</a> if SEO addon is enabled. If it is disabled, you need to add the following code to the ".htaccess" file to get this URL working:<br />RewriteRule ^sitemap.xml$ [sitemap_url] [L]<br />Add this line after the "RewriteBase" line.<br /><br />'),
	('Languages::always', 'Always'),
	('Languages::hourly', 'Hourly'),
	('Languages::daily', 'Daily'),
	('Languages::weekly', 'Weekly'),
	('Languages::monthly', 'Monthly'),
	('Languages::yearly', 'Yearly'),
	('Languages::never', 'Never'),
	('Addon:help_tutorial', 'Video tutorials'),
	('AddonDescription:help_tutorial', 'Enables on-site video tutorials in the admin panel'),
	('Languages::help_tutorial.need_help', 'Need help?'),
	('Addon:hidpi', 'HiDPI displays support'),
	('AddonDescription:hidpi', 'Support for Retina displays'),
	('Languages::text_hidpi_support_enabled', 'HiDPI support is enabled'),
	('Languages::text_hidpi_support_tooltip', 'What does HiDPI stand for?HiDPI stands for High resolution Dots Per Inch when referring to displays. For example, the Retina displays found on the iPhone, iPad, and MacBook Pro are HiDPI.'),
	('Languages::text_hidpi_install', 'All newly uploaded images will be automatically shrinked to improve loading time on non-HiDPI devices. Existing images are not changed. It is recommended to upload high-definition images.'),
	('Languages::text_hidpi_uninstall', 'Some images may be shrinked to improve loading time on non-HiDPI devices. You may want to re-upload the images with better resolution.'),
	('Addon:hybrid_auth', 'Social login'),
	('AddonDescription:hybrid_auth', 'Adds the Social Login feature; allows customers use Facebook, Twitter, etc. to log in on the store'),
	('Languages::hybrid_auth_need_update_profile', 'The "Password" field and some other mandatory fields are empty at the moment. Please update your profile.'),
	('Languages::hybrid_auth_social_login', 'Or sign-in with another identity provider'),
	('Languages::hybrid_auth_unspecified_error', 'Unspecified error'),
	('Languages::hybrid_auth_configuration_error', 'Social login configuration error'),
	('Languages::hybrid_auth_provider_error_configuration', 'Provider not properly configured'),
	('Languages::hybrid_auth_wrong_provider', 'Unknown or disabled provider'),
	('Languages::hybrid_auth_missing_credentials', 'Missing provider application credentials'),
	('Languages::hybrid_auth_failed_auth', 'Authentication failed. The user has canceled the authentication or the provider refused the connection'),
	('Languages::hybrid_auth_connecting_provider', 'Contacting <b>[provider]</b>. Please wait...'),
	('Languages::hybrid_auth_cant_create_profile', 'Unfortunately, we failed to create a customer and log in to the store due to one of the following reasons:<br />- You logged in to our store earlier using some other OpenID provider in which the same email is used.<br />- You have already registered in our store using your email.<br />Please contact the store owner to resolve the problems.'),
	('Languages::google_callback_url', 'Google callback URL'),
	('Addon:image_zoom', 'Image zoom'),
	('AddonDescription:image_zoom', 'Shows zoomed image on product image hover'),
	('Addon:janrain', 'Janrain'),
	('AddonDescription:janrain', 'Adds the Social Login feature; allows customers use Facebook, Twitter, etc. to log in on the \nstore'),
	('Languages::janrain_general_info', '<p>Get these values and configure social login at <a href="http://janrain.com" target="_blank">janrain.com</a></p>'),
	('Languages::janrain_social_login', 'Social login'),
	('Languages::janrain_need_update_profile', 'The "Password" field and some other mandatory fields are empty at the moment. Please update your profile.'),
	('Languages::janrain_cant_create_profile', 'Unfortunately, we failed to create a customer and log in to the store due to one of the following reasons:<br />- You logged in to our store earlier using some other OpenID provider in which the same email is used.<br />- You have already registered in our store using your email.<br />Please contact the store owner to resolve the problems.'),
	('Addon:my_changes', 'My changes'),
	('AddonDescription:my_changes', 'A dummy add-on for easier hook design editing'),
	('Addon:news_and_emails', 'News & e-mails'),
	('AddonDescription:news_and_emails', 'Lets you manage site news and configure newsletter sending'),
	('Languages::news', 'News'),
	('Languages::newsletters_menu_description', 'Create and send newsletters to your customer.'),
	('Languages::news_menu_description', 'Manage news that is published in News box on the storefront.'),
	('Languages::news_plain', 'Plain'),
	('Languages::text_signup_for_subscriptions', 'Sign up for our newsletters!'),
	('Languages::tmpl_subscription', 'Newsletter subscription form'),
	('Languages::log_type_news', 'News'),
	('Languages::news_and_emails', 'News & e-mails'),
	('Languages::unsubscribe_link', 'Unsubscribe link'),
	('Languages::ne_add_subscribers_from_users', 'Add subscribers from the list of users'),
	('Languages::ne_warning_subscr_email_exists', '<b>[email]</b> is already in the subscribers list'),
	('Languages::warning_subscribers_import', 'Some mailing lists from the input file could not be found in the database. Certain imported subscribers will be left unassigned.'),
	('Languages::subscribers_menu_item_text', 'Subscribers'),
	('Languages::news_list_page', 'News list page'),
	('Languages::view_news_page', 'News page'),
	('Languages::block_mailing_lists', 'Newsletter subscription'),
	('Languages::block_news', 'News'),
	('Languages::block_mailing_lists_description', 'Email field for newsletter subscription'),
	('Languages::block_news_description', ''),
	('Languages::privileges.view_news', 'View news'),
	('Languages::privileges.manage_news', 'Manage news'),
	('Languages::warning_newsletter_no_recipients', 'Newsletter hasn\'t been sent because no recipients were found matching the selected criteria.'),
	('Languages::text_newsletter_sent', 'The newsletter(s) have been sent successfully.'),
	('Languages::email_cannot_be_empty', 'E-mail cannot be empty'),
	('Languages::sending_email_to', 'Sending email to [email]...'),
	('Languages::text_subscriber_added', 'Your e-mail has been successfully added to our free e-mail updates list'),
	('Languages::error_email_already_subscribed', 'Your e-mail is already subscribed.'),
	('Languages::text_subscriber_removed', 'Your e-mail has been successfully removed from our free e-mail updates list'),
	('Languages::text_subscriber_activated', 'Your email has been successfully activated'),
	('Languages::link_message_for_test_letter', 'The link will be displayed in a live newsletter'),
	('Languages::newsletters', 'Newsletters'),
	('Languages::templates', 'Templates'),
	('Languages::autoresponders', 'Autoresponders'),
	('Languages::campaigns', 'Campaigns'),
	('Languages::sent', 'Sent'),
	('Languages::add_news', 'Add news'),
	('Languages::add_news_and_close', 'Add news and close'),
	('Languages::subscribers_num', 'Number of subscribers'),
	('Languages::editing_mailing_list', 'Editing mailing list'),
	('Languages::from_name', 'From name'),
	('Languages::from_email', 'From email'),
	('Languages::reply_to', 'Reply to'),
	('Languages::register_autoresponder', 'Confirmation email'),
	('Languages::no_autoresponder', 'No autoresponder'),
	('Languages::show_on_checkout', 'Show at checkout'),
	('Languages::show_on_registration', 'Show on registration'),
	('Languages::show_on_separate_page', 'Show on separate page'),
	('Languages::editing_news', 'Editing news'),
	('Languages::new_news', 'New news'),
	('Languages::campaign_\nstats', 'Campaign statistics'),
	('Languages::add_campaign', 'Add campaign'),
	('Languages::new_campaign', 'New campaign'),
	('Languages::newsletter_templates', 'Newsletter templates'),
	('Languages::newsletter_autoresponders', 'Newsletter autoresponders'),
	('Languages::subject', 'Subject'),
	('Languages::add_newsletter', 'Add newsletter'),
	('Languages::add_template', 'Add template'),
	('Languages::add_autoresponder', 'Add autoresponder'),
	('Languages::more_subjects', 'Random subjects (one per line)'),
	('Languages::body_html', 'HTML body'),
	('Languages::no_template', 'No template'),
	('Languages::load', 'Load'),
	('Languages::campaign', 'Campaign'),
	('Languages::send_to', 'Send to'),
	('Languages::add_recipients_from_users', 'Add recipients from users'),
	('Languages::customers_with_abandoned', 'Customers with abandoned'),
	('Languages::cart_or_wishlist', 'Cart or Wishlist'),
	('Languages::which_is', 'which is'),
	('Languages::days_old', 'days old'),
	('Languages::send_to_test_email', 'Send to test email'),
	('Languages::save_and_send', 'Save and send'),
	('Languages::newsletter', 'Newsletter'),
	('Languages::newsletter_template', 'Newsletter template'),
	('Languages::newsletter_autoresponder', 'Newsletter autoresponder'),
	('Languages::mailing_list', 'Mailing list'),
	('Languages::confirmed', 'Confirmed'),
	('Languages::subscribed_to', 'Subscribed to [num] lists'),
	('Languages::subscribed', 'Subscribed'),
	('Languages::text_success_subscription', 'You have been successfully subscribed to our free e-mail updates and promotions!'),
	('Languages::text_unsubscribe_instructions', 'We respect your privacy and do not send unsolicited e-mail to users who have not requested correspondence. You have received this e-mail because you requested to receive our free updates and promotions.<br /><br /> If you wish to unsubscribe, please follow the link below:'),
	('Languages::updates_subscription', 'updates and promotions subscription'),
	('Languages::ult_shared_with', 'Shared with:'),
	('Languages::tt_addons_news_and_emails_views_mailing_lists_update_from_email', 'Email of a sender.'),
	('Languages::tt_addons_news_and_emails_views_mailing_lists_update_from_name', 'Name of a sender (e.g. company name).'),
	('Languages::tt_addons_news_and_emails_views_mailing_lists_update_reply_to', 'Email to send replies to.'),
	('Languages::tt_addons_news_and_emails_views_newsletters_update_more_subjects', 'If several subjects are specified, email subject is randomly picked from this list.'),
	('Languages::tt_addons_news_and_emails_views_newsletters_update_users', 'If the message text contains the unsubscribe link, it will be empty for these users.'),
	('Languages::add_mailing_lists', 'Add mailing list'),
	('Languages::add_subscribers', 'Add subscribers'),
	('Languages::new_mailing_lists', 'New mailing list'),
	('Languages::new_subscribers', 'New subscribers'),
	('Addon:polls', 'Polls'),
	('AddonDescription:polls', 'Adds a possibility to add customized polls to the site'),
	('Languages::tmpl_polls_central', 'Central'),
	('Languages::tmpl_polls_side', 'Side box'),
	('Languages::polls_answers_with_comments', 'Answers with comments'),
	('Languages::polls_have_completed', 'You have already completed this poll.'),
	('Languages::polls_total_votes', 'Total votes'),
	('Languages::polls', 'Polls'),
	('Languages::new_poll', 'New poll'),
	('Languages::editing_poll', 'Editing poll'),
	('Languages::use_for_polls', 'Polls'),
	('Languages::text_you_have_already_filled_this_poll', 'You have already completed this poll'),
	('Languages::block_polls', 'Polls'),
	('Languages::block_polls_description', ''),
	('Languages::poll', 'Poll'),
	('Languages::questions', 'Questions'),
	('Languages::poll_statistics', 'Poll statistics'),
	('Languages::add_polls_and_close', 'Add polls and close'),
	('Languages::add_polls', 'Add polls'),
	('Languages::required_not_answered', 'You should answer all the mandatory questions'),
	('Languages::thanks_for_voting', 'Thank you for taking time to complete this poll.'),
	('Languages::poll_show_results', 'Poll results visible to'),
	('Languages::poll_results_nobody', 'nobody'),
	('Languages::poll_results_voted', 'voted users'),
	('Languages::poll_results_everybody', 'everybody (in a pop-up)'),
	('Languages::poll_header', 'Poll header'),
	('Languages::poll_footer', 'Poll footer'),
	('Languages::poll_results', 'Poll message'),
	('Languages::new_question', 'New question'),
	('Languages::add_question', 'Add question'),
	('Languages::editing_question', 'Editing question'),
	('Languages::add_poll', 'Add poll'),
	('Languages::polls_total_submited', 'Total number of submitted poll forms'),
	('Languages::polls_total_completed', 'Number of poll forms completed in full'),
	('Languages::polls_first_submited', 'First poll form submitted'),
	('Languages::polls_last_submited', 'Last poll form submitted'),
	('Languages::statistics_by_questions', 'Statistics by questions'),
	('Languages::view_answers', 'View answers'),
	('Languages::polls_votes', 'Votes'),
	('Languages::answers', 'Answers'),
	('Languages::question_text', 'Question text'),
	('Languages::select_single_type', 'Select single option'),
	('Languages::select_one_or_more_type', 'Select one or more options'),
	('Languages::text_answer_type', 'Provide a textual answer'),
	('Languages::answer_text', 'Answer text'),
	('Languages::text_box', 'Text box'),
	('Languages::tt_addons_polls_hooks_pages_tabs_content_post_poll_results', 'Message that is displayed in the storefront after the poll is completed.'),
	('Addon:price_list', 'Price list'),
	('AddonDescription:price_list', 'Generates configurable price list in PDF or XLS'),
	('Languages::price_list', 'Price list'),
	('Languages::selected_fields', 'Selected fields'),
	('Languages::xml_info', 'Use this link to download the price list in XLS (MS Excel) format'),
	('Languages::ult_xml_info', 'Use this links to download the price list in XLS (MS Excel) format'),
	('Languages::pdf_info', 'Use this link to download the price list in PDF format'),
	('Languages::ult_pdf_info', 'Use this links to download the price list in PDF format'),
	('Languages::clear_cache_info', 'If columns were added or changed, please <a href="[clear_cache_url]">clear the cache</a> to regenerate the price list.'),
	('Languages::generating_pdf', 'Generating PDF. Please, be patient...'),
	('Languages::generating_xls', 'Generating XLS. Please, be patient...'),
	('Languages::xls_currencies_note', 'Please, note: the prices in XLS will be indicated in base currency.'),
	('Languages::price_list_ziparchive_not_installed', 'Impossible to create XML price list. Please add zip support in PHP on your server. Follow <a href="http://www.php.net/manual/en/zip.installation.php">http://www.php.net/manual/en/zip.installation.php</a>.'),
	('Addon:required_products', 'Required products'),
	('AddonDescription:required_products', 'Makes it possible to specify products required for purchase'),
	('Languages::required_products', 'Required products'),
	('Languages::required_products_added', 'The following required product(s) were added to your cart'),
	('Languages::required_products_out_of_stock', 'This product cannot be added to your cart, because following required product(s) are out of stock:'),
	('Addon:reward_points', 'Reward points'),
	('AddonDescription:reward_points', 'Lets customers earn and spend points for purchases'),
	('Languages::reward_points', 'Reward points'),
	('Languages::reward_points_log', 'Reward points log'),
	('Languages::reward_points_menu_description', 'Assign global reward points in your store.'),
	('Languages::promotion_cond_reward_points', 'Points on user account'),
	('Languages::points', 'Points'),
	('Languages::points_in_use', 'Points in use'),
	('Languages::points_in_use_lower', 'points in use'),
	('Languages::points_lower', 'points'),
	('Languages::points_to_use', 'Points to use'),
	('Languages::point_payment', 'Point payment'),
	('Languages::point_price', 'Price in points'),
	('Languages::text_increase_points_in_use', 'The points used in the order were added to user account.'),
	('Languages::text_points_used_in_order', 'Points were used in order'),
	('Languages::text_point_in_account', 'You have'),
	('Languages::pay_by_points', 'Allow payment by points'),
	('Languages::override_per', 'Override global PER'),
	('Languages::override_gc_points_brief', 'Override global/category points'),
	('Languages::text_points_exceed_points_on_account', 'The number of the points entered by you exceeds the number of points at your account.'),
	('Languages::text_points_exceed_points_\nthat_can_be_applied', 'The number of points entered by you exceeds the number of points that can be applied to this order.'),
	('Languages::text_points_cannot_applied_because_subtotal_redeemed', 'Points cannot be applied because the subtotal is completely redeemed.'),
	('Languages::text_cannot_apply_points_to_this_order_because_total', 'Unfortunately, you cannot apply points to this order, because the total cost is zero.'),
	('Languages::text_cannot_apply_points_to_this_order_because_user', 'Unfortunately, you cannot apply points to this order, because you do not have enough points at the account.'),
	('Languages::text_order_status_has_not_been_changed', 'The order status has not been changed, because the user did not have enough points.'),
	('Languages::price_in_points_increased', 'Price in points has been increased by'),
	('Languages::price_in_points_decreased', 'Price in points has been decreased by'),
	('Languages::earned_points', 'Points earned per product'),
	('Languages::override_g_points', 'Override global point value for all products in this category'),
	('Languages::amount_type', 'Amount type'),
	('Languages::maximum', 'Maximum'),
	('Languages::earned_point_modifier', 'Earned point modifier'),
	('Languages::override_gc_points', 'Override global/category point value for this product'),
	('Languages::view_user_points', 'View user points'),
	('Languages::log', 'Log'),
	('Languages::subtract', 'Subtract'),
	('Languages::change_points', 'Change points'),
	('Languages::add_subtract_points', 'Add & subtract points'),
	('Languages::cleanup_log', 'Cleanup log'),
	('Languages::we_would_like_to_inform', 'We would like to inform you that'),
	('Languages::reward_points_subj_added_to', 'have been added to your account.'),
	('Languages::reward_points_subj_subtracted_from', 'have been subtracted from your account.'),
	('Languages::privileges.manage_reward_points', 'Manage reward points system'),
	('Addon:rma', 'RMA'),
	('AddonDescription:rma', 'Adds a return management system'),
	('Languages::returned_products', 'Returned products'),
	('Languages::rma_return', 'Return'),
	('Languages::no_return_requests_found', 'No return requests found'),
	('Languages::returned_product', 'Returned product'),
	('Languages::returns', 'Returns'),
	('Languages::returns_info', 'Returns info'),
	('Languages::return_info', 'Return information'),
	('Languages::order_returns', 'Order returns'),
	('Languages::return_registration', 'Request a replacement or a refund'),
	('Languages::return_requests', 'Return requests'),
	('Languages::return_requests_menu_description', 'View and process return requests from orders placed on your web site.'),
	('Languages::return_status', 'Return status'),
	('Languages::return_period', 'Return period'),
	('Languages::what_you_would_like_to_do', 'What would you like to do'),
	('Languages::rma_notify_supplier', 'Notify supplier'),
	('Languages::add_reason', 'Add reason'),
	('Languages::new_reason', 'New reason'),
	('Languages::type_comment', 'Type comments here'),
	('Languages::return_requests_note', 'Go to the list of your return requests'),
	('Languages::privileges.manage_rma', 'Manage RMA system'),
	('Languages::text_return_change_warning', 'The status of return #[return_id] will be changed'),
	('Languages::returnable', 'Returnable'),
	('Languages::returnable_product', 'Returnable product'),
	('Languages::rma_request_statuses', 'RMA request statuses'),
	('Languages::return_products_information', 'Return products information'),
	('Languages::declined_products_information', 'Declined products information'),
	('Languages::rma_reasons', 'RMA reasons'),
	('Languages::rma_actions', 'RMA actions'),
	('Languages::rma', 'RMA'),
	('Languages::return_period_days', 'Return period (days)'),
	('Languages::all_actions', 'All actions'),
	('Languages::order_total_will_changed', 'The order total will be changed by'),
	('Languages::shipping_costs_will_changed', 'Shipping costs will be changed by'),
	('Languages::decline_products', 'Decline products'),
	('Languages::create_gift_certificate', 'Create gift certificate'),
	('Languages::accept_products', 'Accept products'),
	('Languages::recalculate_order', 'Recalculate order'),
	('Languages::manually_recalculate_order', 'Recalculate the order manually'),
	('Languages::dont_\nrecalculate_order', 'Do not recalculate order'),
	('Languages::delete_this_return', 'Delete this return'),
	('Languages::update_totals_and_inventory', 'Update totals and inventory'),
	('Languages::request_statuses', 'request statuses'),
	('Addon:rss_feed', 'RSS feed'),
	('AddonDescription:rss_feed', 'Generates RSS feeds for products, news and pages'),
	('Languages::rss_feed', 'RSS feed'),
	('Languages::feed_title', 'Feed title'),
	('Languages::feed_description', 'Feed description'),
	('Languages::rss_sort_by', 'Sort items by'),
	('Languages::rss_display_sku', 'Display SKU'),
	('Languages::rss_display_image', 'Display image'),
	('Languages::rss_display_price', 'Display gross price'),
	('Languages::rss_display_original_price', 'Display net price'),
	('Languages::rss_display_add_to_cart', 'Display add to cart button'),
	('Languages::rss_created', 'Created'),
	('Languages::rss_updated', 'Updated'),
	('Languages::block_rss_feed', 'RSS feed'),
	('Languages::block_rss_feed_description', 'RSS feed subscription icon'),
	('Addon:seo', 'SEO'),
	('AddonDescription:seo', 'Adds Search engine-friendly URLs support'),
	('Languages::seo_rules_menu_description', 'Use this section to define global rules for the URLs rewritten in your store.'),
	('Languages::seo.redirects_manager_menu_description', 'Manages redirect rules from old URLs'),
	('Languages::controller_description', 'If you want to specify a SEO-name for the URL, e.g. http://example.com/index.php?dispatch=<b>categories.catalog</b>, you need to enter the "<b>categories.catalog</b>" value into the "<b>The value of the "dispatch" parameter from the URL</b>" field and specify the SEO name in the "<b>SEO name</b>" field.'),
	('Languages::seo_name', 'SEO name'),
	('Languages::warning_seo_urls_disabled', 'SEO-friendly URLs are disabled. Check your web server and URL manipulation engine settings.'),
	('Languages::dispatch_value', 'Dispatch value'),
	('Languages::url_dispatch_part', 'The value of the "dispatch" parameter from the URL'),
	('Languages::new_rule', 'New rule'),
	('Languages::seo_rules', 'SEO rules'),
	('Languages::seo_page_title', 'page [n]'),
	('Languages::privileges.manage_seo_rules', 'Manage SEO rules and 301 redirects'),
	('Languages::privileges.view_seo_rules', 'View SEO rules and 301 redirects'),
	('Languages::seo.redirects_manager', '301 redirects'),
	('Languages::seo.old_url', 'Old URL'),
	('Languages::seo.new_url', 'New URL'),
	('Languages::seo.new_redirect', 'New Redirect'),
	('Languages::seo.error_old_url_exists', 'The URL you\'re redirecting from is already exist'),
	('Languages::seo.rich_snippets', 'Google rich snippets preview'),
	('Languages::seo.rich_snippets_rating', 'Rating'),
	('Languages::seo.rich_snippets_reviews', '[n] review|[n] reviews'),
	('Languages::seo.create_redirect', 'Create redirect from old URL'),
	('Languages::seo.error_incorrect_url', 'Incorrect format for <b>[url]</b> URL. For example, if your URL is <b>http://example.com/path/to/object</b>, you need to enter <b>/path/to/object</b>'),
	('Languages::tt_addons_seo_views_seo_redirects_manage_seo.old_url', 'For example, if your URL is <b>http://example.com/path/to/object</b>, you need to enter <b>/path/to/object</b>'),
	('Addon:social_buttons', 'Social buttons'),
	('AddonDescription:social_buttons', 'Social media and e-mail share buttons (Twitter, Facebook, etc.)'),
	('Languages::facebook', 'Facebook'),
	('Languages::facebook_obj_type', 'Facebook object type'),
	('Languages::fb_activities', 'Activities'),
	('Languages::fb_businesses', 'Businesses'),
	('Languages::fb_groups', 'Groups'),
	('Languages::fb_organizations', 'Organizations'),
	('Languages::fb_people', 'People'),
	('Languages::fb_places', 'Places'),
	('Languages::fb_products_entertainment', 'Products and Entertainment'),
	('Languages::fb_websites', 'Websites'),
	('Languages::error_no_recipient_address', 'Please enter your friends e-mail address to proceed'),
	('Languages::recommendation_from', 'Recommendation from'),
	('Languages::text_recommendation_notes', 'Your friend has recommended this page to you. Please follow the link:'),
	('Languages::your_email', 'Your e-mail'),
	('Languages::name_of_friend', 'Name of your friend'),
	('Languages::email_of_friend', 'E-mail of your friend'),
	('Languages::share_via_\nemail', 'Share via E-Mail'),
	('Languages::sb_share', 'Share'),
	('Addon:store_locator', 'Store locator'),
	('AddonDescription:store_locator', 'Lets you place local stores on map and inform customers about their nearest stores'),
	('Languages::view_on_map', 'View on map'),
	('Languages::get_api_key', 'Obtaining an API Key'),
	('Languages::block_store_locator', 'Store locator'),
	('Languages::block_store_locator_description', 'Store locator block'),
	('Languages::text_address_not_found', 'Address not found'),
	('Languages::select_coordinates', 'Select coordinates'),
	('Languages::set', 'Set'),
	('Languages::editing_store_location', 'Editing store location'),
	('Languages::new_store_location', 'New store location'),
	('Languages::add_store_location', 'Add store location'),
	('Languages::coordinates', 'Coordinates'),
	('Languages::latitude_short', 'lat'),
	('Languages::longitude_short', 'long'),
	('Languages::all_stores', 'All stores'),
	('Languages::zoom', 'Map zoom'),
	('Languages::map_type_control', 'MapType control'),
	('Languages::zoom_control', 'Zoom control'),
	('Languages::scale_control', 'Scale control'),
	('Addon:tags', 'Tags'),
	('AddonDescription:tags', 'Enables product tags'),
	('Languages::tags_menu_description', 'Manage the tags that are added to different pages of your store.'),
	('Languages::tmpl_my_tag_cloud', 'My tag cloud'),
	('Languages::popular_tags', 'Popular tags'),
	('Languages::sign_in_to_enter_tags', 'Sign in to enter tags'),
	('Languages::tag_cloud', 'Tag cloud'),
	('Languages::my_tags', 'My tags'),
	('Languages::my_tags_summary', 'My tags summary'),
	('Languages::tags', 'Tags'),
	('Languages::block_tags', 'Tags'),
	('Languages::block_tags_description', 'Product tags'),
	('Languages::addons.tags.add_a_tag', 'add a tag'),
	('Languages::items_marked_by_tag', 'Items marked by the tag "[tag]":'),
	('Languages::my_items_marked_by_tag', 'My items marked by the tag "[tag]":'),
	('Languages::tag', 'Tag'),
	('Languages::new_tag', 'New tag'),
	('Languages::add_tag', 'Add tag'),
	('Languages:twgadmin_access_id', 'Access ID'),
	('Languages:twgadmin_more_than_year', 'More than a year'),
	('Languages:twgadmin_error_cannot_connect_store', 'Cannot connect to Twigmo service at this time. Please try again later. If the problem is still there, please visit <a href="http://support.twigmo.com" target="_blank">Twigmo Support Portal</a> for assistance.'),
	('Languages:twgadmin_text_store_connected', 'Your store was connected to Twigmo service successfully!'),
	('Languages:twgadmin_connect_your_store', 'Connect your store to the Twigmo service'),
	('Languages:twgadmin_connect', 'Connect'),
	('Languages:tt_addons_twigmo_settings_settings_twgadmin_home_page_content', 'If \'Desktop home page blocks\' is selected, there are all the supported types of the desktop home page blocks displayed on the Mobile Storefront home page. If \'Twigmo home page blocks\' is selected, Twigmo home page blocks are displayed (configured in \'Design\'->\'Blocks\'->\'Twigmo home page\'). If a category is selected, only its products are displayed on the Mobile Storefront home page.'),
	('Languages:twgadmin_manage_settings', 'Service account infomation'),
	('Languages:twgadmin_manage_storefront_settings', 'Mobile Storefront settings'),
	('Languages:twgadmin_wrong_api_object_data', 'Wrong [object] data'),
	('Languages:twgadmin_wrong_api_data', 'Wrong API data'),
	('Languages:twgadmin_wrong_shipping_info', 'Failed to place order: wrong shipping data'),
	('Languages:twgadmin_wrong_payment_info', 'Failed to place order: wrong payment data'),
	('Languages:twgadmin_object_was_not_found', 'The [object] data were not found'),
	('Languages:twgadmin_fail_create_user', 'Failed to create user'),
	('Languages:twgadmin_fail_post_order', 'Failed to place order'),
	('Languages:twg_post_request_fail', 'Failed to post request'),
	('Languages:twgadmin_error_validator_required', 'The \'[field]\' field is mandatory'),
	('Languages:twgadmin_mobile_version', 'Mobile version'),
	('Languages:twgadmin_text_updates_available', 'A new version of Twigmo add-on is available! <a href="[link]">Click here to upgrade to it</a>.'),
	('Languages:twgadmin_home_page_content', 'Home page content'),
	('Languages:twgadmin_use_mobile_frontend_for', 'Show \nmobile version for'),
	('Languages:twgadmin_phones', 'Phones'),
	('Languages:twgadmin_tablets', 'Tablets'),
	('Languages:twgadmin_home_page_blocks', 'Desktop home page blocks'),
	('Languages:twgadmin_tw_home_page_blocks', 'Twigmo home page blocks'),
	('Languages:twgadmin_homepage', 'Twigmo home page'),
	('Languages:twgadmin_edit_these_blocks', 'Edit these blocks'),
	('Languages:twgadmin_select_skin', 'Skin'),
	('Languages:twgadmin_hide_header', 'Hide header'),
	('Languages:twg_btn_load_more_items', 'Load More'),
	('Languages:twg_btn_log_in_to_checkout', 'Sign in to checkout'),
	('Languages:twg_lbl_copy_from_billing', 'Ship to the same address'),
	('Languages:twg_msg_date_invalid', 'Please enter a valid date.'),
	('Languages:twg_msg_dateiso_invalid', 'Please enter a valid date (YYYY-MM-DD).'),
	('Languages:twg_msg_digits_required', 'Please enter only digits.'),
	('Languages:twg_msg_email_invalid', 'Please enter a valid email address.'),
	('Languages:twg_msg_extension_invalid', 'Please enter a value with a valid extension.'),
	('Languages:twg_msg_field_required', 'This field is required.'),
	('Languages:twg_msg_fill_required_fields', 'Please fill in all the required fields.'),
	('Languages:twg_msg_field_invalid', 'Please fix this field.'),
	('Languages:twg_msg_max_length', 'Please enter no more than {0} characters.'),
	('Languages:twg_msg_max_value', 'Please enter a value less than or equal to {0}.'),
	('Languages:twg_msg_min_length', 'Please enter at least {0} characters.'),
	('Languages:twg_msg_min_value', 'Please enter a value greater than or equal to {0}.'),
	('Languages:twg_msg_number_invalid', 'Please enter a valid number.'),
	('Languages:twg_msg_order_was_placed', 'Your order has been placed!<br />The order ID is '),
	('Languages:twg_msg_orders_were_placed', 'Your orders have been placed!<br />The order IDs are '),
	('Languages:twg_msg_cc_invalid', 'Please enter a valid credit card number.'),
	('Languages:twg_msg_range_length', 'Please enter a value between {0} and {1} characters long.'),
	('Languages:twg_msg_range_value', 'Please enter a value between {0} and {1}.'),
	('Languages:twg_msg_same_value_required', 'Please enter the same value again.'),
	('Languages:twg_msg_url_invalid', 'Please enter a valid URL.'),
	('Languages:twg_cart_info', '[amount] ([total])'),
	('Languages:twg_share', 'Share'),
	('Languages:twg_facebook', 'Facebook'),
	('Languages:twg_twitter', 'Twitter'),
	('Languages:twg_desktop_site', 'Desktop site'),
	('Languages:twgadmin_connect_to_first_ult', 'Your store is not connected to the Twigmo service yet. Please ask the root store administrator to do it.'),
	('Languages:twgadmin_mobile_logo', 'Mobile Storefront logo'),
	('Languages:twgadmin_mobile_favicon', 'iOS device home screen icon'),
	('Languages:twgadmin_url_for_facebook', 'URL of your Facebook page'),
	('Languages:twgadmin_url_for_twitter', 'URL of your Twitter page'),
	('Languages:twgadmin_only_req_profile_fields', 'Show only user profile fields marked as required'),
	('Languages:twgadmin_reinstall', 'The version of Twigmo add-on files does not match the one in the database, so the mobile version of your store has been disabled. Please re-install Twigmo add-on (click Uninstall, then Install on the add-ons list) to enable it.'),
	('Languages:twg_view_cart_checkout', 'View cart & checkout'),
	('Languages:twg_sign_in_to_checkout', 'Sign in to checkout'),
	('Languages:twg_only_via_desktop', 'This product can be added to cart only via the [linkOpen]desktop website[linkClose].'),
	('Languages:twg_share_on_social', 'Share on social networks'),
	('Languages:twgadmin_order_via_twigmo', '[This order was placed via Twigmo Mobile Storefront]'),
	('Languages:twgadmin_on_social', 'Twigmo on social media'),
	('Languages:twg_contact_twigmo_support', 'Contact Twigmo support'),
	('Languages:twgadmin_enable_geolocation', 'Enable geolocation'),
	('Languages:tt_addons_twigmo_settings_settings_twgadmin_enable_geolocation', 'If enabled, shipping and billing address fields will be populated with the address determined by a geolocation service on the registration and checkout pages.'),
	('Languages:twg_billing_is_the_same', 'Billing address is the same'),
	('Languages:twgadmin_upgrade_addon', 'Twigmo add-on upgrade has \nstarted.'),
	('Languages:twgadmin_download_twigmo', 'Downloading Twigmo upgrade package. Please wait...'),
	('Languages:twgadmin_checking_permissions', 'Done.</br>Checking file permissions...'),
	('Languages:twgadmin_no_files_permissions', 'Error: Cannot overwrite the existing Twigmo add-on files. Please check and correct the file permissions manually or [link]provide your FTP access details[/link] (if they are provided, please make sure this FTP user has enough permissions to modify files on the server).'),
	('Languages:twgadmin_backup_files', 'Backing up Twigmo files...'),
	('Languages:twgadmin_backup_settings', 'Backing up Twigmo add-on settings...'),
	('Languages:twgadmin_uninstall_addon', 'Uninstalling Twigmo add-on...'),
	('Languages:twgadmin_restore_settings', 'Restoring Twigmo add-on settings...'),
	('Languages:twg_min_product_quantity', 'Minimum order quantity'),
	('Languages:twg_checkout_terms_n_conditions', 'I accept Terms and Conditions'),
	('Languages:twgadmin_cant_create_file', 'Cannot create a file [file]. Please create it manually in [path] (only in case you need to customize the selected Twigmo mobile skin).'),
	('Languages:twg_visit_our_mobile_store', 'Visit our mobile site'),
	('Languages:twg_app_for_android', 'App for Android'),
	('Languages:twg_app_for_iphone', 'App for iPhone'),
	('Languages:twg_app_for_ipad', 'App for iPad'),
	('Languages:twgadmin_url_on_appstore', 'URL of your app on iTunes App Store'),
	('Languages:twgadmin_url_on_googleplay', 'URL of your app on Google Play'),
	('Languages:twg_product_added_to_cart', 'Product Added to Cart'),
	('Languages:twg_configurable_via_desktop', 'This is a configurable product. It can be configured only via [linkOpen]the desktop website[linkClose].'),
	('Languages:twg_requrring_via_desktop', 'This is a subscription product. Its subscription plan can be selected only via [linkOpen]the desktop website[linkClose].'),
	('Languages:twgadmin_check_for_updates', 'Check for updates'),
	('Languages:twgadmin_basic_skin', 'Basic skin'),
	('Languages:twgadmin_connect_notification', 'The <a href="[addon_link]">Twigmo add-on</a> is not connected to the <a href="http://www.twigmo.com" target="_blank">Twigmo service</a>. Set it up to enable a mobile version of your store for iOS and Android.'),
	('Languages:twgadmin_phpmod_required', 'PHP extension module [php_module_name] is required for proper operation of the Twigmo add-on. Please install it.'),
	('Languages:twgadmin_select_store', 'Please select a store first'),
	('Languages:twg_is_logged_in', 'logged in.'),
	('Languages:twg_review_and_place_order', 'Review and place order'),
	('Languages:twg_login_to_add_to_cart', 'This product cannot be added to the cart because you are not logged in.'),
	('Languages:twgadmin_disconnected', 'Disconnected'),
	('Languages:twgadmin_connected', 'Connected'),
	('Languages:twgadmin_terms', 'Terms and conditions'),
	('Languages:twgadmin_accept_terms_n_conditions', 'I accept the <a href="//www.twigmo.com/terms/" target="_blank">Terms and Conditions</a>.'),
	('Languages:twgadmin_stores', 'Stores'),
	('Languages:twgadmin_curl_error', 'Couldn\'t get HTTP response from the Twigmo server. Please make sure that your server supports executing HTTP requests either through curl or sockets.'),
	('Languages:twgadmin_open_te', 'Visual Editor'),
	('Languages:twgadmin_open_cp', 'Twigmo Control Panel'),
	('Languages:twgadmin_no_token_recieved', 'Twigmo failed to retrieve authentication token. [linkOpen]Go back[linkClose]'),
	('Languages:twg_buy_only_via_desktop', 'This product can be purchased via [linkOpen]the desktop website[linkClose].'),
	('Languages:tt_addons_twigmo_settings_connect_email', 'Enter your Twigmo account email address. If you have no Twigmo account, it will be created for you automatically (your email address will be verified).'),
	('Languages:tt_addons_twigmo_settings_connect_password', 'Enter your Twigmo account password. If you have no Twigmo account, please enter a secure password and we will create a new Twigmo account for you.'),
	('Languages:tt_addons_twigmo_settings_connect_twgadmin_stores', 'Select stores that are to be connected to the Twigmo service.'),
	('Languages:twg_cannot_\nredirect_to_desktop', 'The desktop site cannot be displayed in this Visual Editor, but the link will work fine on a real mobile device.'),
	('Languages:twgadmin_about', 'About Twigmo'),
	('Languages:twgadmin_addon_version', 'Add-on version'),
	('Languages:twgadmin_disconnect', 'Disconnect'),
	('Languages:twgadmin_disconnect_whole', 'Disconnect whole addon'),
	('Languages:plan', 'Plan'),
	('Languages:twgadmin_failed_to_decompress_files', 'Failed to extract files from the archive'),
	('Languages:twgadmin_upgrade_completed', 'Upgrade completed'),
	('Addon:watermarks', 'Watermarks'),
	('AddonDescription:watermarks', 'Allows you to add watermarks to product and category images'),
	('Languages::wt_watermarks', 'Watermarks'),
	('Languages::wt_graphic_watermark', 'Graphic watermark'),
	('Languages::wt_text_watermark', 'Text watermark'),
	('Languages::wt_watermark_vertical_position', 'Watermark vertical position'),
	('Languages::wt_watermark_horizontal_position', 'Watermark horizontal position'),
	('Languages::wt_watermark_position', 'Watermark position'),
	('Languages::wt_watermark_image', 'Watermark image'),
	('Languages::wt_watermark_text', 'Watermark text'),
	('Languages::wt_font', 'Font'),
	('Languages::wt_font_color', 'Font color'),
	('Languages::wt_font_size_icon', 'Font size (thumbnail)'),
	('Languages::wt_font_size_detailed', 'Font size (larger image)'),
	('Languages::wt_watermark_icon', 'Thumbnail watermark'),
	('Languages::wt_watermark_detailed', 'Popup larger image watermark'),
	('Languages::wt_fail_apply_graphic_watermark', 'Failed to apply the watermark to [image_type]. The watermark image is not added.'),
	('Languages::wt_icons', 'thumbnails'),
	('Languages::wt_detailed', 'popup larger images'),
	('Languages::wt_images_access_description', 'To deny access to your original images, please add the following instructions to the \'.htaccess\' file in the \'images\' directory of your installation. It will protect your original images. Even if an original image is opened, the corresponding watermarked image will be show instead.'),
	('Languages::wt_watermarks_access_description', 'To generate watermarked images automatically even if they are requested not from your store pages, please add the \'.htaccess\' file with the following instructions to the \'images/watermarked\' directory of your installation.'),
	('Languages::wt_access_note', 'Please note, if you disable or uninstall the \'Watermarks\' add-on, you should remove these instructions from \'.htaccess\' files manually. Otherwise category and product images will be unavailable.'),
	('Languages::wt_access_warning', 'Watermark creating is disabled. If there are any "Rewrite watermarks rules" instructions in the "images/.htaccess" file, you should remove them manually. Otherwise category and product images will be unavailable.'),
	('Languages::wt_images_access_info', 'Images access'),
	('Addon:wishlist', 'Wish List'),
	('AddonDescription:wishlist', 'Lets customers store items in personal wish lists'),
	('Languages::add_to_wishlist', 'Add to wish list'),
	('Languages::clear_wishlist', 'Clear wish list'),
	('Languages::view_wishlist', 'View wish list'),
	('Languages::wishlist_content', 'Wish list content'),
	('Languages::wishlist', 'Wish list'),
	('Languages::wishlist_note', 'Go to your wishlist'),
	('Languages::text_failed_gift_certificate_addition', 'Failed to add the certificate. Make sure the summary amount is not zero.'),
	('Languages::text_gift_cert_added_to_wishlist', 'The gift certificate has been added to the wish list'),
	('Languages::product_added_to_wl', 'The product was added to your Wish list'),
	('Languages::product_in_wishlist', 'This product is already in the wish list'),
	('Languages::wishlist_products', 'Wish list products');
/*!40000 ALTER TABLE `cscart_original_values` ENABLE KEYS */;


-- Dumping structure for table installer_skozachuk_cscart421u.cscart_pages
DROP TABLE IF EXISTS `cscart_pages`;
CREATE TABLE IF NOT EXISTS `cscart_pages` (
  `page_id` mediumint(8) unsigned NOT NULL AUTO_INCREMENT,
  `company_id` int(11) unsigned NOT NULL DEFAULT '0',
  `parent_id` mediumint(8) unsigned NOT NULL DEFAULT '0',
  `id_path` varchar(255) NOT NULL DEFAULT '',
  `status` char(1) NOT NULL DEFAULT 'A',
  `show_in_popup` char(1) NOT NULL DEFAULT 'N',
  `page_type` char(1) NOT NULL DEFAULT 'T',
  `position` smallint(5) unsigned NOT NULL DEFAULT '0',
  `timestamp` int(11) NOT NULL DEFAULT '0',
  `usergroup_ids` varchar(255) NOT NULL DEFAULT '0',
  `localization` varchar(255) NOT NULL DEFAULT '',
  `new_window` tinyint(3) NOT NULL DEFAULT '0',
  `related_ids` text,
  `use_avail_period` char(1) NOT NULL DEFAULT 'N',
  `avail_from_timestamp` int(11) unsigned NOT NULL DEFAULT '0',
  `avail_till_timestamp` int(11) unsigned NOT NULL DEFAULT '0',
  `facebook_obj_type` varchar(64) NOT NULL,
  PRIMARY KEY (`page_id`),
  KEY `localization` (`localization`),
  KEY `parent_id` (`parent_id`)
) ENGINE=MyISAM AUTO_INCREMENT=7 DEFAULT CHARSET=utf8;

-- Dumping data for table installer_skozachuk_cscart421u.cscart_pages: 6 rows
/*!40000 ALTER TABLE `cscart_pages` DISABLE KEYS */;
INSERT INTO `cscart_pages` (`page_id`, `company_id`, `parent_id`, `id_path`, `status`, `show_in_popup`, `page_type`, `position`, `timestamp`, `usergroup_ids`, `localization`, `new_window`, `related_ids`, `use_avail_period`, `avail_from_timestamp`, `avail_till_timestamp`, `facebook_obj_type`) VALUES
	(1, 1, 0, '1', 'A', 'N', 'T', 0, 1208808000, '0', '', 0, NULL, 'N', 0, 0, ''),
	(2, 1, 0, '2', 'A', 'N', 'T', 0, 1208808000, '0', '', 0, NULL, 'N', 0, 0, ''),
	(3, 1, 0, '3', 'A', 'N', 'T', 0, 1208808000, '0', '', 0, NULL, 'N', 0, 0, ''),
	(4, 1, 0, '4', 'A', 'N', 'T', 0, 1208808000, '0', '', 0, NULL, 'N', 0, 0, ''),
	(5, 1, 0, '5', 'A', 'N', 'T', 0, 1208808000, '0', '', 0, NULL, 'N', 0, 0, ''),
	(6, 1, 0, '6', 'A', 'N', 'T', 0, 1208808000, '0', '', 0, NULL, 'N', 0, 0, '');
/*!40000 ALTER TABLE `cscart_pages` ENABLE KEYS */;


-- Dumping structure for table installer_skozachuk_cscart421u.cscart_page_descriptions
DROP TABLE IF EXISTS `cscart_page_descriptions`;
CREATE TABLE IF NOT EXISTS `cscart_page_descriptions` (
  `page_id` mediumint(8) unsigned NOT NULL DEFAULT '0',
  `lang_code` char(2) NOT NULL DEFAULT '',
  `page` varchar(255) DEFAULT '0',
  `description` mediumtext,
  `meta_keywords` varchar(255) NOT NULL DEFAULT '',
  `meta_description` varchar(255) NOT NULL DEFAULT '',
  `page_title` varchar(255) NOT NULL DEFAULT '',
  `link` varchar(255) NOT NULL DEFAULT '',
  PRIMARY KEY (`page_id`,`lang_code`)
) ENGINE=MyISAM DEFAULT CHARSET=utf8;

-- Dumping data for table installer_skozachuk_cscart421u.cscart_page_descriptions: 6 rows
/*!40000 ALTER TABLE `cscart_page_descriptions` DISABLE KEYS */;
INSERT INTO `cscart_page_descriptions` (`page_id`, `lang_code`, `page`, `description`, `meta_keywords`, `meta_description`, `page_title`, `link`) VALUES
	(1, 'en', 'Our team', 'We have the best team ever!', '', '', '', ''),
	(2, 'en', 'About our company', 'Put your company description here. HTML tags can be used in this description.', '', '', '', ''),
	(3, 'en', 'Privacy policy', '<h1><span style="font-size: x-large;">Privacy Policy</span></h1>\n<p>&nbsp;</p>\n<h3>What information do we collect?</h3>\n<p>We collect information from you when you register on our site, place an order, subscribe to our newsletter or fill out a form.</p>\n<p>When ordering or registering on our site, as appropriate, you may be asked to enter your: name, e-mail address or mailing address. You may, however, visit our site anonymously.</p>\n<p>&nbsp;</p>\n<h3>What do we use your information for?</h3>\n<p>Any of the information we collect from you may be used in one of the following ways:</p>\n<ul>\n<li>To personalize your experience<br /> (your information helps us to better respond to your individual needs)</li>\n<li>To improve our website<br /> (we continually strive to improve our website offerings based on the information and feedback we receive from you)</li>\n<li>To improve customer service<br /> (your information helps us to more effectively respond to your customer service requests and support needs)</li>\n<li>To process transactions\n<ul>\n<li>Your information, whether public or private, will not be sold, exchanged, transferred, or given to any other company for any reason whatsoever, without your consent, other than for the express purpose of delivering the purchased product or service requested.</li>\n</ul>\n</li>\n<li>To administer a contest, promotion, survey or other site feature</li>\n<li>To send periodic emails<br />\n<ul>\n<li>The email address you provide for order processing, may be used to send you information and updates pertaining to your order, in addition to receiving occasional company news, updates, related product or service information, etc.</li>\n</ul>\nNote: If at any time you would like to unsubscribe from receiving future emails, we include detailed unsubscribe instructions at the bottom of each email.</li>\n</ul>\n<p>&nbsp;</p>\n<h3>How do we protect your information?</h3>\n<p>We implement a variety of security measures to maintain the safety of your personal information when you place an order or enter, submit, or access your personal information.</p>\n<p>We offer the use of a secure server. All supplied sensitive information is transmitted via Secure Socket Layer (SSL) technology and then encrypted into our Payment gateway providers database only to be accessible by those authorized with special access rights to such systems, and are required to keep the information confidential.</p>\n<p>&nbsp;</p>\n<h3>Do we use cookies?</h3>\n<p>Yes (Cookies are small files that a site or its service provider transfers to your computers hard drive through your Web browser (if you allow) that enables the sites or service providers systems to recognize your browser and capture and remember certain information).</p>\n<p>We use cookies to help us remember and process the items in your shopping cart, understand and save your preferences for future visits and keep track of advertisements.</p>\n<p>&nbsp;</p>\n<h3>Do we disclose any information to outside parties?</h3>\n<p>We do not sell, trade, or otherwise transfer to outside parties your personally identifiable information. This does not include trusted third parties who assist us in operating our website, conducting our business, or servicing you, so long as those parties agree to keep this information confidential. We may also release your information when we believe release is appropriate to comply with the law, enforce our site policies, or protect ours or others rights, property, or safety. However, non-personally identifiable visitor information may be provided to other parties for marketing, advertising, or other uses.</p>\n<p>&nbsp;</p>\n<h3>Third party links</h3>\n<p>Occasionally, at our discretion, we may include or offer third party products or services on our website. These third party sites \nhave separate and independent privacy policies. We therefore have no responsibility or liability for the content and activities of these linked sites. Nonetheless, we seek to protect the integrity of our site and welcome any feedback about these sites.</p>\n<p>&nbsp;</p>\n<h3>Online Privacy Policy Only</h3>\n<p>This online privacy policy applies only to information collected through our website and not to information collected offline.</p>\n<p>&nbsp;</p>\n<h3>Your Consent</h3>\n<p>By using our site, you consent to our privacy policy.</p>\n<p>&nbsp;</p>\n<h3>Changes to our Privacy Policy</h3>\n<p>If we decide to change our privacy policy, we will post those changes on this page, and/or update the Privacy Policy modification date below.</p>\n<p>This policy was last modified on 01.12.2012</p>', '', '', '', ''),
	(4, 'en', 'Free Returns', '<p>sTo guarantee customer satisfaction, we offer free returns for the products that for some reasons did not met our customer\'s expectations.</p><p>You can create a return request right from your customer account.</p>', '', '', '', ''),
	(5, 'en', 'Free Shipping', '<h2>on orders $19 and up</h2>\n<p>We will ship any product costing $19+ for free.</p><p><span style="color: rgb(165, 165, 165);">This offer is not applicable to e-goods and products with price lowered under $19 by a promotion or gift certificate.</span></p>', '', '', '', ''),
	(6, 'en', 'Low Price Guarantee', '<p>We guarantee the lowest prices on the products presented in our store.</p><p>If you find a lower price for any of our products, offered by a designated online retailer, save the link and contact us.</p><p>After we verify that our competitor\'s price is more attractive, we will lower ours to be at least as low!</p>', '', '', '', '');
/*!40000 ALTER TABLE `cscart_page_descriptions` ENABLE KEYS */;


-- Dumping structure for table installer_skozachuk_cscart421u.cscart_payments
DROP TABLE IF EXISTS `cscart_payments`;
CREATE TABLE IF NOT EXISTS `cscart_payments` (
  `payment_id` mediumint(8) unsigned NOT NULL AUTO_INCREMENT,
  `company_id` int(11) unsigned NOT NULL DEFAULT '0',
  `usergroup_ids` varchar(255) NOT NULL DEFAULT '0',
  `position` smallint(5) unsigned NOT NULL DEFAULT '0',
  `status` char(1) NOT NULL DEFAULT 'A',
  `template` varchar(128) NOT NULL DEFAULT '',
  `processor_id` mediumint(8) unsigned NOT NULL DEFAULT '0',
  `processor_params` text NOT NULL,
  `a_surcharge` decimal(13,3) NOT NULL DEFAULT '0.000',
  `p_surcharge` decimal(13,3) NOT NULL DEFAULT '0.000',
  `tax_ids` varchar(255) NOT NULL DEFAULT '',
  `localization` varchar(255) NOT NULL DEFAULT '',
  `payment_category` varchar(20) NOT NULL DEFAULT 'tab1',
  PRIMARY KEY (`payment_id`),
  KEY `c_status` (`usergroup_ids`,`status`),
  KEY `position` (`position`),
  KEY `localization` (`localization`)
) ENGINE=MyISAM AUTO_INCREMENT=12 DEFAULT CHARSET=utf8;

-- Dumping data for table installer_skozachuk_cscart421u.cscart_payments: 11 rows
/*!40000 ALTER TABLE `cscart_payments` DISABLE KEYS */;
INSERT INTO `cscart_payments` (`payment_id`, `company_id`, `usergroup_ids`, `position`, `status`, `template`, `processor_id`, `processor_params`, `a_surcharge`, `p_surcharge`, `tax_ids`, `localization`, `payment_category`) VALUES
	(1, 1, '0', 10, 'A', 'views/orders/components/payments/cc.tpl', 0, '', 0.000, 0.000, '', '', 'tab1'),
	(2, 1, '0', 20, 'A', 'views/orders/components/payments/phone.tpl', 0, '', 0.000, 0.000, '', '', 'tab3'),
	(3, 1, '0', 30, 'A', 'views/orders/components/payments/check.tpl', 0, '', 0.000, 0.000, '', '', 'tab3'),
	(4, 1, '0', 40, 'D', 'views/orders/components/payments/fax.tpl', 0, '', 0.000, 0.000, '', '', 'tab3'),
	(5, 1, '0', 50, 'D', 'views/orders/components/payments/money.tpl', 0, '', 0.000, 0.000, '', '', 'tab3'),
	(6, 1, '0', 60, 'D', 'views/orders/components/payments/cod.tpl', 0, '', 0.000, 0.000, '', '', 'tab3'),
	(7, 1, '0', 70, 'D', 'views/orders/components/payments/po.tpl', 0, '', 0.000, 0.000, '', '', 'tab3'),
	(8, 1, '0', 80, 'D', 'views/orders/components/payments/personal_check.tpl', 0, '', 0.000, 0.000, '', '', 'tab3'),
	(9, 1, '0', 90, 'D', 'views/orders/components/payments/business_check.tpl', 0, '', 0.000, 0.000, '', '', 'tab3'),
	(10, 1, '0', 100, 'D', 'views/orders/components/payments/government_check.tpl', 0, '', 0.000, 0.000, '', '', 'tab3'),
	(11, 1, '0', 110, 'D', 'views/orders/components/payments/travellers_check.tpl', 0, '', 0.000, 0.000, '', '', 'tab3');
/*!40000 ALTER TABLE `cscart_payments` ENABLE KEYS */;


-- Dumping structure for table installer_skozachuk_cscart421u.cscart_payment_descriptions
DROP TABLE IF EXISTS `cscart_payment_descriptions`;
CREATE TABLE IF NOT EXISTS `cscart_payment_descriptions` (
  `payment_id` mediumint(8) unsigned NOT NULL DEFAULT '0',
  `payment` varchar(128) NOT NULL DEFAULT '',
  `description` varchar(255) NOT NULL DEFAULT '',
  `instructions` mediumtext NOT NULL,
  `surcharge_title` varchar(255) NOT NULL DEFAULT '',
  `lang_code` char(2) NOT NULL DEFAULT '',
  PRIMARY KEY (`payment_id`,`lang_code`)
) ENGINE=MyISAM DEFAULT CHARSET=utf8;

-- Dumping data for table installer_skozachuk_cscart421u.cscart_payment_descriptions: 11 rows
/*!40000 ALTER TABLE `cscart_payment_descriptions` DISABLE KEYS */;
INSERT INTO `cscart_payment_descriptions` (`payment_id`, `payment`, `description`, `instructions`, `surcharge_title`, `lang_code`) VALUES
	(1, 'Credit card', 'Visa, Mastercard, etc...', '', '', 'en'),
	(2, 'Phone ordering', 'Call to 5555555', '<h2>When I should use phone ordering?</h2><p>Order by phone is useful when regular payment methods like credit card are unavailable or considered insecure.</p><p>Our operators are happy to take your order per phone every business day from 9 a.m. to 5 p.m. UTC.</p>', '', 'en'),
	(4, 'Fax Ordering', 'Fax: (555) 555-5555', 'Type instructions to pay by visiting your retail store in here.', '', 'en'),
	(3, 'Check', 'Check payment', '<h2>When I should use check payment</h2><p>Paying with a check is a useful option in case other payment options are unavailable or considered insecure. Note that a check payment is complete only when the check is cashed and clears the bank.</p><p>To pay with a check, enter your signature, account number, and the bank routing number, which is simply a number identifying your bank.</p>', '', 'en'),
	(5, 'Money Order', 'US Banks Only', 'Type instructions to pay by visiting your retail store in here.', '', 'en'),
	(6, 'C.O.D', 'Cashiers Check or Cash Only', 'Type instructions to pay by visiting your retail store in here.', '', 'en'),
	(7, 'Purchase Order', '', 'Type instructions to pay by visiting your retail store in here.', '', 'en'),
	(8, 'Personal Check', 'US Funds Only', 'Type instructions to pay by visiting your retail store in here.', '', 'en'),
	(9, 'Business Check', 'Drawn on US Bank and in US Dollars', 'Type instructions to pay by visiting your retail store in here.', '', 'en'),
	(10, 'Government Check', 'US Funds Only', 'Type instructions to pay by visiting your retail store in here.', '', 'en'),
	(11, 'Traveller\'s Check', 'US Funds Only', 'Type instructions to pay by visiting your retail store in here.', '', 'en');
/*!40000 ALTER TABLE `cscart_payment_descriptions` ENABLE KEYS */;


-- Dumping structure for table installer_skozachuk_cscart421u.cscart_payment_processors
DROP TABLE IF EXISTS `cscart_payment_processors`;
CREATE TABLE IF NOT EXISTS `cscart_payment_processors` (
  `processor_id` mediumint(8) unsigned NOT NULL AUTO_INCREMENT,
  `processor` varchar(255) NOT NULL DEFAULT '',
  `processor_script` varchar(255) NOT NULL DEFAULT '',
  `processor_template` varchar(255) NOT NULL DEFAULT '',
  `admin_template` varchar(255) NOT NULL DEFAULT '',
  `callback` char(1) NOT NULL DEFAULT 'N',
  `type` char(1) NOT NULL DEFAULT 'P',
  PRIMARY KEY (`processor_id`)
) ENGINE=MyISAM AUTO_INCREMENT=98 DEFAULT CHARSET=utf8;

-- Dumping data for table installer_skozachuk_cscart421u.cscart_payment_processors: 77 rows
/*!40000 ALTER TABLE `cscart_payment_processors` DISABLE KEYS */;
INSERT INTO `cscart_payment_processors` (`processor_id`, `processor`, `processor_script`, `processor_template`, `admin_template`, `callback`, `type`) VALUES
	(2, 'AuthorizeNet.Aim', 'authorizenet_aim.php', 'views/orders/components/payments/cc.tpl', 'authorizenet_aim.tpl', 'Y', 'P'),
	(3, 'PayPal Pro', 'paypal_pro.php', 'views/orders/components/payments/cc.tpl', 'paypal_pro.tpl', 'Y', 'P'),
	(4, 'PayPal', 'paypal.php', 'views/orders/components/payments/cc_outside.tpl', 'paypal.tpl', 'Y', 'P'),
	(5, 'Virtual Merchant', 'virtual_merchant.php', 'views/orders/components/payments/cc.tpl', 'virtual_merchant.tpl', 'N', 'P'),
	(6, '2Checkout', '2checkout.php', 'views/orders/components/payments/cc_outside.tpl', '2checkout.tpl', 'N', 'P'),
	(7, 'Thaiepay', 'thaiepay.php', 'views/orders/components/payments/cc_outside.tpl', 'thaiepay.tpl', 'N', 'P'),
	(9, 'ProxyPay3', 'proxypay3.php', 'views/orders/components/payments/cc_outside.tpl', 'proxypay3.tpl', 'N', 'P'),
	(10, 'FirstData [Connect]', 'firstdata_connect.php', 'views/orders/components/payments/cc_outside.tpl', 'firstdata_connect.tpl', 'N', 'P'),
	(12, 'eNETS', 'enets.php', 'views/orders/components/payments/cc_outside.tpl', 'enets.tpl', 'N', 'P'),
	(13, 'HSBC', 'hsbc.php', 'views/orders/components/payments/cc_outside.tpl', 'hsbc.tpl', 'N', 'P'),
	(14, 'SagePay direct', 'sagepay_direct.php', 'views/orders/components/payments/cc.tpl', 'sagepay_direct.tpl', 'Y', 'P'),
	(15, 'SagePay form', 'sagepay_form.php', 'views/orders/components/payments/cc_outside.tpl', 'sagepay_form.tpl', 'N', 'P'),
	(16, 'MCPE', 'mcpe.php', 'views/orders/components/payments/cc_outside.tpl', 'mcpe.tpl', 'N', 'P'),
	(18, 'ePassporte', 'epassporte.php', 'views/orders/components/payments/cc_outside.tpl', 'epassporte.tpl', 'N', 'P'),
	(19, 'eWAY Direct Payment', 'eway_direct.php', 'views/orders/components/payments/cc.tpl', 'eway_direct.tpl', 'Y', 'P'),
	(20, 'Nochex', 'nochex.php', 'views/orders/components/payments/cc_outside.tpl', 'nochex.tpl', 'Y', 'P'),
	(21, 'eWAY', 'eway_form.php', 'views/orders/components/payments/cc_outside.tpl', 'eway_form.tpl', 'N', 'P'),
	(24, 'iDeal Buckaroo', 'ideal_xml.php', 'views/orders/components/payments/cc_outside.tpl', 'ideal_xml.tpl', 'N', 'P'),
	(26, 'ServiRed', 'servired.php', 'views/orders/components/payments/cc_outside.tpl', 'servired.tpl', 'N', 'P'),
	(27, 'Innovative', 'innovative.php', 'views/orders/components/payments/cc.tpl', 'innovative.tpl', 'Y', 'P'),
	(28, 'DPS PX Post', 'dps_post.php', 'views/orders/components/payments/cc.tpl', 'dps_post.tpl', 'Y', 'P'),
	(29, 'DPS PX Access', 'dps_access.php', 'views/orders/components/payments/cc_outside.tpl', 'dps_access.tpl', 'N', 'P'),
	(30, 'Sage Payment Solutions', 'sage_payment.php', 'views/orders/components/payments/cc.tpl', 'sage_payment.tpl', 'Y', 'P'),
	(31, 'WorldPay', 'worldpay.php', 'views/orders/components/payments/cc_outside.tpl', 'worldpay.tpl', 'N', 'P'),
	(32, 'Pay & Read', 'pay_read.php', 'views/orders/components/payments/cc_outside.tpl', 'pay_read.tpl', 'N', 'P'),
	(33, 'ChronoPay', 'chronopay_form.php', 'views/orders/components/payments/cc_outside.tpl', 'chronopay_form.tpl', 'N', 'P'),
	(34, 'PayPoint', 'paypoint.php', 'views/orders/components/payments/cc_outside.tpl', 'paypoint.tpl', 'N', 'P'),
	(35, 'PayPoint XML', 'paypoint_xml.php', 'views/orders/components/payments/cc.tpl', 'paypoint_xml.tpl', 'N', 'P'),
	(37, 'ePDQ (Barclaycard)', 'epdq.php', 'views/orders/components/payments/cc_outside.tpl', 'epdq.tpl', 'Y', 'P'),
	(38, 'PayFlow Pro', 'payflow_pro.php', 'views/orders/components/payments/cc.tpl', 'payflow_pro.tpl', 'Y', 'P'),
	(39, 'ECHO', 'echo.php', 'views/orders/components/payments/cc.tpl', 'echo.tpl', 'Y', 'P'),
	(40, 'SCB', 'scb.php', 'views/orders/components/payments/cc_outside.tpl', 'scb.tpl', 'N', 'P'),
	(41, 'ESTpay', 'estpay.php', 'views/orders/components/payments/cc.tpl', 'estpay.tpl', 'Y', 'P'),
	(42, 'Atos', 'atos.php', 'views/orders/components/payments/cc_outside.tpl', 'atos.tpl', 'N', 'P'),
	(43, 'PayBox', 'paybox.php', 'views/orders/components/payments/cc_outside.tpl', 'paybox.tpl', 'N', 'P'),
	(44, 'Ogone [Direct]', 'ogone_direct.php', 'views/orders/components/payments/cc.tpl', 'ogone_direct.tpl', 'Y', 'P'),
	(45, 'Ogone [Web]', 'ogone_web.php', 'views/orders/components/payments/cc_outside.tpl', 'ogone_web.tpl', 'N', 'P'),
	(46, 'PRI [Form]', 'pri_form.php', 'views/orders/components/payments/cc_outside.tpl', 'pri_form.tpl', 'N', 'P'),
	(47, 'PRI [HTTPS Post]', 'pri_background.php', 'views/\norders/components/payments/cc.tpl', 'pri_background.tpl', 'Y', 'P'),
	(48, 'SP Plus', 'spplus.php', 'views/orders/components/payments/cc_outside.tpl', 'spplus.tpl', 'N', 'P'),
	(49, 'QB Merchant Service', 'qbms.php', 'views/orders/components/payments/cc.tpl', 'qbms.tpl', 'Y', 'P'),
	(50, 'CM CIC', 'cmcic.php', 'views/orders/components/payments/cc_outside.tpl', 'cmcic.tpl', 'N', 'P'),
	(52, 'Westpac', 'westpac.php', 'views/orders/components/payments/cc_outside.tpl', 'westpac.tpl', 'N', 'P'),
	(53, 'FRIbetaling', 'fribetaling.php', 'views/orders/components/payments/cc.tpl', 'fribetaling.tpl', 'N', 'P'),
	(54, 'DeltaPay', 'deltapay.php', 'views/orders/components/payments/cc_outside.tpl', 'deltapay.tpl', 'N', 'P'),
	(55, 'PayJunction', 'payjunction.php', 'views/orders/components/payments/cc.tpl', 'payjunction.tpl', 'Y', 'P'),
	(56, 'iDeal Basic (ING)', 'ideal_basic.php', 'views/orders/components/payments/cc_outside.tpl', 'ideal_basic.tpl', 'N', 'P'),
	(57, 'PayPal Express Checkout', 'paypal_express.php', 'views/orders/components/payments/cc_outside.tpl', 'paypal_express.tpl', 'Y', 'B'),
	(58, 'DataTrans', 'datatrans.php', 'views/orders/components/payments/cc_outside.tpl', 'datatrans.tpl', 'N', 'P'),
	(59, 'Total Web Solutions Pay Page', 'totalwebpp.php', 'views/orders/components/payments/cc_outside.tpl', 'totalwebpp.tpl', 'N', 'P'),
	(62, 'DIBS', 'dibs.php', 'views/orders/components/payments/cc_outside.tpl', 'dibs.tpl', 'N', 'P'),
	(63, 'iTransact Standard Form', 'itransact_standard_form.php', 'views/orders/components/payments/cc.tpl', 'itransact.tpl', 'N', 'P'),
	(64, 'iTransact Split Form', 'itransact_split_form.php', 'views/orders/components/payments/cc_outside.tpl', 'itransact.tpl', 'N', 'P'),
	(65, 'Gate2Shop', 'gate2shop.php', 'views/orders/components/payments/cc_outside.tpl', 'gate2shop.tpl', 'N', 'P'),
	(68, 'WorldNet TPS XML Gateway', 'worldnettpsxml.php', 'views/orders/components/payments/cc.tpl', 'worldnettpsxml.tpl', 'Y', 'P'),
	(69, 'CRE Secure', 'cresecure.php', 'views/orders/components/payments/cc_outside.tpl', 'cresecure.tpl', 'N', 'P'),
	(70, 'Winbank (Piraeus) Redirection', 'piraeus.php', 'views/orders/components/payments/cc_outside.tpl', 'piraeus.tpl', 'Y', 'P'),
	(71, 'DIRECTebanking.com', 'directebanking.php', 'views/orders/components/payments/cc_outside.tpl', 'directebanking.tpl', 'Y', 'P'),
	(72, 'Amazon checkout', 'amazon_checkout.php', 'views/orders/components/payments/cc_outside.tpl', 'amazon_checkout.tpl', 'Y', 'C'),
	(73, 'P21 Simple API', 'p21_simple_api.php', 'views/orders/components/payments/p21_simple_api.tpl', 'p21_simple_api.tpl', 'N', 'P'),
	(74, 'PayTrace', 'paytrace.php', 'views/orders/components/payments/cc.tpl', 'paytrace.tpl', 'Y', 'P'),
	(75, 'Skrill QuickCheckout (ex Moneybookers)', 'skrill.php', 'views/orders/components/payments/cc_outside.tpl', 'skrill_qc.tpl', 'Y', 'P'),
	(76, 'Skrill eWallet (ex Moneybookers)', 'skrill.php', 'views/orders/components/payments/cc_outside.tpl', 'skrill_ew.tpl', 'Y', 'P'),
	(77, 'CardSave Hosted', 'cardsave_hosted.php', 'views/orders/components/payments/cc_outside.tpl', 'cardsave_hosted.tpl', 'N', 'P'),
	(78, 'Rocketgate', 'rocketgate.php', 'views/orders/components/payments/cc.tpl', 'rocketgate.tpl', 'N', 'P'),
	(79, 'Merchant Warrior', 'merchant_warrior.php', 'views/orders/components/payments/cc.tpl', 'merchant_warrior.tpl', 'N', 'P'),
	(80, 'eWAY Shared Payment', 'eway_shared.php', 'views/orders/components/payments/cc_outside.tpl', 'eway_shared.tpl', 'Y', 'P'),
	(81, 'PayLeap', 'payleap.php', 'views/orders/components/payments/cc.tpl', 'payleap.tpl', 'N', 'P'),
	(82, 'DirectOne', 'direct_one.php', 'views/orders/components/payments/cc_outside.tpl', 'direct_one.tpl', 'N', 'P'),
	(83, 'eMerchantPay (Secure Payment Form)', 'emerchantpay.php', 'views/orders/components/payments/cc_outside.tpl', 'emerchantpay.tpl', 'N', 'P'),
	(84, 'PaysiteCash', 'paysitecash.php', 'views/orders/components/payments/cc_outside.tpl', 'paysitecash.tpl', 'N', 'P'),
	(90, 'Pay4Later', 'pay4later.php', 'views/orders/components/payments/cc_outside.tpl', 'pay4later.tpl', 'N', 'P'),
	(92, 'eWAY Direct Payment (Rapid API)', 'eway_rapidapi_direct.php', 'views/orders/components/payments/cc.tpl', 'eway_rapidapi.tpl', 'N', 'P'),
	(93, 'PayPal Advanced', 'paypal_advanced.php', 'views/orders/components/payments/cc_outside.tpl', 'paypal_advanced.tpl', 'N', 'P'),
	(95, '\neWAY Responsive Shared (Rapid API)', 'eway_rapidapi_rsp.php', 'views/orders/components/payments/cc_outside.tpl', 'eway_rapidapi_rsp.tpl', 'N', 'P'),
	(96, 'FuturePay', 'future_pay.php', 'views/orders/components/payments/cc_outside.tpl', 'future_pay.tpl', 'N', 'P'),
	(97, 'Alpha Bank', 'alpha_bank.php', 'views/orders/components/payments/cc_outside.tpl', 'alpha_bank.tpl', 'N', 'P');
/*!40000 ALTER TABLE `cscart_payment_processors` ENABLE KEYS */;


-- Dumping structure for table installer_skozachuk_cscart421u.cscart_polls
DROP TABLE IF EXISTS `cscart_polls`;
CREATE TABLE IF NOT EXISTS `cscart_polls` (
  `page_id` mediumint(8) unsigned NOT NULL DEFAULT '0',
  `start_date` int(11) unsigned NOT NULL DEFAULT '0',
  `end_date` int(11) unsigned NOT NULL DEFAULT '0',
  `show_results` char(1) NOT NULL DEFAULT 'V',
  PRIMARY KEY (`page_id`)
) ENGINE=MyISAM DEFAULT CHARSET=utf8;

-- Dumping data for table installer_skozachuk_cscart421u.cscart_polls: 0 rows
/*!40000 ALTER TABLE `cscart_polls` DISABLE KEYS */;
/*!40000 ALTER TABLE `cscart_polls` ENABLE KEYS */;


-- Dumping structure for table installer_skozachuk_cscart421u.cscart_polls_answers
DROP TABLE IF EXISTS `cscart_polls_answers`;
CREATE TABLE IF NOT EXISTS `cscart_polls_answers` (
  `answer_id` mediumint(8) unsigned NOT NULL DEFAULT '0',
  `vote_id` mediumint(8) unsigned NOT NULL DEFAULT '0',
  `item_id` mediumint(8) unsigned NOT NULL DEFAULT '0',
  `comment` varchar(255) NOT NULL DEFAULT '',
  PRIMARY KEY (`answer_id`,`vote_id`,`item_id`)
) ENGINE=MyISAM DEFAULT CHARSET=utf8;

-- Dumping data for table installer_skozachuk_cscart421u.cscart_polls_answers: 0 rows
/*!40000 ALTER TABLE `cscart_polls_answers` DISABLE KEYS */;
/*!40000 ALTER TABLE `cscart_polls_answers` ENABLE KEYS */;


-- Dumping structure for table installer_skozachuk_cscart421u.cscart_polls_votes
DROP TABLE IF EXISTS `cscart_polls_votes`;
CREATE TABLE IF NOT EXISTS `cscart_polls_votes` (
  `vote_id` mediumint(8) unsigned NOT NULL AUTO_INCREMENT,
  `page_id` mediumint(8) unsigned NOT NULL DEFAULT '0',
  `ip_address` varchar(15) NOT NULL DEFAULT '',
  `user_id` mediumint(8) unsigned NOT NULL DEFAULT '0',
  `time` int(11) NOT NULL DEFAULT '0',
  `type` char(1) NOT NULL DEFAULT '',
  PRIMARY KEY (`vote_id`)
) ENGINE=MyISAM DEFAULT CHARSET=utf8;

-- Dumping data for table installer_skozachuk_cscart421u.cscart_polls_votes: 0 rows
/*!40000 ALTER TABLE `cscart_polls_votes` DISABLE KEYS */;
/*!40000 ALTER TABLE `cscart_polls_votes` ENABLE KEYS */;


-- Dumping structure for table installer_skozachuk_cscart421u.cscart_poll_descriptions
DROP TABLE IF EXISTS `cscart_poll_descriptions`;
CREATE TABLE IF NOT EXISTS `cscart_poll_descriptions` (
  `object_id` mediumint(8) unsigned NOT NULL DEFAULT '0',
  `page_id` mediumint(8) unsigned NOT NULL DEFAULT '0',
  `lang_code` char(2) NOT NULL DEFAULT '',
  `type` char(1) NOT NULL DEFAULT 'P',
  `description` mediumtext NOT NULL,
  PRIMARY KEY (`object_id`,`lang_code`,`type`),
  KEY `page_id` (`page_id`)
) ENGINE=MyISAM DEFAULT CHARSET=utf8;

-- Dumping data for table installer_skozachuk_cscart421u.cscart_poll_descriptions: 0 rows
/*!40000 ALTER TABLE `cscart_poll_descriptions` DISABLE KEYS */;
/*!40000 ALTER TABLE `cscart_poll_descriptions` ENABLE KEYS */;


-- Dumping structure for table installer_skozachuk_cscart421u.cscart_poll_items
DROP TABLE IF EXISTS `cscart_poll_items`;
CREATE TABLE IF NOT EXISTS `cscart_poll_items` (
  `item_id` mediumint(8) unsigned NOT NULL AUTO_INCREMENT,
  `parent_id` mediumint(8) unsigned NOT NULL DEFAULT '0',
  `type` char(1) NOT NULL DEFAULT 'Q',
  `position` smallint(5) NOT NULL DEFAULT '0',
  `required` char(1) NOT NULL DEFAULT '',
  `page_id` mediumint(8) unsigned NOT NULL DEFAULT '0',
  PRIMARY KEY (`item_id`),
  KEY `parent_id` (`parent_id`),
  KEY `type` (`type`),
  KEY `page_id` (`page_id`)
) ENGINE=MyISAM DEFAULT CHARSET=utf8;

-- Dumping data for table installer_skozachuk_cscart421u.cscart_poll_items: 0 rows
/*!40000 ALTER TABLE `cscart_poll_items` DISABLE KEYS */;
/*!40000 ALTER TABLE `cscart_poll_items` ENABLE KEYS */;


-- Dumping structure for table installer_skozachuk_cscart421u.cscart_privileges
DROP TABLE IF EXISTS `cscart_privileges`;
CREATE TABLE IF NOT EXISTS `cscart_privileges` (
  `privilege` varchar(32) NOT NULL DEFAULT '',
  `is_default` char(1) NOT NULL DEFAULT 'N',
  `section_id` varchar(32) NOT NULL DEFAULT '',
  PRIMARY KEY (`privilege`),
  KEY `section_id` (`section_id`)
) ENGINE=MyISAM DEFAULT CHARSET=utf8;

-- Dumping data for table installer_skozachuk_cscart421u.cscart_privileges: 61 rows
/*!40000 ALTER TABLE `cscart_privileges` DISABLE KEYS */;
INSERT INTO `cscart_privileges` (`privilege`, `is_default`, `section_id`) VALUES
	('edit_order', 'Y', 'orders'),
	('create_order', 'Y', 'orders'),
	('view_orders', 'Y', 'orders'),
	('change_order_status', 'Y', 'orders'),
	('delete_orders', 'Y', 'orders'),
	('view_reports', 'Y', 'orders'),
	('manage_reports', 'Y', 'orders'),
	('view_catalog', 'Y', 'catalog'),
	('manage_catalog', 'Y', 'catalog'),
	('view_users', 'Y', 'users'),
	('manage_users', 'Y', 'users'),
	('view_usergroups', 'Y', 'users'),
	('manage_usergroups', 'Y', 'users'),
	('view_shipping', 'Y', 'cart'),
	('manage_shipping', 'Y', 'cart'),
	('view_taxes', 'Y', 'cart'),
	('manage_taxes', 'Y', 'cart'),
	('view_locations', 'Y', 'cart'),
	('manage_locations', 'Y', 'cart'),
	('view_payments', 'Y', 'cart'),
	('manage_payments', 'Y', 'cart'),
	('view_settings', 'Y', 'administration'),
	('update_settings', 'Y', 'administration'),
	('view_languages', 'Y', 'administration'),
	('manage_languages', 'Y', 'administration'),
	('manage_translation', 'Y', 'administration'),
	('manage_storage', 'Y', 'administration'),
	('view_static_data', 'Y', 'administration'),
	('manage_static_data', 'Y', 'administration'),
	('upgrade_store', 'Y', 'administration'),
	('view_currencies', 'Y', 'administration'),
	('manage_currencies', 'Y', 'administration'),
	('database_maintenance', 'Y', 'administration'),
	('edit_files', 'Y', 'design'),
	('edit_blocks', 'Y', 'design'),
	('manage_sitemap', 'Y', 'design'),
	('manage_design', 'Y', 'design'),
	('manage_themes', 'Y', 'design'),
	('view_pages', 'Y', 'cms'),
	('manage_pages', 'Y', 'cms'),
	('view_logs', 'Y', 'administration'),
	('delete_logs', 'Y', 'administration'),
	('manage_promotions', 'Y', 'catalog'),
	('manage_order_statuses', 'Y', 'orders'),
	('exim_access', 'Y', 'administration'),
	('view_stores', 'Y', 'vendors'),
	('manage_stores', 'Y', 'vendors'),
	('manage_access_restrictions', 'Y', 'addons'),
	('view_banners', 'Y', 'design'),
	('manage_banners', 'Y', 'design'),
	('view_discussions', 'Y', 'cms'),
	('manage_discussions', 'Y', 'cms'),
	('view_email_marketing', 'Y', 'cms'),
	('manage_email_marketing', 'Y', 'cms'),
	('manage_gift_certificates', 'Y', 'addons'),
	('view_news', 'Y', 'cms'),
	('manage_news', 'Y', 'cms'),
	('manage_reward_points', 'Y', 'addons'),
	('manage_rma', 'Y', 'addons'),
	('manage_seo_rules', 'Y', 'addons'),
	('view_seo_rules', 'Y', 'addons');
/*!40000 ALTER TABLE `cscart_privileges` ENABLE KEYS */;


-- Dumping structure for table installer_skozachuk_cscart421u.cscart_products
DROP TABLE IF EXISTS `cscart_products`;
CREATE TABLE IF NOT EXISTS `cscart_products` (
  `product_id` mediumint(8) unsigned NOT NULL AUTO_INCREMENT,
  `product_code` varchar(32) NOT NULL DEFAULT '',
  `product_type` char(1) NOT NULL DEFAULT 'P',
  `status` char(1) NOT NULL DEFAULT 'A',
  `company_id` int(11) unsigned NOT NULL DEFAULT '0',
  `list_price` decimal(12,2) NOT NULL DEFAULT '0.00',
  `amount` mediumint(8) NOT NULL DEFAULT '0',
  `weight` decimal(12,2) NOT NULL DEFAULT '0.00',
  `length` mediumint(8) unsigned NOT NULL DEFAULT '0',
  `width` mediumint(8) unsigned NOT NULL DEFAULT '0',
  `height` mediumint(8) unsigned NOT NULL DEFAULT '0',
  `shipping_freight` decimal(12,2) NOT NULL DEFAULT '0.00',
  `low_avail_limit` mediumint(8) unsigned NOT NULL DEFAULT '0',
  `timestamp` int(11) unsigned NOT NULL DEFAULT '0',
  `updated_timestamp` int(11) unsigned NOT NULL DEFAULT '0',
  `usergroup_ids` varchar(255) NOT NULL DEFAULT '0',
  `is_edp` char(1) NOT NULL DEFAULT 'N',
  `edp_shipping` char(1) NOT NULL DEFAULT 'N',
  `unlimited_download` char(1) NOT NULL DEFAULT 'N',
  `tracking` char(1) NOT NULL DEFAULT 'B',
  `free_shipping` char(1) NOT NULL DEFAULT 'N',
  `feature_comparison` char(1) NOT NULL DEFAULT 'N',
  `zero_price_action` char(1) NOT NULL DEFAULT 'R',
  `is_pbp` char(1) NOT NULL DEFAULT 'N',
  `is_op` char(1) NOT NULL DEFAULT 'N',
  `is_oper` char(1) NOT NULL DEFAULT 'N',
  `is_returnable` char(1) NOT NULL DEFAULT 'Y',
  `return_period` int(11) unsigned NOT NULL DEFAULT '10',
  `avail_since` int(11) unsigned NOT NULL DEFAULT '0',
  `out_of_stock_actions` char(1) NOT NULL DEFAULT 'N',
  `localization` varchar(255) NOT NULL DEFAULT '',
  `min_qty` smallint(5) NOT NULL DEFAULT '0',
  `max_qty` smallint(5) NOT NULL DEFAULT '0',
  `qty_step` smallint(5) NOT NULL DEFAULT '0',
  `list_qty_count` smallint(5) NOT NULL DEFAULT '0',
  `tax_ids` varchar(255) NOT NULL DEFAULT '',
  `age_verification` char(1) NOT NULL DEFAULT 'N',
  `age_limit` tinyint(4) NOT NULL DEFAULT '0',
  `options_type` char(1) NOT NULL DEFAULT 'P',
  `exceptions_type` char(1) NOT NULL DEFAULT 'F',
  `details_layout` varchar(50) NOT NULL DEFAULT '',
  `shipping_params` varchar(255) NOT NULL DEFAULT '',
  `buy_now_url` varchar(255) NOT NULL,
  `facebook_obj_type` varchar(64) NOT NULL,
  PRIMARY KEY (`product_id`),
  KEY `age_verification` (`age_verification`,`age_limit`),
  KEY `status` (`status`)
) ENGINE=MyISAM DEFAULT CHARSET=utf8;

-- Dumping data for table installer_skozachuk_cscart421u.cscart_products: 0 rows
/*!40000 ALTER TABLE `cscart_products` DISABLE KEYS */;
/*!40000 ALTER TABLE `cscart_products` ENABLE KEYS */;


-- Dumping structure for table installer_skozachuk_cscart421u.cscart_products_categories
DROP TABLE IF EXISTS `cscart_products_categories`;
CREATE TABLE IF NOT EXISTS `cscart_products_categories` (
  `product_id` mediumint(8) unsigned NOT NULL DEFAULT '0',
  `category_id` mediumint(8) unsigned NOT NULL DEFAULT '0',
  `link_type` char(1) NOT NULL DEFAULT 'M',
  `position` smallint(5) unsigned NOT NULL DEFAULT '0',
  PRIMARY KEY (`category_id`,`product_id`),
  KEY `link_type` (`link_type`),
  KEY `pt` (`product_id`,`link_type`)
) ENGINE=MyISAM DEFAULT CHARSET=utf8;

-- Dumping data for table installer_skozachuk_cscart421u.cscart_products_categories: 0 rows
/*!40000 ALTER TABLE `cscart_products_categories` DISABLE KEYS */;
/*!40000 ALTER TABLE `cscart_products_categories` ENABLE KEYS */;


-- Dumping structure for table installer_skozachuk_cscart421u.cscart_product_descriptions
DROP TABLE IF EXISTS `cscart_product_descriptions`;
CREATE TABLE IF NOT EXISTS `cscart_product_descriptions` (
  `product_id` mediumint(8) unsigned NOT NULL DEFAULT '0',
  `lang_code` char(2) NOT NULL DEFAULT '',
  `product` varchar(255) NOT NULL DEFAULT '',
  `shortname` varchar(255) NOT NULL DEFAULT '',
  `short_description` mediumtext NOT NULL,
  `full_description` mediumtext NOT NULL,
  `meta_keywords` varchar(255) NOT NULL DEFAULT '',
  `meta_description` varchar(255) NOT NULL DEFAULT '',
  `search_words` text NOT NULL,
  `page_title` varchar(255) NOT NULL DEFAULT '',
  `age_warning_message` text NOT NULL,
  `promo_text` mediumtext NOT NULL,
  PRIMARY KEY (`product_id`,`lang_code`),
  KEY `product_id` (`product_id`)
) ENGINE=MyISAM DEFAULT CHARSET=utf8;

-- Dumping data for table installer_skozachuk_cscart421u.cscart_product_descriptions: 0 rows
/*!40000 ALTER TABLE `cscart_product_descriptions` DISABLE KEYS */;
/*!40000 ALTER TABLE `cscart_product_descriptions` ENABLE KEYS */;


-- Dumping structure for table installer_skozachuk_cscart421u.cscart_product_features
DROP TABLE IF EXISTS `cscart_product_features`;
CREATE TABLE IF NOT EXISTS `cscart_product_features` (
  `feature_id` mediumint(8) unsigned NOT NULL AUTO_INCREMENT,
  `feature_code` varchar(32) NOT NULL DEFAULT '',
  `company_id` int(11) unsigned NOT NULL,
  `feature_type` char(1) NOT NULL DEFAULT 'T',
  `categories_path` text NOT NULL,
  `parent_id` mediumint(8) unsigned NOT NULL DEFAULT '0',
  `display_on_product` char(1) NOT NULL DEFAULT 'Y',
  `display_on_catalog` char(1) NOT NULL DEFAULT 'Y',
  `display_on_header` char(1) NOT NULL DEFAULT 'N',
  `status` char(1) NOT NULL DEFAULT 'A',
  `position` smallint(5) unsigned NOT NULL DEFAULT '0',
  `comparison` char(1) NOT NULL DEFAULT 'N',
  PRIMARY KEY (`feature_id`),
  KEY `status` (`status`),
  KEY `company_id` (`company_id`)
) ENGINE=MyISAM DEFAULT CHARSET=utf8;

-- Dumping data for table installer_skozachuk_cscart421u.cscart_product_features: 0 rows
/*!40000 ALTER TABLE `cscart_product_features` DISABLE KEYS */;
/*!40000 ALTER TABLE `cscart_product_features` ENABLE KEYS */;


-- Dumping structure for table installer_skozachuk_cscart421u.cscart_product_features_descriptions
DROP TABLE IF EXISTS `cscart_product_features_descriptions`;
CREATE TABLE IF NOT EXISTS `cscart_product_features_descriptions` (
  `feature_id` mediumint(8) unsigned NOT NULL DEFAULT '0',
  `description` varchar(255) NOT NULL DEFAULT '',
  `full_description` mediumtext NOT NULL,
  `prefix` varchar(128) NOT NULL DEFAULT '',
  `suffix` varchar(128) NOT NULL DEFAULT '',
  `lang_code` char(2) NOT NULL DEFAULT '',
  PRIMARY KEY (`feature_id`,`lang_code`)
) ENGINE=MyISAM DEFAULT CHARSET=utf8;

-- Dumping data for table installer_skozachuk_cscart421u.cscart_product_features_descriptions: 0 rows
/*!40000 ALTER TABLE `cscart_product_features_descriptions` DISABLE KEYS */;
/*!40000 ALTER TABLE `cscart_product_features_descriptions` ENABLE KEYS */;


-- Dumping structure for table installer_skozachuk_cscart421u.cscart_product_features_values
DROP TABLE IF EXISTS `cscart_product_features_values`;
CREATE TABLE IF NOT EXISTS `cscart_product_features_values` (
  `feature_id` mediumint(8) unsigned NOT NULL DEFAULT '0',
  `product_id` mediumint(8) unsigned NOT NULL DEFAULT '0',
  `variant_id` mediumint(8) unsigned NOT NULL DEFAULT '0',
  `value` varchar(255) NOT NULL DEFAULT '',
  `value_int` double(12,2) DEFAULT NULL,
  `lang_code` char(2) NOT NULL DEFAULT '',
  PRIMARY KEY (`feature_id`,`product_id`,`variant_id`,`lang_code`),
  KEY `fl` (`feature_id`,`lang_code`,`variant_id`,`value`,`value_int`),
  KEY `variant_id` (`variant_id`),
  KEY `lang_code` (`lang_code`),
  KEY `product_id` (`product_id`),
  KEY `fpl` (`feature_id`,`product_id`,`lang_code`)
) ENGINE=MyISAM DEFAULT CHARSET=utf8;

-- Dumping data for table installer_skozachuk_cscart421u.cscart_product_features_values: 0 rows
/*!40000 ALTER TABLE `cscart_product_features_values` DISABLE KEYS */;
/*!40000 ALTER TABLE `cscart_product_features_values` ENABLE KEYS */;


-- Dumping structure for table installer_skozachuk_cscart421u.cscart_product_feature_variants
DROP TABLE IF EXISTS `cscart_product_feature_variants`;
CREATE TABLE IF NOT EXISTS `cscart_product_feature_variants` (
  `variant_id` mediumint(8) unsigned NOT NULL AUTO_INCREMENT,
  `feature_id` mediumint(8) unsigned NOT NULL DEFAULT '0',
  `url` varchar(255) NOT NULL DEFAULT '',
  `position` smallint(5) unsigned NOT NULL DEFAULT '0',
  PRIMARY KEY (`variant_id`),
  KEY `feature_id` (`feature_id`),
  KEY `position` (`position`)
) ENGINE=MyISAM DEFAULT CHARSET=utf8;

-- Dumping data for table installer_skozachuk_cscart421u.cscart_product_feature_variants: 0 rows
/*!40000 ALTER TABLE `cscart_product_feature_variants` DISABLE KEYS */;
/*!40000 ALTER TABLE `cscart_product_feature_variants` ENABLE KEYS */;


-- Dumping structure for table installer_skozachuk_cscart421u.cscart_product_feature_variant_descriptions
DROP TABLE IF EXISTS `cscart_product_feature_variant_descriptions`;
CREATE TABLE IF NOT EXISTS `cscart_product_feature_variant_descriptions` (
  `variant_id` mediumint(8) unsigned NOT NULL DEFAULT '0',
  `variant` varchar(255) NOT NULL DEFAULT '',
  `description` mediumtext NOT NULL,
  `page_title` varchar(255) NOT NULL DEFAULT '',
  `meta_keywords` varchar(255) NOT NULL DEFAULT '',
  `meta_description` varchar(255) NOT NULL DEFAULT '',
  `lang_code` char(2) NOT NULL DEFAULT '',
  PRIMARY KEY (`variant_id`,`lang_code`)
) ENGINE=MyISAM DEFAULT CHARSET=utf8;

-- Dumping data for table installer_skozachuk_cscart421u.cscart_product_feature_variant_descriptions: 0 rows
/*!40000 ALTER TABLE `cscart_product_feature_variant_descriptions` DISABLE KEYS */;
/*!40000 ALTER TABLE `cscart_product_feature_variant_descriptions` ENABLE KEYS */;


-- Dumping structure for table installer_skozachuk_cscart421u.cscart_product_files
DROP TABLE IF EXISTS `cscart_product_files`;
CREATE TABLE IF NOT EXISTS `cscart_product_files` (
  `file_id` mediumint(8) unsigned NOT NULL AUTO_INCREMENT,
  `folder_id` mediumint(8) unsigned DEFAULT NULL,
  `product_id` mediumint(8) unsigned NOT NULL DEFAULT '0',
  `file_path` varchar(255) NOT NULL DEFAULT '',
  `preview_path` varchar(255) NOT NULL DEFAULT '',
  `file_size` int(11) unsigned NOT NULL DEFAULT '0',
  `preview_size` int(11) unsigned NOT NULL DEFAULT '0',
  `agreement` char(1) NOT NULL DEFAULT 'N',
  `max_downloads` smallint(5) unsigned NOT NULL DEFAULT '0',
  `total_downloads` smallint(5) unsigned NOT NULL DEFAULT '0',
  `activation_type` char(1) NOT NULL DEFAULT 'M',
  `position` smallint(5) NOT NULL DEFAULT '0',
  `status` char(1) NOT NULL DEFAULT 'A',
  PRIMARY KEY (`file_id`),
  KEY `product_id` (`product_id`)
) ENGINE=MyISAM DEFAULT CHARSET=utf8;

-- Dumping data for table installer_skozachuk_cscart421u.cscart_product_files: 0 rows
/*!40000 ALTER TABLE `cscart_product_files` DISABLE KEYS */;
/*!40000 ALTER TABLE `cscart_product_files` ENABLE KEYS */;


-- Dumping structure for table installer_skozachuk_cscart421u.cscart_product_file_descriptions
DROP TABLE IF EXISTS `cscart_product_file_descriptions`;
CREATE TABLE IF NOT EXISTS `cscart_product_file_descriptions` (
  `file_id` mediumint(8) unsigned NOT NULL DEFAULT '0',
  `lang_code` char(2) NOT NULL DEFAULT '',
  `file_name` varchar(255) NOT NULL DEFAULT '',
  `license` text NOT NULL,
  `readme` text NOT NULL,
  PRIMARY KEY (`file_id`,`lang_code`)
) ENGINE=MyISAM DEFAULT CHARSET=utf8;

-- Dumping data for table installer_skozachuk_cscart421u.cscart_product_file_descriptions: 0 rows
/*!40000 ALTER TABLE `cscart_product_file_descriptions` DISABLE KEYS */;
/*!40000 ALTER TABLE `cscart_product_file_descriptions` ENABLE KEYS */;


-- Dumping structure for table installer_skozachuk_cscart421u.cscart_product_file_ekeys
DROP TABLE IF EXISTS `cscart_product_file_ekeys`;
CREATE TABLE IF NOT EXISTS `cscart_product_file_ekeys` (
  `ekey` varchar(32) NOT NULL DEFAULT '',
  `file_id` mediumint(8) unsigned NOT NULL DEFAULT '0',
  `product_id` mediumint(8) unsigned NOT NULL DEFAULT '0',
  `order_id` mediumint(8) unsigned NOT NULL DEFAULT '0',
  `downloads` mediumint(8) unsigned NOT NULL DEFAULT '0',
  `active` char(1) NOT NULL DEFAULT 'N',
  `ttl` int(11) NOT NULL DEFAULT '0',
  PRIMARY KEY (`file_id`,`order_id`),
  UNIQUE KEY `ekey` (`ekey`),
  KEY `ttl` (`ttl`)
) ENGINE=MyISAM DEFAULT CHARSET=utf8;

-- Dumping data for table installer_skozachuk_cscart421u.cscart_product_file_ekeys: 0 rows
/*!40000 ALTER TABLE `cscart_product_file_ekeys` DISABLE KEYS */;
/*!40000 ALTER TABLE `cscart_product_file_ekeys` ENABLE KEYS */;


-- Dumping structure for table installer_skozachuk_cscart421u.cscart_product_file_folders
DROP TABLE IF EXISTS `cscart_product_file_folders`;
CREATE TABLE IF NOT EXISTS `cscart_product_file_folders` (
  `folder_id` mediumint(8) unsigned NOT NULL AUTO_INCREMENT,
  `product_id` mediumint(8) unsigned NOT NULL DEFAULT '0',
  `position` smallint(5) NOT NULL DEFAULT '0',
  `status` char(1) NOT NULL DEFAULT 'A',
  PRIMARY KEY (`folder_id`),
  KEY `product_id` (`product_id`)
) ENGINE=MyISAM DEFAULT CHARSET=utf8;

-- Dumping data for table installer_skozachuk_cscart421u.cscart_product_file_folders: 0 rows
/*!40000 ALTER TABLE `cscart_product_file_folders` DISABLE KEYS */;
/*!40000 ALTER TABLE `cscart_product_file_folders` ENABLE KEYS */;


-- Dumping structure for table installer_skozachuk_cscart421u.cscart_product_file_folder_descriptions
DROP TABLE IF EXISTS `cscart_product_file_folder_descriptions`;
CREATE TABLE IF NOT EXISTS `cscart_product_file_folder_descriptions` (
  `folder_id` mediumint(8) unsigned NOT NULL DEFAULT '0',
  `lang_code` char(2) NOT NULL DEFAULT '',
  `folder_name` varchar(255) NOT NULL DEFAULT '',
  PRIMARY KEY (`folder_id`,`lang_code`)
) ENGINE=MyISAM DEFAULT CHARSET=utf8;

-- Dumping data for table installer_skozachuk_cscart421u.cscart_product_file_folder_descriptions: 0 rows
/*!40000 ALTER TABLE `cscart_product_file_folder_descriptions` DISABLE KEYS */;
/*!40000 ALTER TABLE `cscart_product_file_folder_descriptions` ENABLE KEYS */;


-- Dumping structure for table installer_skozachuk_cscart421u.cscart_product_filters
DROP TABLE IF EXISTS `cscart_product_filters`;
CREATE TABLE IF NOT EXISTS `cscart_product_filters` (
  `filter_id` mediumint(8) unsigned NOT NULL AUTO_INCREMENT,
  `categories_path` text NOT NULL,
  `company_id` int(11) unsigned DEFAULT '0',
  `feature_id` mediumint(8) unsigned NOT NULL DEFAULT '0',
  `position` smallint(5) unsigned NOT NULL DEFAULT '0',
  `field_type` char(1) NOT NULL DEFAULT '',
  `show_on_home_page` char(1) NOT NULL DEFAULT 'N',
  `status` char(1) NOT NULL DEFAULT 'A',
  `round_to` smallint(5) unsigned NOT NULL DEFAULT '1',
  `display` char(1) NOT NULL DEFAULT 'Y',
  `display_count` smallint(5) unsigned NOT NULL DEFAULT '10',
  `display_more_count` smallint(5) unsigned NOT NULL DEFAULT '20',
  PRIMARY KEY (`filter_id`),
  KEY `feature_id` (`feature_id`),
  KEY `company_id` (`company_id`)
) ENGINE=MyISAM DEFAULT CHARSET=utf8;

-- Dumping data for table installer_skozachuk_cscart421u.cscart_product_filters: 0 rows
/*!40000 ALTER TABLE `cscart_product_filters` DISABLE KEYS */;
/*!40000 ALTER TABLE `cscart_product_filters` ENABLE KEYS */;


-- Dumping structure for table installer_skozachuk_cscart421u.cscart_product_filter_descriptions
DROP TABLE IF EXISTS `cscart_product_filter_descriptions`;
CREATE TABLE IF NOT EXISTS `cscart_product_filter_descriptions` (
  `filter_id` mediumint(8) unsigned NOT NULL DEFAULT '0',
  `lang_code` char(2) NOT NULL DEFAULT '',
  `filter` varchar(255) NOT NULL DEFAULT '',
  PRIMARY KEY (`filter_id`,`lang_code`)
) ENGINE=MyISAM DEFAULT CHARSET=utf8;

-- Dumping data for table installer_skozachuk_cscart421u.cscart_product_filter_descriptions: 0 rows
/*!40000 ALTER TABLE `cscart_product_filter_descriptions` DISABLE KEYS */;
/*!40000 ALTER TABLE `cscart_product_filter_descriptions` ENABLE KEYS */;


-- Dumping structure for table installer_skozachuk_cscart421u.cscart_product_filter_ranges
DROP TABLE IF EXISTS `cscart_product_filter_ranges`;
CREATE TABLE IF NOT EXISTS `cscart_product_filter_ranges` (
  `range_id` mediumint(8) unsigned NOT NULL AUTO_INCREMENT,
  `feature_id` mediumint(8) unsigned NOT NULL DEFAULT '0',
  `filter_id` mediumint(8) unsigned NOT NULL DEFAULT '0',
  `from` decimal(12,2) NOT NULL DEFAULT '0.00',
  `to` decimal(12,2) NOT NULL DEFAULT '0.00',
  `position` smallint(5) unsigned NOT NULL DEFAULT '0',
  PRIMARY KEY (`range_id`),
  KEY `from` (`from`,`to`),
  KEY `filter_id` (`filter_id`),
  KEY `feature_id` (`feature_id`)
) ENGINE=MyISAM DEFAULT CHARSET=utf8;

-- Dumping data for table installer_skozachuk_cscart421u.cscart_product_filter_ranges: 0 rows
/*!40000 ALTER TABLE `cscart_product_filter_ranges` DISABLE KEYS */;
/*!40000 ALTER TABLE `cscart_product_filter_ranges` ENABLE KEYS */;


-- Dumping structure for table installer_skozachuk_cscart421u.cscart_product_filter_ranges_descriptions
DROP TABLE IF EXISTS `cscart_product_filter_ranges_descriptions`;
CREATE TABLE IF NOT EXISTS `cscart_product_filter_ranges_descriptions` (
  `range_id` mediumint(8) unsigned NOT NULL DEFAULT '0',
  `lang_code` char(2) NOT NULL DEFAULT '',
  `range_name` varchar(255) NOT NULL DEFAULT '',
  PRIMARY KEY (`range_id`,`lang_code`)
) ENGINE=MyISAM DEFAULT CHARSET=utf8;

-- Dumping data for table installer_skozachuk_cscart421u.cscart_product_filter_ranges_descriptions: 0 rows
/*!40000 ALTER TABLE `cscart_product_filter_ranges_descriptions` DISABLE KEYS */;
/*!40000 ALTER TABLE `cscart_product_filter_ranges_descriptions` ENABLE KEYS */;


-- Dumping structure for table installer_skozachuk_cscart421u.cscart_product_global_option_links
DROP TABLE IF EXISTS `cscart_product_global_option_links`;
CREATE TABLE IF NOT EXISTS `cscart_product_global_option_links` (
  `option_id` mediumint(8) unsigned NOT NULL DEFAULT '0',
  `product_id` mediumint(8) unsigned NOT NULL DEFAULT '0',
  PRIMARY KEY (`option_id`,`product_id`),
  KEY `product_id` (`product_id`)
) ENGINE=MyISAM DEFAULT CHARSET=utf8;

-- Dumping data for table installer_skozachuk_cscart421u.cscart_product_global_option_links: 0 rows
/*!40000 ALTER TABLE `cscart_product_global_option_links` DISABLE KEYS */;
/*!40000 ALTER TABLE `cscart_product_global_option_links` ENABLE KEYS */;


-- Dumping structure for table installer_skozachuk_cscart421u.cscart_product_options
DROP TABLE IF EXISTS `cscart_product_options`;
CREATE TABLE IF NOT EXISTS `cscart_product_options` (
  `option_id` mediumint(8) unsigned NOT NULL AUTO_INCREMENT,
  `product_id` mediumint(8) unsigned NOT NULL DEFAULT '0',
  `company_id` int(11) unsigned NOT NULL DEFAULT '0',
  `option_type` char(1) NOT NULL DEFAULT 'S',
  `inventory` char(1) NOT NULL DEFAULT 'Y',
  `regexp` varchar(255) NOT NULL DEFAULT '',
  `required` char(1) NOT NULL DEFAULT 'N',
  `multiupload` char(1) NOT NULL DEFAULT 'N',
  `allowed_extensions` varchar(255) NOT NULL DEFAULT '',
  `max_file_size` int(11) NOT NULL DEFAULT '0',
  `missing_variants_handling` char(1) NOT NULL DEFAULT 'M',
  `status` char(1) NOT NULL DEFAULT 'A',
  `position` smallint(5) unsigned NOT NULL DEFAULT '0',
  `value` varchar(255) NOT NULL DEFAULT '',
  PRIMARY KEY (`option_id`),
  KEY `c_status` (`product_id`,`status`),
  KEY `position` (`position`)
) ENGINE=MyISAM DEFAULT CHARSET=utf8;

-- Dumping data for table installer_skozachuk_cscart421u.cscart_product_options: 0 rows
/*!40000 ALTER TABLE `cscart_product_options` DISABLE KEYS */;
/*!40000 ALTER TABLE `cscart_product_options` ENABLE KEYS */;


-- Dumping structure for table installer_skozachuk_cscart421u.cscart_product_options_descriptions
DROP TABLE IF EXISTS `cscart_product_options_descriptions`;
CREATE TABLE IF NOT EXISTS `cscart_product_options_descriptions` (
  `option_id` mediumint(8) unsigned NOT NULL DEFAULT '0',
  `lang_code` char(2) NOT NULL DEFAULT '',
  `option_name` varchar(64) NOT NULL DEFAULT '',
  `option_text` varchar(255) NOT NULL DEFAULT '',
  `description` mediumtext NOT NULL,
  `comment` varchar(255) NOT NULL DEFAULT '',
  `inner_hint` varchar(255) NOT NULL DEFAULT '',
  `incorrect_message` varchar(255) NOT NULL DEFAULT '',
  PRIMARY KEY (`option_id`,`lang_code`)
) ENGINE=MyISAM DEFAULT CHARSET=utf8;

-- Dumping data for table installer_skozachuk_cscart421u.cscart_product_options_descriptions: 0 rows
/*!40000 ALTER TABLE `cscart_product_options_descriptions` DISABLE KEYS */;
/*!40000 ALTER TABLE `cscart_product_options_descriptions` ENABLE KEYS */;


-- Dumping structure for table installer_skozachuk_cscart421u.cscart_product_options_exceptions
DROP TABLE IF EXISTS `cscart_product_options_exceptions`;
CREATE TABLE IF NOT EXISTS `cscart_product_options_exceptions` (
  `exception_id` mediumint(8) unsigned NOT NULL AUTO_INCREMENT,
  `product_id` mediumint(8) unsigned NOT NULL DEFAULT '0',
  `combination` text NOT NULL,
  PRIMARY KEY (`exception_id`),
  KEY `product` (`product_id`)
) ENGINE=MyISAM DEFAULT CHARSET=utf8;

-- Dumping data for table installer_skozachuk_cscart421u.cscart_product_options_exceptions: 0 rows
/*!40000 ALTER TABLE `cscart_product_options_exceptions` DISABLE KEYS */;
/*!40000 ALTER TABLE `cscart_product_options_exceptions` ENABLE KEYS */;


-- Dumping structure for table installer_skozachuk_cscart421u.cscart_product_options_inventory
DROP TABLE IF EXISTS `cscart_product_options_inventory`;
CREATE TABLE IF NOT EXISTS `cscart_product_options_inventory` (
  `product_id` mediumint(8) unsigned NOT NULL DEFAULT '0',
  `product_code` varchar(32) NOT NULL DEFAULT '',
  `combination_hash` int(11) unsigned NOT NULL DEFAULT '0',
  `combination` varchar(255) NOT NULL DEFAULT '',
  `amount` mediumint(8) NOT NULL DEFAULT '0',
  `temp` char(1) NOT NULL DEFAULT 'N',
  `position` smallint(5) unsigned NOT NULL DEFAULT '0',
  PRIMARY KEY (`combination_hash`),
  KEY `pc` (`product_id`,`combination`)
) ENGINE=MyISAM DEFAULT CHARSET=utf8;

-- Dumping data for table installer_skozachuk_cscart421u.cscart_product_options_inventory: 0 rows
/*!40000 ALTER TABLE `cscart_product_options_inventory` DISABLE KEYS */;
/*!40000 ALTER TABLE `cscart_product_options_inventory` ENABLE KEYS */;


-- Dumping structure for table installer_skozachuk_cscart421u.cscart_product_option_variants
DROP TABLE IF EXISTS `cscart_product_option_variants`;
CREATE TABLE IF NOT EXISTS `cscart_product_option_variants` (
  `variant_id` mediumint(8) unsigned NOT NULL AUTO_INCREMENT,
  `option_id` mediumint(8) unsigned NOT NULL DEFAULT '0',
  `position` smallint(5) unsigned NOT NULL DEFAULT '0',
  `modifier` decimal(13,3) NOT NULL DEFAULT '0.000',
  `modifier_type` char(1) NOT NULL DEFAULT 'A',
  `weight_modifier` decimal(12,3) NOT NULL DEFAULT '0.000',
  `weight_modifier_type` char(1) NOT NULL DEFAULT 'A',
  `point_modifier` decimal(12,3) NOT NULL DEFAULT '0.000',
  `point_modifier_type` char(1) NOT NULL DEFAULT 'A',
  `status` char(1) NOT NULL DEFAULT 'A',
  PRIMARY KEY (`variant_id`),
  KEY `position` (`position`),
  KEY `status` (`status`),
  KEY `option_id` (`option_id`,`status`),
  KEY `option_id_2` (`option_id`,`variant_id`)
) ENGINE=MyISAM DEFAULT CHARSET=utf8;

-- Dumping data for table installer_skozachuk_cscart421u.cscart_product_option_variants: 0 rows
/*!40000 ALTER TABLE `cscart_product_option_variants` DISABLE KEYS */;
/*!40000 ALTER TABLE `cscart_product_option_variants` ENABLE KEYS */;


-- Dumping structure for table installer_skozachuk_cscart421u.cscart_product_option_variants_descriptions
DROP TABLE IF EXISTS `cscart_product_option_variants_descriptions`;
CREATE TABLE IF NOT EXISTS `cscart_product_option_variants_descriptions` (
  `variant_id` mediumint(8) unsigned NOT NULL DEFAULT '0',
  `lang_code` char(2) NOT NULL DEFAULT '',
  `variant_name` varchar(255) NOT NULL DEFAULT '',
  PRIMARY KEY (`variant_id`,`lang_code`)
) ENGINE=MyISAM DEFAULT CHARSET=utf8;

-- Dumping data for table installer_skozachuk_cscart421u.cscart_product_option_variants_descriptions: 0 rows
/*!40000 ALTER TABLE `cscart_product_option_variants_descriptions` DISABLE KEYS */;
/*!40000 ALTER TABLE `cscart_product_option_variants_descriptions` ENABLE KEYS */;


-- Dumping structure for table installer_skozachuk_cscart421u.cscart_product_point_prices
DROP TABLE IF EXISTS `cscart_product_point_prices`;
CREATE TABLE IF NOT EXISTS `cscart_product_point_prices` (
  `point_price_id` mediumint(8) unsigned NOT NULL AUTO_INCREMENT,
  `product_id` mediumint(8) unsigned NOT NULL DEFAULT '0',
  `point_price` int(11) unsigned NOT NULL DEFAULT '0',
  `lower_limit` smallint(5) unsigned NOT NULL DEFAULT '0',
  `usergroup_id` mediumint(8) unsigned NOT NULL DEFAULT '0',
  PRIMARY KEY (`point_price_id`),
  UNIQUE KEY `unique_key` (`lower_limit`,`usergroup_id`,`product_id`),
  KEY `src_k` (`product_id`,`lower_limit`,`usergroup_id`)
) ENGINE=MyISAM DEFAULT CHARSET=utf8;

-- Dumping data for table installer_skozachuk_cscart421u.cscart_product_point_prices: 0 rows
/*!40000 ALTER TABLE `cscart_product_point_prices` DISABLE KEYS */;
/*!40000 ALTER TABLE `cscart_product_point_prices` ENABLE KEYS */;


-- Dumping structure for table installer_skozachuk_cscart421u.cscart_product_popularity
DROP TABLE IF EXISTS `cscart_product_popularity`;
CREATE TABLE IF NOT EXISTS `cscart_product_popularity` (
  `product_id` mediumint(8) unsigned NOT NULL DEFAULT '0',
  `viewed` int(11) NOT NULL DEFAULT '0',
  `added` int(11) NOT NULL DEFAULT '0',
  `deleted` int(11) NOT NULL DEFAULT '0',
  `bought` int(11) NOT NULL DEFAULT '0',
  `total` int(11) NOT NULL DEFAULT '0',
  PRIMARY KEY (`product_id`),
  KEY `total` (`product_id`,`total`)
) ENGINE=MyISAM DEFAULT CHARSET=utf8;

-- Dumping data for table installer_skozachuk_cscart421u.cscart_product_popularity: 0 rows
/*!40000 ALTER TABLE `cscart_product_popularity` DISABLE KEYS */;
/*!40000 ALTER TABLE `cscart_product_popularity` ENABLE KEYS */;


-- Dumping structure for table installer_skozachuk_cscart421u.cscart_product_prices
DROP TABLE IF EXISTS `cscart_product_prices`;
CREATE TABLE IF NOT EXISTS `cscart_product_prices` (
  `product_id` mediumint(8) unsigned NOT NULL DEFAULT '0',
  `price` decimal(12,2) NOT NULL DEFAULT '0.00',
  `percentage_discount` int(2) unsigned NOT NULL DEFAULT '0',
  `lower_limit` smallint(5) unsigned NOT NULL DEFAULT '0',
  `usergroup_id` mediumint(8) unsigned NOT NULL DEFAULT '0',
  UNIQUE KEY `usergroup` (`product_id`,`usergroup_id`,`lower_limit`),
  KEY `product_id` (`product_id`),
  KEY `lower_limit` (`lower_limit`),
  KEY `usergroup_id` (`usergroup_id`,`product_id`)
) ENGINE=MyISAM DEFAULT CHARSET=utf8;

-- Dumping data for table installer_skozachuk_cscart421u.cscart_product_prices: 0 rows
/*!40000 ALTER TABLE `cscart_product_prices` DISABLE KEYS */;
/*!40000 ALTER TABLE `cscart_product_prices` ENABLE KEYS */;


-- Dumping structure for table installer_skozachuk_cscart421u.cscart_product_required_products
DROP TABLE IF EXISTS `cscart_product_required_products`;
CREATE TABLE IF NOT EXISTS `cscart_product_required_products` (
  `product_id` mediumint(8) unsigned NOT NULL DEFAULT '0',
  `required_id` mediumint(8) unsigned NOT NULL DEFAULT '0',
  PRIMARY KEY (`product_id`,`required_id`)
) ENGINE=MyISAM DEFAULT CHARSET=utf8;

-- Dumping data for table installer_skozachuk_cscart421u.cscart_product_required_products: 0 rows
/*!40000 ALTER TABLE `cscart_product_required_products` DISABLE KEYS */;
/*!40000 ALTER TABLE `cscart_product_required_products` ENABLE KEYS */;


-- Dumping structure for table installer_skozachuk_cscart421u.cscart_product_sales
DROP TABLE IF EXISTS `cscart_product_sales`;
CREATE TABLE IF NOT EXISTS `cscart_product_sales` (
  `category_id` mediumint(8) unsigned NOT NULL DEFAULT '0',
  `product_id` mediumint(8) unsigned NOT NULL DEFAULT '0',
  `amount` mediumint(8) unsigned NOT NULL DEFAULT '0',
  PRIMARY KEY (`category_id`,`product_id`),
  KEY `pa` (`product_id`,`amount`)
) ENGINE=MyISAM DEFAULT CHARSET=utf8;

-- Dumping data for table installer_skozachuk_cscart421u.cscart_product_sales: 0 rows
/*!40000 ALTER TABLE `cscart_product_sales` DISABLE KEYS */;
/*!40000 ALTER TABLE `cscart_product_sales` ENABLE KEYS */;


-- Dumping structure for table installer_skozachuk_cscart421u.cscart_product_subscriptions
DROP TABLE IF EXISTS `cscart_product_subscriptions`;
CREATE TABLE IF NOT EXISTS `cscart_product_subscriptions` (
  `subscription_id` mediumint(8) unsigned NOT NULL AUTO_INCREMENT,
  `product_id` mediumint(8) unsigned NOT NULL DEFAULT '0',
  `user_id` mediumint(8) unsigned NOT NULL DEFAULT '0',
  `email` varchar(128) NOT NULL DEFAULT '',
  PRIMARY KEY (`subscription_id`),
  UNIQUE KEY `pe` (`product_id`,`email`),
  KEY `pd` (`product_id`,`user_id`,`email`)
) ENGINE=MyISAM DEFAULT CHARSET=utf8;

-- Dumping data for table installer_skozachuk_cscart421u.cscart_product_subscriptions: 0 rows
/*!40000 ALTER TABLE `cscart_product_subscriptions` DISABLE KEYS */;
/*!40000 ALTER TABLE `cscart_product_subscriptions` ENABLE KEYS */;


-- Dumping structure for table installer_skozachuk_cscart421u.cscart_product_tabs
DROP TABLE IF EXISTS `cscart_product_tabs`;
CREATE TABLE IF NOT EXISTS `cscart_product_tabs` (
  `tab_id` mediumint(8) unsigned NOT NULL AUTO_INCREMENT,
  `tab_type` char(1) NOT NULL DEFAULT 'B',
  `block_id` mediumint(8) unsigned NOT NULL DEFAULT '0',
  `template` varchar(255) NOT NULL DEFAULT '',
  `addon` varchar(32) NOT NULL DEFAULT '',
  `position` int(11) NOT NULL DEFAULT '0',
  `status` char(1) NOT NULL DEFAULT 'A',
  `is_primary` char(1) NOT NULL DEFAULT 'N',
  `product_ids` text NOT NULL,
  `company_id` int(11) unsigned DEFAULT NULL,
  `show_in_popup` char(1) NOT NULL DEFAULT 'N',
  PRIMARY KEY (`tab_id`)
) ENGINE=MyISAM AUTO_INCREMENT=9 DEFAULT CHARSET=utf8;

-- Dumping data for table installer_skozachuk_cscart421u.cscart_product_tabs: 8 rows
/*!40000 ALTER TABLE `cscart_product_tabs` DISABLE KEYS */;
INSERT INTO `cscart_product_tabs` (`tab_id`, `tab_type`, `block_id`, `template`, `addon`, `position`, `status`, `is_primary`, `product_ids`, `company_id`, `show_in_popup`) VALUES
	(1, 'T', 0, 'blocks/product_tabs/description.tpl', '', 1, 'A', 'Y', '', 1, 'N'),
	(2, 'T', 0, 'blocks/product_tabs/features.tpl', '', 2, 'A', 'Y', '', 1, 'N'),
	(3, 'T', 0, 'blocks/product_tabs/files.tpl', '', 3, 'A', 'Y', '', 1, 'N'),
	(4, 'T', 0, 'addons/attachments/blocks/product_tabs/attachments.tpl', 'attachments', 4, 'A', 'Y', '', 1, 'N'),
	(5, 'T', 0, 'addons/buy_together/blocks/product_tabs/buy_together.tpl', 'buy_together', 5, 'D', 'Y', '', 1, 'N'),
	(6, 'T', 0, 'addons/discussion/blocks/product_tabs/discussion.tpl', 'discussion', 6, 'A', 'Y', '', 1, 'N'),
	(7, 'T', 0, 'addons/required_products/blocks/product_tabs/required_products.tpl', 'required_products', 7, 'A', 'Y', '', 1, 'N'),
	(8, 'T', 0, 'addons/tags/blocks/product_tabs/tags.tpl', 'tags', 8, 'D', 'Y', '', 1, 'N');
/*!40000 ALTER TABLE `cscart_product_tabs` ENABLE KEYS */;


-- Dumping structure for table installer_skozachuk_cscart421u.cscart_product_tabs_descriptions
DROP TABLE IF EXISTS `cscart_product_tabs_descriptions`;
CREATE TABLE IF NOT EXISTS `cscart_product_tabs_descriptions` (
  `tab_id` mediumint(8) unsigned NOT NULL DEFAULT '0',
  `lang_code` char(2) NOT NULL DEFAULT '',
  `name` varchar(255) NOT NULL DEFAULT '',
  PRIMARY KEY (`tab_id`,`lang_code`)
) ENGINE=MyISAM DEFAULT CHARSET=utf8;

-- Dumping data for table installer_skozachuk_cscart421u.cscart_product_tabs_descriptions: 8 rows
/*!40000 ALTER TABLE `cscart_product_tabs_descriptions` DISABLE KEYS */;
INSERT INTO `cscart_product_tabs_descriptions` (`tab_id`, `lang_code`, `name`) VALUES
	(1, 'en', 'Description'),
	(2, 'en', 'Features'),
	(3, 'en', 'Files'),
	(4, 'en', 'Attachments'),
	(5, 'en', 'Buy together'),
	(6, 'en', 'Reviews'),
	(7, 'en', 'Required products'),
	(8, 'en', 'Tags');
/*!40000 ALTER TABLE `cscart_product_tabs_descriptions` ENABLE KEYS */;


-- Dumping structure for table installer_skozachuk_cscart421u.cscart_profile_fields
DROP TABLE IF EXISTS `cscart_profile_fields`;
CREATE TABLE IF NOT EXISTS `cscart_profile_fields` (
  `field_id` mediumint(8) unsigned NOT NULL AUTO_INCREMENT,
  `field_name` varchar(32) NOT NULL DEFAULT '',
  `profile_show` char(1) DEFAULT 'N',
  `profile_required` char(1) DEFAULT 'N',
  `checkout_show` char(1) DEFAULT 'N',
  `checkout_required` char(1) DEFAULT 'N',
  `partner_show` char(1) DEFAULT 'N',
  `partner_required` char(1) DEFAULT 'N',
  `field_type` char(1) NOT NULL DEFAULT 'I',
  `position` smallint(5) unsigned NOT NULL DEFAULT '0',
  `is_default` char(1) DEFAULT 'N',
  `section` char(1) DEFAULT 'C',
  `matching_id` mediumint(8) unsigned NOT NULL DEFAULT '0',
  `class` varchar(100) NOT NULL DEFAULT '',
  `autocomplete_type` varchar(100) NOT NULL DEFAULT '',
  PRIMARY KEY (`field_id`),
  KEY `field_name` (`field_name`),
  KEY `checkout_show` (`checkout_show`,`field_type`),
  KEY `profile_show` (`profile_show`,`field_type`)
) ENGINE=MyISAM AUTO_INCREMENT=36 DEFAULT CHARSET=utf8;

-- Dumping data for table installer_skozachuk_cscart421u.cscart_profile_fields: 27 rows
/*!40000 ALTER TABLE `cscart_profile_fields` DISABLE KEYS */;
INSERT INTO `cscart_profile_fields` (`field_id`, `field_name`, `profile_show`, `profile_required`, `checkout_show`, `checkout_required`, `partner_show`, `partner_required`, `field_type`, `position`, `is_default`, `section`, `matching_id`, `class`, `autocomplete_type`) VALUES
	(6, 'firstname', 'N', 'N', 'N', 'N', 'N', 'N', 'I', 20, 'Y', 'C', 0, 'first-name', 'given-name'),
	(7, 'lastname', 'N', 'N', 'N', 'N', 'N', 'N', 'I', 30, 'Y', 'C', 0, 'last-name', 'surname'),
	(8, 'company', 'N', 'N', 'N', 'N', 'N', 'N', 'I', 40, 'Y', 'C', 0, 'company', 'organization'),
	(9, 'phone', 'N', 'N', 'N', 'N', 'N', 'N', 'I', 50, 'Y', 'C', 0, 'phone', 'phone-full'),
	(10, 'fax', 'N', 'N', 'N', 'N', 'N', 'N', 'I', 60, 'Y', 'C', 0, 'fax', 'fax-full'),
	(11, 'url', 'N', 'N', 'N', 'N', 'N', 'N', 'I', 70, 'Y', 'C', 0, 'url', 'url'),
	(14, 'b_firstname', 'Y', 'N', 'Y', 'Y', 'Y', 'Y', 'I', 90, 'Y', 'B', 15, 'billing-first-name', 'given-name'),
	(16, 'b_lastname', 'Y', 'N', 'Y', 'Y', 'Y', 'Y', 'I', 100, 'Y', 'B', 17, 'billing-last-name', 'surname'),
	(32, 'email', 'Y', 'Y', 'Y', 'Y', 'Y', 'Y', 'E', 105, 'Y', 'B', 33, 'billing-email', 'email'),
	(18, 'b_address', 'Y', 'N', 'Y', 'Y', 'Y', 'Y', 'I', 110, 'Y', 'B', 19, 'billing-address', 'street-address'),
	(20, 'b_address_2', 'Y', 'N', 'Y', 'N', 'Y', 'N', 'I', 120, 'Y', 'B', 21, 'billing-address-line2', 'address-line2'),
	(22, 'b_city', 'Y', 'N', 'Y', 'Y', 'Y', 'Y', 'I', 130, 'Y', 'B', 23, 'billing-city', 'city'),
	(24, 'b_state', 'Y', 'N', 'Y', 'Y', 'Y', 'Y', 'A', 150, 'Y', 'B', 25, 'billing-state', 'state'),
	(26, 'b_country', 'Y', 'N', 'Y', 'Y', 'Y', 'Y', 'O', 140, 'Y', 'B', 27, 'billing-country', 'country'),
	(28, 'b_zipcode', 'Y', 'N', 'Y', 'Y', 'Y', 'Y', 'Z', 160, 'Y', 'B', 29, 'billing-zip-code', 'postal-code'),
	(30, 'b_phone', 'Y', 'N', 'Y', 'N', 'Y', 'N', 'I', 107, 'Y', 'B', 31, 'billing-phone', 'phone-full'),
	(15, 's_firstname', 'Y', 'N', 'Y', 'Y', 'N', 'N', 'I', 90, 'Y', 'S', 14, 'shipping-first-name', 'given-name'),
	(17, 's_lastname', 'Y', 'N', 'Y', 'Y', 'N', 'N', 'I', 100, 'Y', 'S', 16, 'shipping-last-name', 'surname'),
	(33, 'email', 'N', 'Y', 'N', 'Y', 'N', 'Y', 'E', 105, 'Y', 'S', 32, 'shipping-email', 'email'),
	(19, 's_address', 'Y', 'N', 'Y', 'Y', 'N', 'N', 'I', 110, 'Y', 'S', 18, 'shipping-address', 'street-address'),
	(21, 's_address_2', 'Y', 'N', 'Y', 'N', 'N', 'N', 'I', 120, 'Y', 'S', 20, 'shipping-address-line2', 'address-line2'),
	(23, 's_city', 'Y', 'N', 'Y', 'Y', 'N', 'N', 'I', 130, 'Y', 'S', 22, 'shipping-city', 'city'),
	(27, 's_country', 'Y', 'N', 'Y', 'Y', 'N', 'N', 'O', 140, 'Y', 'S', 26, 'shipping-country', 'country'),
	(25, 's_state', 'Y', 'N', 'Y', 'Y', 'N', 'N', 'A', 150, 'Y', 'S', 24, 'shipping-state', 'state'),
	(29, 's_zipcode', 'Y', 'N', 'Y', 'Y', 'N', 'N', 'Z', 160, 'Y', 'S', 28, 'shipping-zip-code', 'postal-code'),
	(31, 's_phone', 'Y', 'N', 'Y', 'N', 'N', 'N', 'I', 107, 'Y', 'S', 30, 'shipping-phone', 'phone-full'),
	(35, 's_address_type', 'N', 'N', 'N', 'N', 'N', 'N', 'N', 180, 'Y', 'S', 34, 'shipping-address-type', '');
/*!40000 ALTER TABLE `cscart_profile_fields` ENABLE KEYS */;


-- Dumping structure for table installer_skozachuk_cscart421u.cscart_profile_fields_data
DROP TABLE IF EXISTS `cscart_profile_fields_data`;
CREATE TABLE IF NOT EXISTS `cscart_profile_fields_data` (
  `object_id` mediumint(8) unsigned NOT NULL DEFAULT '0',
  `object_type` char(1) NOT NULL DEFAULT 'U',
  `field_id` mediumint(8) unsigned NOT NULL DEFAULT '0',
  `value` varchar(255) NOT NULL DEFAULT '0',
  PRIMARY KEY (`object_id`,`object_type`,`field_id`)
) ENGINE=MyISAM DEFAULT CHARSET=utf8;

-- Dumping data for table installer_skozachuk_cscart421u.cscart_profile_fields_data: 0 rows
/*!40000 ALTER TABLE `cscart_profile_fields_data` DISABLE KEYS */;
/*!40000 ALTER TABLE `cscart_profile_fields_data` ENABLE KEYS */;


-- Dumping structure for table installer_skozachuk_cscart421u.cscart_profile_field_descriptions
DROP TABLE IF EXISTS `cscart_profile_field_descriptions`;
CREATE TABLE IF NOT EXISTS `cscart_profile_field_descriptions` (
  `object_id` mediumint(8) unsigned NOT NULL DEFAULT '0',
  `description` varchar(255) NOT NULL DEFAULT '',
  `object_type` char(1) NOT NULL DEFAULT 'F',
  `lang_code` char(2) NOT NULL DEFAULT '',
  PRIMARY KEY (`object_id`,`object_type`,`lang_code`)
) ENGINE=MyISAM DEFAULT CHARSET=utf8;

-- Dumping data for table installer_skozachuk_cscart421u.cscart_profile_field_descriptions: 27 rows
/*!40000 ALTER TABLE `cscart_profile_field_descriptions` DISABLE KEYS */;
INSERT INTO `cscart_profile_field_descriptions` (`object_id`, `description`, `object_type`, `lang_code`) VALUES
	(6, 'First name', 'F', 'en'),
	(7, 'Last name', 'F', 'en'),
	(8, 'Company', 'F', 'en'),
	(9, 'Phone', 'F', 'en'),
	(10, 'Fax', 'F', 'en'),
	(11, 'URL', 'F', 'en'),
	(14, 'First name', 'F', 'en'),
	(15, 'First name', 'F', 'en'),
	(16, 'Last name', 'F', 'en'),
	(17, 'Last name', 'F', 'en'),
	(18, 'Address', 'F', 'en'),
	(20, 'Address', 'F', 'en'),
	(19, 'Address', 'F', 'en'),
	(21, 'Address', 'F', 'en'),
	(22, 'City', 'F', 'en'),
	(23, 'City', 'F', 'en'),
	(24, 'State/province', 'F', 'en'),
	(25, 'State/province', 'F', 'en'),
	(26, 'Country', 'F', 'en'),
	(27, 'Country', 'F', 'en'),
	(28, 'Zip/postal code', 'F', 'en'),
	(29, 'Zip/postal code', 'F', 'en'),
	(30, 'Phone', 'F', 'en'),
	(31, 'Phone', 'F', 'en'),
	(32, 'E-mail', 'F', 'en'),
	(33, 'E-mail', 'F', 'en'),
	(35, 'Address type', 'F', 'en');
/*!40000 ALTER TABLE `cscart_profile_field_descriptions` ENABLE KEYS */;


-- Dumping structure for table installer_skozachuk_cscart421u.cscart_profile_field_values
DROP TABLE IF EXISTS `cscart_profile_field_values`;
CREATE TABLE IF NOT EXISTS `cscart_profile_field_values` (
  `value_id` mediumint(8) unsigned NOT NULL AUTO_INCREMENT,
  `field_id` mediumint(8) unsigned NOT NULL DEFAULT '0',
  `position` smallint(5) unsigned NOT NULL DEFAULT '0',
  PRIMARY KEY (`value_id`)
) ENGINE=MyISAM DEFAULT CHARSET=utf8;

-- Dumping data for table installer_skozachuk_cscart421u.cscart_profile_field_values: 0 rows
/*!40000 ALTER TABLE `cscart_profile_field_values` DISABLE KEYS */;
/*!40000 ALTER TABLE `cscart_profile_field_values` ENABLE KEYS */;


-- Dumping structure for table installer_skozachuk_cscart421u.cscart_promotions
DROP TABLE IF EXISTS `cscart_promotions`;
CREATE TABLE IF NOT EXISTS `cscart_promotions` (
  `promotion_id` mediumint(8) unsigned NOT NULL AUTO_INCREMENT,
  `company_id` int(11) unsigned NOT NULL DEFAULT '0',
  `conditions` text NOT NULL,
  `bonuses` text NOT NULL,
  `to_date` int(11) unsigned NOT NULL DEFAULT '0',
  `from_date` int(11) unsigned NOT NULL DEFAULT '0',
  `priority` mediumint(8) unsigned NOT NULL DEFAULT '0',
  `stop` char(1) NOT NULL DEFAULT 'N',
  `zone` enum('cart','catalog') NOT NULL DEFAULT 'catalog',
  `conditions_hash` text NOT NULL,
  `status` char(1) NOT NULL DEFAULT 'A',
  `number_of_usages` mediumint(8) NOT NULL DEFAULT '0',
  `users_conditions_hash` text NOT NULL,
  PRIMARY KEY (`promotion_id`)
) ENGINE=MyISAM DEFAULT CHARSET=utf8;

-- Dumping data for table installer_skozachuk_cscart421u.cscart_promotions: 0 rows
/*!40000 ALTER TABLE `cscart_promotions` DISABLE KEYS */;
/*!40000 ALTER TABLE `cscart_promotions` ENABLE KEYS */;


-- Dumping structure for table installer_skozachuk_cscart421u.cscart_promotion_descriptions
DROP TABLE IF EXISTS `cscart_promotion_descriptions`;
CREATE TABLE IF NOT EXISTS `cscart_promotion_descriptions` (
  `promotion_id` mediumint(8) unsigned NOT NULL DEFAULT '0',
  `name` varchar(255) NOT NULL DEFAULT '',
  `short_description` text NOT NULL,
  `detailed_description` mediumtext NOT NULL,
  `lang_code` char(2) NOT NULL DEFAULT '',
  PRIMARY KEY (`promotion_id`,`lang_code`)
) ENGINE=MyISAM DEFAULT CHARSET=utf8;

-- Dumping data for table installer_skozachuk_cscart421u.cscart_promotion_descriptions: 0 rows
/*!40000 ALTER TABLE `cscart_promotion_descriptions` DISABLE KEYS */;
/*!40000 ALTER TABLE `cscart_promotion_descriptions` ENABLE KEYS */;


-- Dumping structure for table installer_skozachuk_cscart421u.cscart_quick_menu
DROP TABLE IF EXISTS `cscart_quick_menu`;
CREATE TABLE IF NOT EXISTS `cscart_quick_menu` (
  `menu_id` mediumint(8) unsigned NOT NULL AUTO_INCREMENT,
  `user_id` mediumint(8) unsigned NOT NULL,
  `url` varchar(255) NOT NULL,
  `parent_id` mediumint(8) unsigned NOT NULL,
  `position` smallint(5) unsigned NOT NULL DEFAULT '0',
  PRIMARY KEY (`menu_id`)
) ENGINE=MyISAM AUTO_INCREMENT=33 DEFAULT CHARSET=utf8;

-- Dumping data for table installer_skozachuk_cscart421u.cscart_quick_menu: 31 rows
/*!40000 ALTER TABLE `cscart_quick_menu` DISABLE KEYS */;
INSERT INTO `cscart_quick_menu` (`menu_id`, `user_id`, `url`, `parent_id`, `position`) VALUES
	(1, 1, '', 0, 1),
	(2, 1, '', 0, 2),
	(3, 1, '', 0, 3),
	(4, 1, '', 0, 4),
	(5, 1, '', 0, 5),
	(6, 1, 'products.add', 1, 1),
	(7, 1, 'categories.add', 1, 2),
	(8, 1, 'order_management.new', 1, 3),
	(9, 1, 'pages.add?page_type=T', 1, 4),
	(10, 1, 'profiles.add', 1, 5),
	(11, 1, 'promotions.add', 1, 6),
	(12, 1, 'banners.add', 1, 7),
	(13, 1, 'orders.manage?view_id=1', 2, 1),
	(14, 1, 'orders.manage?view_id=2', 2, 2),
	(15, 1, 'orders.manage?view_id=3', 2, 3),
	(16, 1, 'orders.manage?view_id=4', 2, 4),
	(17, 1, 'block_manager.manage', 3, 1),
	(18, 1, 'menus.manage', 3, 2),
	(20, 1, 'file_editor.manage', 3, 4),
	(21, 1, 'shippings.manage', 4, 1),
	(22, 1, 'payments.manage', 4, 2),
	(23, 1, 'taxes.manage', 4, 3),
	(24, 1, 'products.manage', 4, 4),
	(25, 1, 'categories.manage', 4, 5),
	(26, 1, 'pages.manage', 4, 6),
	(27, 1, 'profiles.manage', 4, 7),
	(28, 1, 'banners.manage', 4, 8),
	(29, 1, 'settings.manage', 5, 1),
	(30, 1, 'database.manage', 5, 2),
	(31, 1, 'exim.import', 5, 3),
	(32, 1, 'languages.manage', 5, 4);
/*!40000 ALTER TABLE `cscart_quick_menu` ENABLE KEYS */;


-- Dumping structure for table installer_skozachuk_cscart421u.cscart_reward_points
DROP TABLE IF EXISTS `cscart_reward_points`;
CREATE TABLE IF NOT EXISTS `cscart_reward_points` (
  `reward_point_id` mediumint(8) unsigned NOT NULL AUTO_INCREMENT,
  `object_id` mediumint(8) unsigned NOT NULL DEFAULT '0',
  `usergroup_id` mediumint(8) unsigned NOT NULL DEFAULT '0',
  `amount` int(11) unsigned NOT NULL DEFAULT '0',
  `amount_type` char(1) NOT NULL DEFAULT 'A',
  `object_type` char(1) NOT NULL DEFAULT 'P',
  `company_id` int(11) unsigned NOT NULL DEFAULT '0',
  PRIMARY KEY (`reward_point_id`),
  UNIQUE KEY `unique_key` (`object_id`,`usergroup_id`,`object_type`,`company_id`)
) ENGINE=MyISAM DEFAULT CHARSET=utf8;

-- Dumping data for table installer_skozachuk_cscart421u.cscart_reward_points: 0 rows
/*!40000 ALTER TABLE `cscart_reward_points` DISABLE KEYS */;
/*!40000 ALTER TABLE `cscart_reward_points` ENABLE KEYS */;


-- Dumping structure for table installer_skozachuk_cscart421u.cscart_reward_point_changes
DROP TABLE IF EXISTS `cscart_reward_point_changes`;
CREATE TABLE IF NOT EXISTS `cscart_reward_point_changes` (
  `change_id` mediumint(8) unsigned NOT NULL AUTO_INCREMENT,
  `user_id` mediumint(8) unsigned NOT NULL DEFAULT '0',
  `amount` int(11) NOT NULL DEFAULT '0',
  `timestamp` int(11) unsigned NOT NULL DEFAULT '0',
  `action` char(1) NOT NULL DEFAULT 'A',
  `reason` text NOT NULL,
  PRIMARY KEY (`change_id`)
) ENGINE=MyISAM DEFAULT CHARSET=utf8;

-- Dumping data for table installer_skozachuk_cscart421u.cscart_reward_point_changes: 0 rows
/*!40000 ALTER TABLE `cscart_reward_point_changes` DISABLE KEYS */;
/*!40000 ALTER TABLE `cscart_reward_point_changes` ENABLE KEYS */;


-- Dumping structure for table installer_skozachuk_cscart421u.cscart_rma_properties
DROP TABLE IF EXISTS `cscart_rma_properties`;
CREATE TABLE IF NOT EXISTS `cscart_rma_properties` (
  `property_id` mediumint(8) unsigned NOT NULL AUTO_INCREMENT,
  `position` smallint(5) unsigned NOT NULL DEFAULT '0',
  `status` char(1) NOT NULL DEFAULT '',
  `type` char(1) NOT NULL DEFAULT 'R',
  `update_totals_and_inventory` char(1) NOT NULL DEFAULT 'N',
  PRIMARY KEY (`property_id`),
  KEY `c_status` (`property_id`,`status`),
  KEY `status` (`status`,`type`)
) ENGINE=MyISAM AUTO_INCREMENT=14 DEFAULT CHARSET=utf8;

-- Dumping data for table installer_skozachuk_cscart421u.cscart_rma_properties: 11 rows
/*!40000 ALTER TABLE `cscart_rma_properties` DISABLE KEYS */;
INSERT INTO `cscart_rma_properties` (`property_id`, `position`, `status`, `type`, `update_totals_and_inventory`) VALUES
	(11, 10, 'A', 'R', 'N'),
	(12, 20, 'A', 'R', 'N'),
	(3, 30, 'A', 'R', 'N'),
	(4, 40, 'A', 'R', 'N'),
	(5, 50, 'A', 'R', 'N'),
	(6, 60, 'A', 'R', 'N'),
	(7, 70, 'A', 'R', 'N'),
	(8, 80, 'A', 'R', 'N'),
	(1, 10, 'A', 'A', 'N'),
	(2, 20, 'A', 'A', 'Y'),
	(13, 90, 'A', 'R', 'N');
/*!40000 ALTER TABLE `cscart_rma_properties` ENABLE KEYS */;


-- Dumping structure for table installer_skozachuk_cscart421u.cscart_rma_property_descriptions
DROP TABLE IF EXISTS `cscart_rma_property_descriptions`;
CREATE TABLE IF NOT EXISTS `cscart_rma_property_descriptions` (
  `property_id` mediumint(8) unsigned NOT NULL DEFAULT '0',
  `lang_code` char(2) NOT NULL DEFAULT '',
  `property` varchar(255) NOT NULL DEFAULT '',
  PRIMARY KEY (`property_id`,`lang_code`)
) ENGINE=MyISAM DEFAULT CHARSET=utf8;

-- Dumping data for table installer_skozachuk_cscart421u.cscart_rma_property_descriptions: 11 rows
/*!40000 ALTER TABLE `cscart_rma_property_descriptions` DISABLE KEYS */;
INSERT INTO `cscart_rma_property_descriptions` (`property_id`, `lang_code`, `property`) VALUES
	(12, 'en', 'Wrong item ordered'),
	(3, 'en', 'Wrong description online'),
	(4, 'en', 'Can\'t make it work'),
	(5, 'en', 'Manufacturer defect'),
	(6, 'en', 'Wrong item delivered'),
	(7, 'en', 'Out of warranty'),
	(8, 'en', 'Damaged during shipping'),
	(1, 'en', 'Replace item'),
	(2, 'en', 'Refund'),
	(13, 'en', 'Other'),
	(11, 'en', 'Dead on arrival');
/*!40000 ALTER TABLE `cscart_rma_property_descriptions` ENABLE KEYS */;


-- Dumping structure for table installer_skozachuk_cscart421u.cscart_rma_returns
DROP TABLE IF EXISTS `cscart_rma_returns`;
CREATE TABLE IF NOT EXISTS `cscart_rma_returns` (
  `return_id` mediumint(8) unsigned NOT NULL AUTO_INCREMENT,
  `order_id` mediumint(8) unsigned NOT NULL DEFAULT '0',
  `user_id` mediumint(8) unsigned NOT NULL DEFAULT '0',
  `timestamp` int(11) unsigned NOT NULL DEFAULT '0',
  `action` mediumint(8) unsigned NOT NULL DEFAULT '0',
  `status` char(1) NOT NULL DEFAULT 'O',
  `total_amount` mediumint(8) unsigned NOT NULL DEFAULT '0',
  `comment` text,
  `extra` text,
  PRIMARY KEY (`return_id`),
  KEY `order_id` (`order_id`),
  KEY `timestamp` (`timestamp`),
  KEY `user_id` (`user_id`),
  KEY `status` (`status`)
) ENGINE=MyISAM DEFAULT CHARSET=utf8;

-- Dumping data for table installer_skozachuk_cscart421u.cscart_rma_returns: 0 rows
/*!40000 ALTER TABLE `cscart_rma_returns` DISABLE KEYS */;
/*!40000 ALTER TABLE `cscart_rma_returns` ENABLE KEYS */;


-- Dumping structure for table installer_skozachuk_cscart421u.cscart_rma_return_products
DROP TABLE IF EXISTS `cscart_rma_return_products`;
CREATE TABLE IF NOT EXISTS `cscart_rma_return_products` (
  `return_id` mediumint(8) unsigned NOT NULL DEFAULT '0',
  `item_id` int(11) unsigned NOT NULL DEFAULT '0',
  `product_id` mediumint(8) unsigned NOT NULL DEFAULT '0',
  `reason` mediumint(8) unsigned NOT NULL DEFAULT '0',
  `amount` mediumint(8) unsigned NOT NULL DEFAULT '0',
  `type` char(1) NOT NULL DEFAULT 'A',
  `price` decimal(12,2) NOT NULL DEFAULT '0.00',
  `product_options` text,
  `product` varchar(255) NOT NULL DEFAULT '',
  PRIMARY KEY (`return_id`,`item_id`,`type`),
  KEY `reason` (`reason`)
) ENGINE=MyISAM DEFAULT CHARSET=utf8;

-- Dumping data for table installer_skozachuk_cscart421u.cscart_rma_return_products: 0 rows
/*!40000 ALTER TABLE `cscart_rma_return_products` DISABLE KEYS */;
/*!40000 ALTER TABLE `cscart_rma_return_products` ENABLE KEYS */;


-- Dumping structure for table installer_skozachuk_cscart421u.cscart_sales_reports
DROP TABLE IF EXISTS `cscart_sales_reports`;
CREATE TABLE IF NOT EXISTS `cscart_sales_reports` (
  `report_id` mediumint(8) unsigned NOT NULL AUTO_INCREMENT,
  `position` smallint(5) unsigned NOT NULL DEFAULT '0',
  `name` varchar(255) NOT NULL DEFAULT '',
  `status` char(1) NOT NULL DEFAULT 'A',
  `type` char(1) NOT NULL DEFAULT '',
  `period` char(2) NOT NULL DEFAULT 'A',
  `time_from` int(11) NOT NULL DEFAULT '0',
  `time_to` int(11) NOT NULL DEFAULT '0',
  PRIMARY KEY (`report_id`)
) ENGINE=MyISAM AUTO_INCREMENT=6 DEFAULT CHARSET=utf8;

-- Dumping data for table installer_skozachuk_cscart421u.cscart_sales_reports: 5 rows
/*!40000 ALTER TABLE `cscart_sales_reports` DISABLE KEYS */;
INSERT INTO `cscart_sales_reports` (`report_id`, `position`, `name`, `status`, `type`, `period`, `time_from`, `time_to`) VALUES
	(5, 10, '', 'A', 'O', 'Y', 1147723200, 1147809600),
	(3, 30, '', 'A', 'O', 'Y', 1147723200, 1147809600),
	(2, 40, '', 'A', 'O', 'Y', 1147723200, 1147809600),
	(1, 50, '', 'A', 'O', 'Y', 1147723200, 1147809600),
	(4, 60, '', 'A', 'O', 'Y', 1147723200, 1147809600);
/*!40000 ALTER TABLE `cscart_sales_reports` ENABLE KEYS */;


-- Dumping structure for table installer_skozachuk_cscart421u.cscart_sales_reports_descriptions
DROP TABLE IF EXISTS `cscart_sales_reports_descriptions`;
CREATE TABLE IF NOT EXISTS `cscart_sales_reports_descriptions` (
  `report_id` mediumint(8) unsigned NOT NULL DEFAULT '0',
  `description` varchar(255) NOT NULL DEFAULT '',
  `lang_code` char(2) NOT NULL DEFAULT '',
  PRIMARY KEY (`report_id`,`lang_code`)
) ENGINE=MyISAM DEFAULT CHARSET=utf8;

-- Dumping data for table installer_skozachuk_cscart421u.cscart_sales_reports_descriptions: 5 rows
/*!40000 ALTER TABLE `cscart_sales_reports_descriptions` DISABLE KEYS */;
INSERT INTO `cscart_sales_reports_descriptions` (`report_id`, `description`, `lang_code`) VALUES
	(1, 'Top 10 Products', 'en'),
	(2, 'Top 10 Categories', 'en'),
	(3, 'Top 10 Customers', 'en'),
	(4, 'Payment Methods', 'en'),
	(5, 'Order Reports', 'en');
/*!40000 ALTER TABLE `cscart_sales_reports_descriptions` ENABLE KEYS */;


-- Dumping structure for table installer_skozachuk_cscart421u.cscart_sales_reports_elements
DROP TABLE IF EXISTS `cscart_sales_reports_elements`;
CREATE TABLE IF NOT EXISTS `cscart_sales_reports_elements` (
  `element_id` mediumint(8) unsigned NOT NULL AUTO_INCREMENT,
  `code` varchar(66) NOT NULL DEFAULT '',
  `type` char(1) NOT NULL DEFAULT 'O',
  `depend_on_it` char(1) NOT NULL DEFAULT 'N',
  PRIMARY KEY (`element_id`)
) ENGINE=MyISAM AUTO_INCREMENT=15 DEFAULT CHARSET=utf8;

-- Dumping data for table installer_skozachuk_cscart421u.cscart_sales_reports_elements: 14 rows
/*!40000 ALTER TABLE `cscart_sales_reports_elements` DISABLE KEYS */;
INSERT INTO `cscart_sales_reports_elements` (`element_id`, `code`, `type`, `depend_on_it`) VALUES
	(1, 'order_amount', 'O', 'N'),
	(2, 'order_number', 'O', 'N'),
	(3, 'order', 'O', 'Y'),
	(4, 'status', 'O', 'Y'),
	(5, 'payment', 'O', 'Y'),
	(6, 'location', 'O', 'Y'),
	(7, 'user', 'O', 'Y'),
	(8, 'discount', 'O', 'N'),
	(9, 'tax', 'O', 'N'),
	(10, 'shipping', 'O', 'N'),
	(11, 'category', 'O', 'Y'),
	(12, 'product', 'O', 'Y'),
	(13, 'product_cost', 'O', 'N'),
	(14, 'product_number', 'O', 'N');
/*!40000 ALTER TABLE `cscart_sales_reports_elements` ENABLE KEYS */;


-- Dumping structure for table installer_skozachuk_cscart421u.cscart_sales_reports_intervals
DROP TABLE IF EXISTS `cscart_sales_reports_intervals`;
CREATE TABLE IF NOT EXISTS `cscart_sales_reports_intervals` (
  `interval_id` mediumint(8) unsigned NOT NULL AUTO_INCREMENT,
  `value` int(11) unsigned NOT NULL DEFAULT '0',
  `interval_code` varchar(64) NOT NULL DEFAULT '',
  PRIMARY KEY (`interval_id`)
) ENGINE=MyISAM AUTO_INCREMENT=10 DEFAULT CHARSET=utf8;

-- Dumping data for table installer_skozachuk_cscart421u.cscart_sales_reports_intervals: 5 rows
/*!40000 ALTER TABLE `cscart_sales_reports_intervals` DISABLE KEYS */;
INSERT INTO `cscart_sales_reports_intervals` (`interval_id`, `value`, `interval_code`) VALUES
	(1, 0, 'total'),
	(7, 2592000, 'month'),
	(5, 604800, 'week'),
	(3, 86400, 'day'),
	(9, 31536000, 'year');
/*!40000 ALTER TABLE `cscart_sales_reports_intervals` ENABLE KEYS */;


-- Dumping structure for table installer_skozachuk_cscart421u.cscart_sales_reports_tables
DROP TABLE IF EXISTS `cscart_sales_reports_tables`;
CREATE TABLE IF NOT EXISTS `cscart_sales_reports_tables` (
  `table_id` mediumint(8) unsigned NOT NULL AUTO_INCREMENT,
  `report_id` mediumint(8) unsigned NOT NULL DEFAULT '0',
  `position` smallint(5) unsigned NOT NULL DEFAULT '0',
  `type` char(1) NOT NULL DEFAULT 'T',
  `display` varchar(64) NOT NULL DEFAULT 'order_amount',
  `interval_id` mediumint(8) unsigned NOT NULL DEFAULT '0',
  `auto` char(1) NOT NULL DEFAULT 'Y',
  PRIMARY KEY (`table_id`)
) ENGINE=MyISAM AUTO_INCREMENT=20 DEFAULT CHARSET=utf8;

-- Dumping data for table installer_skozachuk_cscart421u.cscart_sales_reports_tables: 17 rows
/*!40000 ALTER TABLE `cscart_sales_reports_tables` DISABLE KEYS */;
INSERT INTO `cscart_sales_reports_tables` (`table_id`, `report_id`, `position`, `type`, `display`, `interval_id`, `auto`) VALUES
	(1, 1, 10, 'P', 'product_number', 1, 'Y'),
	(3, 2, 10, 'P', 'product_number', 1, 'Y'),
	(5, 3, 10, 'T', 'order_amount', 1, 'Y'),
	(11, 4, 10, 'P', 'order_number', 1, 'Y'),
	(14, 5, 10, 'T', 'product_cost', 7, 'Y'),
	(2, 1, 20, 'B', 'product_cost', 1, 'Y'),
	(4, 2, 20, 'B', 'product_cost', 1, 'Y'),
	(6, 3, 20, 'T', 'product_number', 1, 'Y'),
	(13, 4, 20, 'P', 'order_amount', 1, 'Y'),
	(16, 5, 20, 'T', 'order_amount', 7, 'Y'),
	(7, 1, 30, 'T', 'product_cost', 1, 'Y'),
	(8, 2, 30, 'T', 'product_number', 7, 'Y'),
	(15, 5, 30, 'T', 'order_amount', 1, 'Y'),
	(9, 2, 40, 'T', 'product_cost', 7, 'Y'),
	(10, 1, 40, 'T', 'product_number', 7, 'Y'),
	(19, 5, 50, 'T', 'shipping', 1, 'Y'),
	(17, 5, 60, 'P', 'order_number', 1, 'Y');
/*!40000 ALTER TABLE `cscart_sales_reports_tables` ENABLE KEYS */;


-- Dumping structure for table installer_skozachuk_cscart421u.cscart_sales_reports_table_conditions
DROP TABLE IF EXISTS `cscart_sales_reports_table_conditions`;
CREATE TABLE IF NOT EXISTS `cscart_sales_reports_table_conditions` (
  `table_id` mediumint(8) unsigned NOT NULL DEFAULT '0',
  `code` varchar(64) NOT NULL DEFAULT '0',
  `sub_element_id` varchar(16) NOT NULL DEFAULT '0',
  PRIMARY KEY (`table_id`,`code`,`sub_element_id`)
) ENGINE=MyISAM DEFAULT CHARSET=utf8;

-- Dumping data for table installer_skozachuk_cscart421u.cscart_sales_reports_table_conditions: 0 rows
/*!40000 ALTER TABLE `cscart_sales_reports_table_conditions` DISABLE KEYS */;
/*!40000 ALTER TABLE `cscart_sales_reports_table_conditions` ENABLE KEYS */;


-- Dumping structure for table installer_skozachuk_cscart421u.cscart_sales_reports_table_descriptions
DROP TABLE IF EXISTS `cscart_sales_reports_table_descriptions`;
CREATE TABLE IF NOT EXISTS `cscart_sales_reports_table_descriptions` (
  `table_id` mediumint(8) unsigned NOT NULL DEFAULT '0',
  `description` varchar(255) NOT NULL DEFAULT '',
  `lang_code` char(2) NOT NULL DEFAULT '',
  PRIMARY KEY (`table_id`,`lang_code`)
) ENGINE=MyISAM DEFAULT CHARSET=utf8;

-- Dumping data for table installer_skozachuk_cscart421u.cscart_sales_reports_table_descriptions: 17 rows
/*!40000 ALTER TABLE `cscart_sales_reports_table_descriptions` DISABLE KEYS */;
INSERT INTO `cscart_sales_reports_table_descriptions` (`table_id`, `description`, `lang_code`) VALUES
	(1, 'Top 10 Products - Items Sold', 'en'),
	(2, 'Top 10 Products - Cost', 'en'),
	(3, 'Top 10 Categories - Items Sold', 'en'),
	(4, 'Top 10 Categories - Cost', 'en'),
	(5, 'Top 10 Customers - Orders cost', 'en'),
	(6, 'Top 10 Customers - Items bought', 'en'),
	(7, 'Top 10 Products - Cost  (table)', 'en'),
	(8, 'Top 10 Categories - Items Sold  (table)', 'en'),
	(9, 'Top 10 Categories - Cost (table)', 'en'),
	(10, 'Top 10 Products - Items Sold  (table)', 'en'),
	(13, 'Payment methods chart - Cost', 'en'),
	(11, 'Payment methods chart - Orders placed', 'en'),
	(14, 'Products sales  - Cost (table)', 'en'),
	(15, 'Most active customer locations', 'en'),
	(16, 'Categories sales  - Cost (table)', 'en'),
	(17, 'Order statuses', 'en'),
	(19, 'Shipping cost per order', 'en');
/*!40000 ALTER TABLE `cscart_sales_reports_table_descriptions` ENABLE KEYS */;


-- Dumping structure for table installer_skozachuk_cscart421u.cscart_sales_reports_table_elements
DROP TABLE IF EXISTS `cscart_sales_reports_table_elements`;
CREATE TABLE IF NOT EXISTS `cscart_sales_reports_table_elements` (
  `report_id` mediumint(8) unsigned NOT NULL DEFAULT '0',
  `table_id` mediumint(8) unsigned NOT NULL DEFAULT '0',
  `element_id` mediumint(8) unsigned NOT NULL DEFAULT '0',
  `element_hash` int(11) NOT NULL DEFAULT '0',
  `color` varchar(64) NOT NULL DEFAULT 'blueviolet',
  `position` smallint(5) unsigned NOT NULL DEFAULT '0',
  `status` char(1) NOT NULL DEFAULT 'A',
  `dependence` varchar(64) NOT NULL DEFAULT 'max_p',
  `limit_auto` mediumint(8) unsigned NOT NULL DEFAULT '5',
  PRIMARY KEY (`report_id`,`table_id`,`element_hash`)
) ENGINE=MyISAM DEFAULT CHARSET=utf8;

-- Dumping data for table installer_skozachuk_cscart421u.cscart_sales_reports_table_elements: 17 rows
/*!40000 ALTER TABLE `cscart_sales_reports_table_elements` DISABLE KEYS */;
INSERT INTO `cscart_sales_reports_table_elements` (`report_id`, `table_id`, `element_id`, `element_hash`, `color`, `position`, `status`, `dependence`, `limit_auto`) VALUES
	(1, 1, 12, 12156775, 'blueviolet', 0, 'A', 'max_n', 10),
	(1, 2, 12, 1962573517, 'blueviolet', 0, 'A', 'max_p', 10),
	(2, 3, 11, 867821142, 'blueviolet', 0, 'A', 'max_n', 10),
	(2, 4, 11, 1368465681, 'blueviolet', 0, 'A', 'max_p', 10),
	(3, 5, 7, 1484724989, 'blueviolet', 0, 'A', 'max_p', 10),
	(3, 6, 7, 1513727140, 'blueviolet', 0, 'A', 'max_n', 10),
	(1, 7, 12, 634527931, 'blueviolet', 0, 'A', 'max_p', 10),
	(2, 8, 11, 457678505, 'blueviolet', 0, 'A', 'max_n', 10),
	(2, 9, 11, 1543767602, 'blueviolet', 0, 'A', 'max_p', 10),
	(1, 10, 12, 1021140683, 'blueviolet', 0, 'A', 'max_n', 10),
	(4, 11, 5, 829820942, 'blueviolet', 0, 'A', 'max_n', 10),
	(4, 13, 5, 611229353, 'blueviolet', 0, 'A', 'max_p', 20),
	(5, 14, 12, 935187175, 'blueviolet', 0, 'A', 'max_p', 99999),
	(5, 15, 6, 1175800927, 'blueviolet', 0, 'A', 'max_p', 23),
	(5, 16, 11, 2134945619, 'blueviolet', 0, 'A', 'max_p', 99999),
	(5, 17, 4, 1415579363, 'blueviolet', 0, 'A', 'max_n', 10),
	(5, 19, 3, 1063600566, 'blueviolet', 0, 'A', 'max_p', 99999);
/*!40000 ALTER TABLE `cscart_sales_reports_table_elements` ENABLE KEYS */;


-- Dumping structure for table installer_skozachuk_cscart421u.cscart_sales_reports_table_element_conditions
DROP TABLE IF EXISTS `cscart_sales_reports_table_element_conditions`;
CREATE TABLE IF NOT EXISTS `cscart_sales_reports_table_element_conditions` (
  `table_id` mediumint(8) unsigned NOT NULL DEFAULT '0',
  `element_hash` varchar(32) NOT NULL DEFAULT '',
  `element_code` varchar(64) NOT NULL DEFAULT '',
  `ids` varchar(16) NOT NULL DEFAULT '',
  PRIMARY KEY (`table_id`,`element_hash`,`ids`)
) ENGINE=MyISAM DEFAULT CHARSET=utf8;

-- Dumping data for table installer_skozachuk_cscart421u.cscart_sales_reports_table_element_conditions: 0 rows
/*!40000 ALTER TABLE `cscart_sales_reports_table_element_conditions` DISABLE KEYS */;
/*!40000 ALTER TABLE `cscart_sales_reports_table_element_conditions` ENABLE KEYS */;


-- Dumping structure for table installer_skozachuk_cscart421u.cscart_seo_names
DROP TABLE IF EXISTS `cscart_seo_names`;
CREATE TABLE IF NOT EXISTS `cscart_seo_names` (
  `name` varchar(250) NOT NULL DEFAULT '',
  `object_id` mediumint(8) unsigned NOT NULL DEFAULT '0',
  `company_id` int(11) unsigned NOT NULL DEFAULT '0',
  `type` char(1) NOT NULL DEFAULT '',
  `dispatch` varchar(64) NOT NULL DEFAULT '',
  `path` varchar(255) NOT NULL DEFAULT '',
  `lang_code` char(2) NOT NULL DEFAULT '',
  PRIMARY KEY (`object_id`,`type`,`dispatch`,`lang_code`,`company_id`),
  KEY `name` (`name`,`lang_code`),
  KEY `type` (`name`,`type`,`lang_code`),
  KEY `dispatch` (`dispatch`)
) ENGINE=MyISAM DEFAULT CHARSET=utf8;

-- Dumping data for table installer_skozachuk_cscart421u.cscart_seo_names: 20 rows
/*!40000 ALTER TABLE `cscart_seo_names` DISABLE KEYS */;
INSERT INTO `cscart_seo_names` (`name`, `object_id`, `company_id`, `type`, `dispatch`, `path`, `lang_code`) VALUES
	('login', 0, 1, 's', 'auth.login_form', '', 'en'),
	('cart', 0, 1, 's', 'checkout.cart', '', 'en'),
	('checkout', 0, 1, 's', 'checkout.checkout', '', 'en'),
	('checkout-customer-info', 0, 1, 's', 'checkout.customer_info', '', 'en'),
	('checkout-summary', 0, 1, 's', 'checkout.summary', '', 'en'),
	('gift-certificates', 0, 1, 's', 'gift_certificates.add', '', 'en'),
	('gift-certificates-update', 0, 1, 's', 'gift_certificates.update', '', 'en'),
	('news', 0, 1, 's', 'news.list', '', 'en'),
	('profiles-add', 0, 1, 's', 'profiles.add', '', 'en'),
	('profiles-update', 0, 1, 's', 'profiles.update', '', 'en'),
	('promotions', 0, 1, 's', 'promotions.list', '', 'en'),
	('wishlist', 0, 1, 's', 'wishlist.view', '', 'en'),
	('sitemap', 0, 1, 's', 'sitemap.view', '', 'en'),
	('catalog', 0, 1, 's', 'categories.catalog', '', 'en'),
	('low-price-guarantee', 6, 0, 'a', '', '', 'en'),
	('free-shipping', 5, 0, 'a', '', '', 'en'),
	('free-returns', 4, 0, 'a', '', '', 'en'),
	('about-our-company', 2, 0, 'a', '', '', 'en'),
	('our-team', 1, 0, 'a', '', '', 'en'),
	('privacy-policy', 3, 0, 'a', '', '', 'en');
/*!40000 ALTER TABLE `cscart_seo_names` ENABLE KEYS */;


-- Dumping structure for table installer_skozachuk_cscart421u.cscart_seo_redirects
DROP TABLE IF EXISTS `cscart_seo_redirects`;
CREATE TABLE IF NOT EXISTS `cscart_seo_redirects` (
  `redirect_id` mediumint(8) unsigned NOT NULL AUTO_INCREMENT,
  `src` varchar(255) NOT NULL DEFAULT '',
  `dest` varchar(255) NOT NULL DEFAULT '',
  `type` char(1) NOT NULL DEFAULT 's',
  `object_id` mediumint(8) unsigned NOT NULL DEFAULT '0',
  `company_id` int(11) unsigned NOT NULL DEFAULT '0',
  `lang_code` char(2) NOT NULL DEFAULT '',
  PRIMARY KEY (`redirect_id`),
  KEY `src` (`src`,`company_id`)
) ENGINE=MyISAM DEFAULT CHARSET=utf8;

-- Dumping data for table installer_skozachuk_cscart421u.cscart_seo_redirects: 0 rows
/*!40000 ALTER TABLE `cscart_seo_redirects` DISABLE KEYS */;
/*!40000 ALTER TABLE `cscart_seo_redirects` ENABLE KEYS */;


-- Dumping structure for table installer_skozachuk_cscart421u.cscart_sessions
DROP TABLE IF EXISTS `cscart_sessions`;
CREATE TABLE IF NOT EXISTS `cscart_sessions` (
  `session_id` varchar(64) NOT NULL DEFAULT '',
  `expiry` int(11) unsigned NOT NULL DEFAULT '0',
  `data` mediumtext,
  PRIMARY KEY (`session_id`),
  KEY `src` (`session_id`,`expiry`),
  KEY `expiry` (`expiry`)
) ENGINE=MyISAM DEFAULT CHARSET=utf8;

-- Dumping data for table installer_skozachuk_cscart421u.cscart_sessions: 3 rows
/*!40000 ALTER TABLE `cscart_sessions` DISABLE KEYS */;
INSERT INTO `cscart_sessions` (`session_id`, `expiry`, `data`) VALUES
	('b4671833cdadf8b3fcedd3b8b6216159_0_A', 1406215961, '_validator_data|a:1:{s:2:"ua";s:105:"Mozilla/5.0 (X11; Linux x86_64) AppleWebKit/537.36 (KHTML, like Gecko) Chrome/34.0.1847.132 Safari/537.36";}auth|a:14:{s:4:"area";s:1:"A";s:7:"user_id";i:1;s:9:"user_type";s:1:"A";s:10:"tax_exempt";s:1:"N";s:10:"last_login";i:0;s:13:"usergroup_ids";a:0:{}s:9:"order_ids";a:0:{}s:11:"act_as_user";b:0;s:10:"this_login";i:1406208084;s:25:"password_change_timestamp";i:0;s:10:"company_id";i:0;s:7:"is_root";s:1:"Y";s:7:"referer";s:75:"http://_web_server_/_cat_/install/index.php";s:18:"first_expire_check";b:0;}embedded|a:1:{s:7:"enabled";b:0;}settings|a:2:{s:14:"cart_languageA";a:2:{s:5:"value";s:2:"en";s:6:"expiry";i:1406812884;}s:19:"secondary_currencyA";a:2:{s:5:"value";s:3:"USD";s:6:"expiry";i:1406812884;}}request_history|a:2:{s:7:"current";a:2:{s:8:"dispatch";s:17:"categories.manage";s:6:"params";a:2:{s:8:"dispatch";s:17:"categories.manage";s:17:"save_view_results";s:11:"category_id";}}s:4:"prev";a:2:{s:8:"dispatch";s:15:"products.manage";s:6:"params";a:2:{s:8:"dispatch";s:15:"products.manage";s:17:"save_view_results";s:10:"product_id";}}}last_edited_items|a:0:{}notifications|a:0:{}auth_timestamp|i:9;last_status|s:18:"LICENSE_IS_INVALID";status|i:3863;'),
	('70f63829857f3083d1d41687cc6c8595_1_C', 1406215532, '_validator_data|a:1:{s:2:"ua";s:105:"Mozilla/5.0 (X11; Linux x86_64) AppleWebKit/537.36 (KHTML, like Gecko) Chrome/34.0.1847.132 Safari/537.36";}embedded|a:1:{s:7:"enabled";b:0;}settings|a:3:{s:10:"company_id";a:2:{s:5:"value";i:1;s:6:"expiry";i:1406813132;}s:14:"cart_languageC";a:2:{s:5:"value";s:2:"en";s:6:"expiry";i:1406813082;}s:19:"secondary_currencyC";a:2:{s:5:"value";s:3:"USD";s:6:"expiry";i:1406813082;}}auth|a:12:{s:4:"area";s:1:"C";s:7:"user_id";i:0;s:9:"user_type";s:1:"C";s:10:"tax_exempt";s:1:"N";s:10:"last_login";i:0;s:13:"usergroup_ids";a:2:{i:0;i:0;i:1;i:1;}s:9:"order_ids";a:0:{}s:11:"act_as_user";b:0;s:10:"this_login";i:1406208282;s:25:"password_change_timestamp";i:0;s:7:"is_root";s:1:"N";s:7:"referer";s:0:"";}cart|a:4:{s:8:"products";a:0:{}s:11:"recalculate";b:0;s:9:"user_data";a:0:{}s:11:"points_info";a:1:{s:6:"reward";i:0;}}notifications|a:0:{}'),
	('52c1a10981559136427d60138ee7ef60_0_A', 1413278320, '_validator_data|a:1:{s:2:"ua";s:105:"Mozilla/5.0 (X11; Linux x86_64) AppleWebKit/537.36 (KHTML, like Gecko) Chrome/34.0.1847.132 Safari/537.36";}embedded|a:1:{s:7:"enabled";b:0;}settings|a:2:{s:14:"cart_languageA";a:2:{s:5:"value";s:2:"en";s:6:"expiry";i:1413875851;}s:19:"secondary_currencyA";a:2:{s:5:"value";s:3:"USD";s:6:"expiry";i:1413875851;}}auth|a:14:{s:4:"area";s:1:"A";s:7:"user_id";s:1:"1";s:9:"user_type";s:1:"A";s:10:"tax_exempt";s:1:"N";s:10:"last_login";i:0;s:13:"usergroup_ids";a:0:{}s:9:"order_ids";a:0:{}s:11:"act_as_user";b:0;s:10:"this_login";i:1413271060;s:25:"password_change_timestamp";i:0;s:7:"is_root";s:1:"Y";s:7:"referer";s:117:"http://carts.shopping-cart-migration.com/skozachuk/cscart421u/admin.php?dispatch=auth.login_form&return_url=admin.php";s:2:"ip";s:10:"10.1.1.253";s:18:"first_expire_check";b:0;}cart|a:0:{}request_history|a:2:{s:7:"current";a:2:{s:8:"dispatch";s:12:"pages.update";s:6:"params";a:3:{s:8:"dispatch";s:12:"pages.update";s:7:"page_id";s:1:"3";s:9:"come_from";s:0:"";}}s:4:"prev";a:2:{s:8:"dispatch";s:12:"pages.manage";s:6:"params";a:3:{s:8:"dispatch";s:12:"pages.manage";s:8:"get_tree";s:11:"multi_level";s:17:"save_view_results";s:7:"page_id";}}}last_edited_items|a:1:{i:3922595205;a:4:{s:4:"func";a:2:{i:0;s:16:"fn_get_page_name";i:1;s:1:"3";}s:3:"url";s:52:"admin.php?dispatch=pages.update&page_id=3&come_from=";s:4:"icon";s:0:"";s:4:"text";s:4:"page";}}notifications|a:0:{}last_status|s:4:"INIT";log|a:1:{s:12:"login_log_id";i:1;}status|i:3863;');
/*!40000 ALTER TABLE `cscart_sessions` ENABLE KEYS */;


-- Dumping structure for table installer_skozachuk_cscart421u.cscart_settings_descriptions
DROP TABLE IF EXISTS `cscart_settings_descriptions`;
CREATE TABLE IF NOT EXISTS `cscart_settings_descriptions` (
  `object_id` mediumint(8) unsigned NOT NULL AUTO_INCREMENT,
  `object_type` varchar(1) NOT NULL DEFAULT 'O',
  `lang_code` char(2) NOT NULL DEFAULT '',
  `value` text NOT NULL,
  `tooltip` text NOT NULL,
  PRIMARY KEY (`object_id`,`object_type`,`lang_code`)
) ENGINE=MyISAM AUTO_INCREMENT=6167 DEFAULT CHARSET=utf8;

-- Dumping data for table installer_skozachuk_cscart421u.cscart_settings_descriptions: 844 rows
/*!40000 ALTER TABLE `cscart_settings_descriptions` DISABLE KEYS */;
INSERT INTO `cscart_settings_descriptions` (`object_id`, `object_type`, `lang_code`, `value`, `tooltip`) VALUES
	(4, 'S', 'en', 'Appearance', ''),
	(5, 'S', 'en', 'Company', ''),
	(1, 'S', 'en', 'E-mails', ''),
	(2, 'S', 'en', 'General', ''),
	(11, 'S', 'en', 'Image verification', ''),
	(12, 'S', 'en', 'Logging', ''),
	(10, 'S', 'en', 'Reports', ''),
	(15, 'S', 'en', 'Security settings', ''),
	(7, 'S', 'en', 'Shipping settings', ''),
	(8, 'S', 'en', 'Sitemap', ''),
	(17, 'S', 'en', 'Stores', ''),
	(9, 'S', 'en', 'Thumbnails', ''),
	(13, 'S', 'en', 'Upgrade center', ''),
	(31, 'O', 'en', 'Company name', ''),
	(55, 'O', 'en', 'Enable secure connection at checkout', 'SSL certificate is required to be installed on your server'),
	(56, 'O', 'en', 'Enable secure connection in the administration panel', 'SSL certificate is required to be installed on your server'),
	(97, 'O', 'en', 'Enable secure connection for authentication, profile and orders pages', 'SSL certificate is required to be installed on your server'),
	(57, 'O', 'en', 'Keep HTTPS connection once a secure page is visited', ''),
	(60, 'O', 'en', 'Disable shipping', ''),
	(59, 'O', 'en', 'Template debugging console', ''),
	(202, 'O', 'en', 'Shipping processors', ''),
	(4, 'O', 'en', 'News', ''),
	(12, 'O', 'en', 'License number', ''),
	(15, 'O', 'en', 'Alternative currency display format', ''),
	(27, 'O', 'en', 'Company address', ''),
	(105, 'O', 'en', 'Show the \'Categories\' section', ''),
	(108, 'O', 'en', 'Method of sending e-mails', ''),
	(133, 'O', 'en', 'Image width', ''),
	(158, 'O', 'en', 'Orders', ''),
	(159, 'O', 'en', 'Users', ''),
	(160, 'O', 'en', 'Products', ''),
	(161, 'O', 'en', 'Categories', ''),
	(162, 'O', 'en', 'Database', ''),
	(163, 'O', 'en', 'Requests', ''),
	(174, 'O', 'en', 'Minimum administrator password length', ''),
	(203, 'O', 'en', 'Administrator  settings', ''),
	(204, 'O', 'en', 'Format of time intervals', ''),
	(2000, 'O', 'en', 'Share users among stores', ''),
	(274, 'O', 'en', 'General', ''),
	(54, 'O', 'en', 'Backend default language', ''),
	(26, 'O', 'en', 'Company city', ''),
	(45, 'O', 'en', 'Orders per page', ''),
	(84, 'O', 'en', 'Day', ''),
	(102, 'O', 'en', 'Enable FedEx', ''),
	(106, 'O', 'en', 'Show only root level categories links in the \'Categories\' section', ''),
	(117, 'O', 'en', 'Image height', ''),
	(175, 'O', 'en', 'Administrator password must contain both letters and numbers', ''),
	(206, 'O', 'en', 'SMTP server settings', ''),
	(219, 'O', 'en', 'FTP server options', ''),
	(2001, 'O', 'en', 'Default state of the "Update for all stores" icon', ''),
	(8, 'O', 'en', 'Hostname', ''),
	(16, 'O', 'en', 'Weight symbol', ''),
	(23, 'O', 'en', 'Products per page', ''),
	(34, 'O', 'en', 'Company country', ''),
	(85, 'O', 'en', 'Week', ''),
	(103, 'O', 'en', 'Enable UPS', ''),
	(109, 'O', 'en', 'SMTP host', ''),
	(118, 'O', 'en', 'String length', ''),
	(176, 'O', 'en', 'Force administrators to change password on the first login', ''),
	(107, 'O', 'en', 'Show the \'Site info\' section', ''),
	(125, 'O', 'en', 'Number of grid lines', ''),
	(126, 'O', 'en', 'Grid color (hexadecimal code)', ''),
	(9, 'O', 'en', 'Username', ''),
	(25, 'O', 'en', 'Company state', ''),
	(42, 'O', 'en', 'Grams in the unit of weight defined by the weight symbol', ''),
	(86, 'O', 'en', 'Month', ''),
	(104, 'O', 'en', 'Enable USPS', ''),
	(111, 'O', 'en', 'SMTP username', ''),
	(119, 'O', 'en', 'Minimum font size', ''),
	(177, 'O', 'en', 'Password validity period in days (0 - unlimited)', ''),
	(10, 'O', 'en', 'Password', ''),
	(33, 'O', 'en', 'Company zip code', ''),
	(43, 'O', 'en', 'CMS pages per page', ''),
	(87, 'O', 'en', 'Year', ''),
	(112, 'O', 'en', 'SMTP password', ''),
	(114, 'O', 'en', 'Enable DHL', ''),
	(120, 'O', 'en', 'Maximum font size', ''),
	(168, 'O', 'en', 'Close storefront', ''),
	(178, 'O', 'en', 'Access key to cron script which sends e-mail notifications of password change. Use: http://www.example.com/admin.php?dispatch=profiles.password_reminder&cron_password=key_value.', ''),
	(61, 'O', 'en', 'Access key to temporarily closed store', 'Use: http://www.example.com/index.php?store_access_key=key_value'),
	(62, 'O', 'en', 'Initial order ID value', 'Enter a number between 1 and 10,000,000 (use digits only) or leave empty for auto-filling.'),
	(1, 'O', 'en', 'Allow multiple shipments for a single order', ''),
	(5933, 'O', 'en', 'Notify visitors about cookies use', ''),
	(179, 'O', 'en', 'Tax calculation method based on', ''),
	(7, 'O', 'en', 'Help us improve software', ''),
	(14, 'O', 'en', 'Check for updates automatically', ''),
	(11, 'O', 'en', 'Directory', ''),
	(24, 'O', 'en', 'Elements per page', ''),
	(28, 'O', 'en', 'Company phone', ''),
	(49, 'O', 'en', 'Default wysiwyg editor', ''),
	(110, 'O', 'en', 'Use SMTP authentication', ''),
	(115, 'O', 'en', 'Enable Australia Post', ''),
	(121, 'O', 'en', 'String type', ''),
	(207, 'O', 'en', 'Default location', ''),
	(122, 'O', 'en', 'Character shadows', ''),
	(17, 'O', 'en', 'Default address', ''),
	(29, 'O', 'en', 'Company phone 2', ''),
	(91, 'O', 'en', 'Thumbnail background color', 'Leave empty for transparent background (requires PHP GD library version > 2.0.1)'),
	(123, 'O', 'en', 'Color', ''),
	(155, 'O', 'en', 'Enable Canada Post', ''),
	(164, 'O', 'en', 'Enable Swiss Post', ''),
	(208, 'O', 'en', 'Customer settings', ''),
	(209, 'O', 'en', 'Sendmail settings', ''),
	(18, 'O', 'en', 'Default zipcode', ''),
	(30, 'O', 'en', 'Company fax', ''),
	(53, 'O', 'en', 'Frontend default language', ''),
	(90, 'O', 'en', 'Thumbnail format', ''),
	(113, 'O', 'en', 'Path to sendmail program', ''),
	(124, 'O', 'en', 'Background image', ''),
	(134, 'O', 'en', 'Do not use verification if user is logged in', ''),
	(165, 'O', 'en', 'Do not use verification after first valid answer', ''),
	(19, 'O', 'en', 'Default city', ''),
	(32, 'O', 'en', 'Company website', ''),
	(46, 'O', 'en', 'Orders per page', ''),
	(89, 'O', 'en', 'JPEG format quality (0-100)', ''),
	(215, 'O', 'en', 'Use for', ''),
	(40, 'O', 'en', 'Year when the store started its operation', ''),
	(2116, 'O', 'en', 'Enable Temando', ''),
	(20, 'O', 'en', 'Default country', ''),
	(22, 'O', 'en', 'Products per page', ''),
	(35, 'O', 'en', 'User department e-mail address', ''),
	(127, 'O', 'en', 'Login form', ''),
	(184, 'O', 'en', 'Products list (category, search, etc) thumbnail width', ''),
	(21, 'O', 'en', 'Default state', ''),
	(36, 'O', 'en', 'Site administrator e-mail address', ''),
	(128, 'O', 'en', 'Create and edit profile form', ''),
	(185, 'O', 'en', 'Products list (category, search, etc) thumbnail height', ''),
	(37, 'O', 'en', 'Order department e-mail address', ''),
	(41, 'O', 'en', 'Default phone', ''),
	(129, 'O', 'en', 'Custom forms', ''),
	(186, 'O', 'en', 'Product details page thumbnail width', ''),
	(210, 'O', 'en', 'Catalog', ''),
	(38, 'O', 'en', 'Help/Support department e-mail address', ''),
	(47, 'O', 'en', 'Elements per page', ''),
	(58, 'O', 'en', 'Enable inventory tracking', ''),
	(130, 'O', 'en', 'Send to friend form', ''),
	(187, 'O', 'en', 'Product details page thumbnail height', ''),
	(44, 'O', 'en', 'Allow negative amount in inventory', ''),
	(292, 'O', 'en', 'Product quick view thumbnail width', ''),
	(293, 'O', 'en', 'Product quick view thumbnail height', ''),
	(39, 'O', 'en', 'Reply-To newsletter e-mail address', ''),
	(65, 'O', 'en', 'Download key TTL (for electronically distributed products), hours', ''),
	(131, 'O', 'en', 'Comments and reviews forms', ''),
	(77, 'O', 'en', 'Low stock notification threshold', ''),
	(63, 'O', 'en', 'Number of columns in the product list', ''),
	(72, 'O', 'en', 'Show products from subcategories of the selected category', ''),
	(132, 'O', 'en', 'Checkout (user information) form', ''),
	(93, 'O', 'en', 'Display modifiers for product options', ''),
	(3, 'O', 'en', 'Exception style', ''),
	(135, 'O', 'en', 'Polls', ''),
	(190, 'O', 'en', 'Product cart page thumbnail width', ''),
	(136, 'O', 'en', 'Track my order form', ''),
	(191, 'O', 'en', 'Product cart page thumbnail height', ''),
	(94, 'O', 'en', 'Show out of stock products', ''),
	(192, 'O', 'en', 'Categories list thumbnail width', ''),
	(150, 'O', 'en', 'Estimate taxes using default address on cart/checkout pages', ''),
	(116, 'O', 'en', 'Display prices with taxes on category/product pages if the method of calculating taxes is based on a unit\'s price', ''),
	(145, 'O', 'en', 'Display prices with taxes on cart/checkout pages if the method of calculating taxes is based on a unit\'s price', ''),
	(146, 'O', 'en', 'Show number of available products', ''),
	(147, 'O', 'en', 'Display mini thumbnail images as a gallery', ''),
	(148, 'O', 'en', 'Use \'Value changer\' for the Quantity field', ''),
	(149, 'O', 'en', 'Display the \'Pagination section\' on the top of the listed object', ''),
	(50, 'O', 'en', 'Default image previewer', ''),
	(193, 'O', 'en', 'Categories list thumbnail height', ''),
	(180, 'O', 'en', 'Product detailed page view', ''),
	(288, 'O', 'en', 'Display product details in tabs', ''),
	(272, 'O', 'en', 'Display track my orders section', ''),
	(221, 'O', 'en', 'Products list layouts settings', ''),
	(171, 'O', 'en', 'Available product list views', ''),
	(169, 'O', 'en', '\nProduct list default view', ''),
	(170, 'O', 'en', 'Use the selected view for current category or search page only', ''),
	(289, 'O', 'en', 'Available product list sortings', ''),
	(64, 'O', 'en', 'Product list default sorting', ''),
	(290, 'O', 'en', 'Enable quick view', ''),
	(211, 'O', 'en', 'Common settings', ''),
	(52, 'O', 'en', 'Date format', ''),
	(194, 'O', 'en', 'Category details page thumbnail width', ''),
	(66, 'O', 'en', 'Time format', ''),
	(195, 'O', 'en', 'Category details page thumbnail height', ''),
	(212, 'O', 'en', 'Promotions', ''),
	(139, 'O', 'en', 'Time zone', ''),
	(196, 'O', 'en', 'Detailed category image width', ''),
	(98, 'O', 'en', 'Allow customers to use single discount coupon only', ''),
	(166, 'O', 'en', 'Calendar date format', ''),
	(197, 'O', 'en', 'Detailed category image height', ''),
	(213, 'O', 'en', 'Users/cart', ''),
	(67, 'O', 'en', 'Allow users to create multiple profiles for one account', 'Shipping and billing addresses'),
	(167, 'O', 'en', 'Calendar week starts from', ''),
	(69, 'O', 'en', 'Minimum order amount', ''),
	(70, 'O', 'en', 'Define minimum order amount by', ''),
	(71, 'O', 'en', 'Allow shopping for unlogged customers', ''),
	(73, 'O', 'en', 'Disable anonymous checkout', ''),
	(173, 'O', 'en', 'Allow checkout only from the Cart content page', 'When the customer clicks on any Checkout button/link in the store'),
	(2, 'O', 'en', 'Allow customer to signup for user group', ''),
	(78, 'O', 'en', 'Administrator must activate new user accounts', ''),
	(182, 'O', 'en', 'Profile address section order', ''),
	(183, 'O', 'en', 'Unsaved changes warning', ''),
	(199, 'O', 'en', 'Show menu description', 'If you disable this check box, description of menu items will be hidden'),
	(48, 'O', 'en', 'Notice displaying time (to turn off the autohide function enter 0)', ''),
	(79, 'O', 'en', 'User e-mail is used as login', ''),
	(275, 'O', 'en', 'Quick registration', 'Require only contact information on registration'),
	(100, 'O', 'en', 'Ask customers to agree with terms &amp; conditions during checkout', ''),
	(137, 'O', 'en', 'Allow customers to pay order again if transaction was declined', ''),
	(138, 'O', 'en', 'Checkout style', ''),
	(140, 'O', 'en', 'Estimate shipping cost on cart page', ''),
	(141, 'O', 'en', 'Allow guest to create an account after successful order', ''),
	(223, 'O', 'en', 'Disregard product options when calculating quantity discounts', ''),
	(216, 'O', 'en', 'Proxy server for outgoing connections', ''),
	(151, 'O', 'en', 'Proxy host', ''),
	(152, 'O', 'en', 'Proxy port', ''),
	(153, 'O', 'en', 'Proxy user', ''),
	(154, 'O', 'en', 'Proxy password', ''),
	(217, 'O', 'en', 'Search options', ''),
	(156, 'O', 'en', 'Search also in', ''),
	(23, 'V', 'en', 'Default', ''),
	(6, 'V', 'en', 'Manual feedback', ''),
	(7, 'V', 'en', 'Automatic feedback', ''),
	(10, 'V', 'en', '29/09/2005 (day/month/year)', ''),
	(26, 'V', 'en', '15:43', ''),
	(36, 'V', 'en', 'Allow', ''),
	(57, 'V', 'en', 'Digits only', ''),
	(159, 'V', 'en', '09/30/2008 (month/day/year)', ''),
	(161, 'V', 'en', 'Sunday', ''),
	(165, 'V', 'en', 'Billing first', ''),
	(167, 'V', 'en', 'Runtime', ''),
	(2000, 'V', 'en', 'Not Active', ''),
	(11, 'V', 'en', '29-09-2005 (day-month-year)', ''),
	(27, 'V', 'en', '15.43', ''),
	(35, 'V', 'en', 'Products with shipping', ''),
	(38, 'V', 'en', 'Hide the "Add to cart" button', ''),
	(58, 'V', 'en', 'Letters only', ''),
	(160, 'V', 'en', '30/09/2008 (day/month/year)', ''),
	(162, 'V', 'en', 'Monday', ''),
	(166, 'V', 'en', 'Shipping first', ''),
	(168, 'V', 'en', 'Deprecated features', ''),
	(2001, 'V', 'en', 'Active', ''),
	(12, 'V', 'en', '29.09.2005 (day.month.year)', ''),
	(28, 'V', 'en', '3:43 PM', ''),
	(34, 'V', 'en', 'Products', ''),
	(37, 'V', 'en', 'Hide price and the "Add to cart" button', ''),
	(59, 'V', 'en', 'Mixed', ''),
	(13, 'V', 'en', '09/29/2005 (month/day/year)', ''),
	(29, 'V', 'en', '3.43 PM', ''),
	(3, 'V', 'en', 'Create', ''),
	(4, 'V', 'en', 'Delete', ''),
	(5, 'V', 'en', 'Update', ''),
	(138, 'V', 'en', 'Create', ''),
	(139, 'V', 'en', 'Delete', ''),
	(140, 'V', 'en', 'Update', ''),
	(147, 'V', 'en', 'Create', ''),
	(148, 'V', 'en', 'Delete', ''),
	(149, 'V', 'en', 'Update', ''),
	(142, 'V', 'en', 'Create', ''),
	(143, 'V', 'en', 'Delete', ''),
	(144, 'V', 'en', 'Update', ''),
	(151, 'V', 'en', 'Create', ''),
	(152, 'V', 'en', 'Delete', ''),
	(153, 'V', 'en', 'Update', ''),
	(14, 'V', 'en', '09-29-2005 (month-day-year)', ''),
	(30, 'V', 'en', '15:43:55', ''),
	(47, 'V', 'en', 'January, 2006', ''),
	(141, 'V', 'en', 'Change', ''),
	(145, 'V', 'en', 'Session', ''),
	(146, 'V', 'en', 'Failed logins', ''),
	(150, 'V', 'en', 'Low stock', ''),
	(154, 'V', 'en', 'Restore', ''),
	(155, 'V', 'en', 'Backup', ''),
	(156, 'V', 'en', 'Optimize', ''),
	(157, 'V', 'en', 'Errors', ''),
	(158, 'V', 'en', 'HTTP/HTTPS', ''),
	(15, 'V', 'en', '09.29.2005 (month.day.year)', ''),
	(31, 'V', 'en', '15.43.55', ''),
	(16, 'V', 'en', '2005/09/29 (year/month/day)', ''),
	(32, 'V', 'en', '3:43:55 PM', ''),
	(17, 'V', 'en', '2005-09-29 (year-month-day)', ''),
	(33, 'V', 'en', '3.43.55 PM', ''),
	(18, 'V', 'en', '2005.09.29 (year.month.day)', ''),
	(1, 'V', 'en', 'Hide exception', ''),
	(9, 'V', 'en', 'Show prices in selected currency only', ''),
	(19, 'V', 'en', 'Sep 29, 2005 (month day, year)', ''),
	(24, 'V', 'en', 'Product name', ''),
	(39, 'V', 'en', 'Tue, Jan 3', ''),
	(44, 'V', 'en', '1 week', ''),
	(48, 'V', 'en', 'January', ''),
	(52, 'V', 'en', '2006', ''),
	(54, 'V', 'en', 'via SMTP server', ''),
	(60, 'V', 'en', 'One-page checkout', ''),
	(132, 'V', 'en', '(GMT-12:00) International Date Line West', ''),
	(163, 'V', 'en', 'Unit price', ''),
	(20, 'V', 'en', '29 Sep 2005 (day month year)', ''),
	(21, 'V', 'en', 'Thursday, September 29, 2005 (day of week, month day, year)', ''),
	(22, 'V', 'en', 'Thursday, 29 September 2005 (day of week, day month year)', ''),
	(40, 'V', 'en', 'January 3, 2006', ''),
	(2, 'V', 'en', 'Show warning on exception', ''),
	(8, 'V', 'en', 'Show prices in default and selected currencies', ''),
	(25, 'V', 'en', 'Price', ''),
	(41, 'V', 'en', '01.03.06', ''),
	(45, 'V', 'en', '01.03', ''),
	(49, 'V', 'en', '01', ''),
	(53, 'V', 'en', '06', ''),
	(55, 'V', 'en', 'via php mail function', ''),
	(131, 'V', 'en', '(GMT-11:00) Midway Island, Samoa', ''),
	(164, 'V', 'en', 'Subtotal', ''),
	(169, 'V', 'en', 'None', ''),
	(42, 'V', 'en', 'Tue Jan 3, 2006', ''),
	(46, 'V', 'en', '1, Jan', ''),
	(50, 'V', 'en', 'Jan', ''),
	(56, 'V', 'en', 'via sendmail program', ''),
	(62, 'V', 'en', 'Multi-page checkout', ''),
	(130, 'V', 'en', '(GMT-10:00) Hawaii', ''),
	(43, 'V', 'en', 'Jan 3', ''),
	(51, 'V', 'en', '01-2006', ''),
	(129, 'V', 'en', '(GMT-09:00) Alaska', ''),
	(128, 'V', 'en', '(GMT-08:00) Pacific Time (US & Canada); Tijuana', ''),
	(127, 'V', 'en', '(GMT-07:00) Mountain Time (US & Canada)', ''),
	(126, 'V', 'en', '(GMT-07:00) Chihuahua, La Paz, Mazatlan', ''),
	(125, 'V', 'en', '(GMT-07:00) Arizona', ''),
	(124, 'V', 'en', '(GMT-06:00) Saskatchewan', ''),
	(123, 'V', 'en', '(GMT-06:00) Guadalajara, Mexico City, Monterrey', ''),
	(122, 'V', 'en', '(GMT-06:00) Central Time (US & Canada)', ''),
	(121, 'V', 'en', '(GMT-06:00) Central America', ''),
	(120, 'V', 'en', '(GMT-05:00) Indiana (East)', ''),
	(119, 'V', 'en', '(GMT-05:00) Eastern Time (US & Canada)', ''),
	(118, 'V', 'en', '(GMT-05:00) Bogota, Lima, Quito', ''),
	(117, 'V', 'en', '(GMT-04:00) Santiago', ''),
	(116, 'V', 'en', '(GMT-04:00) Caracas, La Paz', ''),
	(115, 'V', 'en', '(GMT-04:00) Atlantic Time (Canada)', ''),
	(114, 'V', 'en', '(GMT-03:30) Newfoundland', ''),
	(113, 'V', 'en', '(GMT-03:00) Greenland', ''),
	(112, 'V', 'en', '(GMT-03:00) Buenos Aires, Georgetown', ''),
	(111, 'V', 'en', '(GMT-03:00) Brasilia', ''),
	(110, 'V', 'en', '(GMT-02:00) Mid-Atlantic', ''),
	(109, 'V', 'en', '(GMT-01:00) Cape Verde Is.', ''),
	(108, 'V', 'en', '(GMT-01:00) Azores', ''),
	(107, 'V', 'en', '(GMT) Casablanca, Monrovia', ''),
	(106, 'V', 'en', '(GMT) Greenwich Mean Time : Dublin, Edinburgh, Lisbon, London', ''),
	(105, 'V', 'en', '(GMT+01:00) Amsterdam, Berlin, Bern, Rome, Stockholm, Vienna', ''),
	(104, 'V', 'en', '(GMT+01:00) Belgrade, Bratislava, Budapest, Ljubljana, Prague', ''),
	(102, 'V', 'en', '(GMT+01:00) Brussels, Copenhagen, Madrid, Paris', ''),
	(103, 'V', 'en', '(GMT+01:00) Sarajevo, Skopje, Warsaw, Zagreb', ''),
	(101, 'V', 'en', '(GMT+01:00) West Central Africa', ''),
	(100, 'V', 'en', '(GMT+02:00) Athens, Beirut, Istanbul, Minsk', ''),
	(99, 'V', 'en', '(GMT+02:00) Bucharest', ''),
	(98, 'V', 'en', '(GMT+02:00) Cairo', ''),
	(97, 'V', 'en', '(GMT+02:00) Harare, Pretoria', ''),
	(96, 'V', 'en', '(GMT+02:00) Helsinki, Kyiv, Riga, Sofia, Tallinn, Vilnius', ''),
	(95, 'V', 'en', '(GMT+02:00) Jerusalem', ''),
	(94, 'V', 'en', '(GMT+03:00) Baghdad', ''),
	(93, 'V', 'en', '(GMT+03:00) Kuwait, Riyadh', ''),
	(92, 'V', 'en', '(GMT+03:00) Moscow, St. Petersburg, Volgograd', ''),
	(91, 'V', 'en', '(GMT+03:00) Nairobi', ''),
	(90, 'V', 'en', '(GMT+03:30) Tehran', ''),
	(89, 'V', 'en', '(GMT+04:00) Abu Dhabi, Muscat', ''),
	(88, 'V', 'en', '(GMT+04:00) Baku, Tbilisi, Yerevan', ''),
	(87, 'V', 'en', '(GMT+04:30) Kabul', ''),
	(86, 'V', 'en', '(GMT+05:00) Ekaterinburg', ''),
	(85, 'V', 'en', '(GMT+05:00) \nIslamabad, Karachi, Tashkent', ''),
	(84, 'V', 'en', '(GMT+05:30) Chennai, Kolkata, Mumbai, New Delhi', ''),
	(83, 'V', 'en', '(GMT+05:45) Kathmandu', ''),
	(82, 'V', 'en', '(GMT+06:00) Almaty, Novosibirsk', ''),
	(81, 'V', 'en', '(GMT+06:00) Astana, Dhaka', ''),
	(80, 'V', 'en', '(GMT+06:00) Sri Jayawardenepura', ''),
	(79, 'V', 'en', '(GMT+06:30) Rangoon', ''),
	(78, 'V', 'en', '(GMT+07:00) Bangkok, Hanoi, Jakarta', ''),
	(77, 'V', 'en', '(GMT+07:00) Krasnoyarsk', ''),
	(76, 'V', 'en', '(GMT+08:00) Beijing, Chongqing, Hong Kong, Urumqi', ''),
	(75, 'V', 'en', '(GMT+08:00) Irkutsk, Ulaan Bataar', ''),
	(74, 'V', 'en', '(GMT+08:00) Kuala Lumpur, Singapore', ''),
	(73, 'V', 'en', '(GMT+08:00) Perth', ''),
	(72, 'V', 'en', '(GMT+08:00) Taipei', ''),
	(71, 'V', 'en', '(GMT+09:00) Osaka, Sapporo, Tokyo', ''),
	(70, 'V', 'en', '(GMT+09:00) Seoul', ''),
	(69, 'V', 'en', '(GMT+09:00) Yakutsk', ''),
	(68, 'V', 'en', '(GMT+09:30) Adelaide', ''),
	(67, 'V', 'en', '(GMT+09:30) Darwin', ''),
	(66, 'V', 'en', '(GMT+10:00) Brisbane', ''),
	(65, 'V', 'en', '(GMT+10:00) Canberra, Melbourne, Sydney', ''),
	(64, 'V', 'en', '(GMT+10:00) Guam, Port Moresby', ''),
	(63, 'V', 'en', '(GMT+10:00) Hobart', ''),
	(133, 'V', 'en', '(GMT+10:00) Vladivostok', ''),
	(134, 'V', 'en', '(GMT+11:00) Magadan, Solomon Is., New Caledonia', ''),
	(135, 'V', 'en', '(GMT+12:00) Auckland, Wellington', ''),
	(136, 'V', 'en', '(GMT+12:00) Fiji, Kamchatka, Marshall Is.', ''),
	(137, 'V', 'en', '(GMT+13:00) Nuku\'alofa', ''),
	(19, 'S', 'en', 'General', ''),
	(5934, 'O', 'en', 'Administrator area settings', ''),
	(5935, 'O', 'en', 'Allow login to the admin area from specified IPs only', ''),
	(5936, 'O', 'en', 'Block IP after a number of unsuccessful attempts', ''),
	(5937, 'O', 'en', 'Number of unsuccessful attempts', ''),
	(5938, 'O', 'en', 'Time between unsuccessful login attempts (seconds)', ''),
	(5939, 'O', 'en', 'Time for which the IP should be blocked (hours)', ''),
	(5940, 'O', 'en', 'Customer area settings', ''),
	(5941, 'O', 'en', 'Block IP after a number of unsuccessful attempts', ''),
	(5942, 'O', 'en', 'Number of unsuccessful attempts', ''),
	(5943, 'O', 'en', 'Time between unsuccessful login attempts (seconds)', ''),
	(5944, 'O', 'en', 'Time for which the IP should be blocked (hours)', ''),
	(21, 'S', 'en', 'General', ''),
	(5945, 'O', 'en', 'Enable multi-language Images/URLs', ''),
	(23, 'S', 'en', 'General', ''),
	(5946, 'O', 'en', 'Image', ''),
	(5947, 'O', 'en', 'Example Image', ''),
	(5948, 'O', 'en', 'Configs', ''),
	(5949, 'O', 'en', 'Type', ''),
	(2002, 'V', 'en', 'Code 128-A', ''),
	(2003, 'V', 'en', 'Code 128-B', ''),
	(2004, 'V', 'en', 'Code 128-C', ''),
	(2005, 'V', 'en', 'Interleaved 2 of 5', ''),
	(2006, 'V', 'en', 'Code 39', ''),
	(5950, 'O', 'en', 'Output', ''),
	(2007, 'V', 'en', 'Portable Network Graphics (PNG)', ''),
	(2008, 'V', 'en', 'Joint Photographic Experts Group (JPEG)', ''),
	(5951, 'O', 'en', 'Text', ''),
	(2009, 'V', 'en', 'Disabled', ''),
	(2010, 'V', 'en', 'Enabled', ''),
	(5952, 'O', 'en', 'Height,px', ''),
	(5953, 'O', 'en', 'Width,px', ''),
	(5954, 'O', 'en', 'Resolution', ''),
	(2011, 'V', 'en', '1', ''),
	(2012, 'V', 'en', '2', ''),
	(2013, 'V', 'en', '3', ''),
	(5955, 'O', 'en', 'Text Font', ''),
	(2014, 'V', 'en', '1', ''),
	(2015, 'V', 'en', '2', ''),
	(2016, 'V', 'en', '3', ''),
	(2017, 'V', 'en', '4', ''),
	(2018, 'V', 'en', '5', ''),
	(5956, 'O', 'en', 'Barcode prefix', ''),
	(5957, 'O', 'en', 'Specification', ''),
	(5958, 'O', 'en', 'Spec Description', ''),
	(25, 'S', 'en', 'General', ''),
	(5959, 'O', 'en', 'Store operation mode', ''),
	(2019, 'V', 'en', 'Catalog', ''),
	(2020, 'V', 'en', 'Store', ''),
	(5960, 'O', 'en', 'Allow purchasing products with empty Buy Now URL', ''),
	(27, 'S', 'en', 'General', ''),
	(5961, 'O', 'en', 'Cron password', ''),
	(29, 'S', 'en', 'Products', ''),
	(5962, 'O', 'en', 'Posts per page', ''),
	(5963, 'O', 'en', 'Administrator must approve posts submitted by', ''),
	(2021, 'V', 'en', 'Any customer', ''),
	(2022, 'V', 'en', 'Only anonymous customers', ''),
	(2023, 'V', 'en', 'No approval needed', ''),
	(5964, 'O', 'en', 'Only one post from one IP is allowed', ''),
	(5965, 'O', 'en', 'Send notifications to this E-mail', ''),
	(5966, 'O', 'en', 'Share discussion with product', ''),
	(30, 'S', 'en', 'Categories', ''),
	(5967, 'O', 'en', 'Posts per page', ''),
	(5968, 'O', 'en', 'Administrator must approve posts submitted by', ''),
	(2024, 'V', 'en', 'Any customer', ''),
	(2025, 'V', 'en', 'Only anonymous customers', ''),
	(2026, 'V', 'en', 'No approval needed', ''),
	(5969, 'O', 'en', 'Only one post from one IP is allowed', ''),
	(5970, 'O', '\ne', 'Send notifications to this E-mail', ''),
	(31, 'S', 'en', 'Orders', ''),
	(5971, 'O', 'en', 'Posts per page', ''),
	(5972, 'O', 'en', 'Allow customer to initiate discussion', ''),
	(32, 'S', 'en', 'News', ''),
	(5973, 'O', 'en', 'Posts per page', ''),
	(5974, 'O', 'en', 'Administrator must approve posts submitted by', ''),
	(2027, 'V', 'en', 'Any customer', ''),
	(2028, 'V', 'en', 'Only anonymous customers', ''),
	(2029, 'V', 'en', 'No approval needed', ''),
	(5975, 'O', 'en', 'Only one post from one IP is allowed', ''),
	(5976, 'O', 'en', 'Send notifications to this E-mail', ''),
	(5977, 'O', 'en', 'Share discussion with news', ''),
	(33, 'S', 'en', 'Gift registry', ''),
	(5978, 'O', 'en', 'Posts per page', ''),
	(5979, 'O', 'en', 'Only one post from one IP is allowed', ''),
	(34, 'S', 'en', 'Pages', ''),
	(5980, 'O', 'en', 'Posts per page', ''),
	(5981, 'O', 'en', 'Administrator must approve posts submitted by', ''),
	(2030, 'V', 'en', 'Any customer', ''),
	(2031, 'V', 'en', 'Only anonymous customers', ''),
	(2032, 'V', 'en', 'No approval needed', ''),
	(5982, 'O', 'en', 'Only one post from one IP is allowed', ''),
	(5983, 'O', 'en', 'Send notifications to this E-mail', ''),
	(5984, 'O', 'en', 'Share discussion with page', ''),
	(35, 'S', 'en', 'Testimonials', ''),
	(5985, 'O', 'en', 'Posts per page', ''),
	(5986, 'O', 'en', 'Administrator must approve posts submitted by', ''),
	(2033, 'V', 'en', 'Any customer', ''),
	(2034, 'V', 'en', 'Only anonymous customers', ''),
	(2035, 'V', 'en', 'No approval needed', ''),
	(5987, 'O', 'en', 'Only one post from one IP is allowed', ''),
	(5988, 'O', 'en', 'Send notifications to this E-mail', ''),
	(5989, 'O', 'en', 'Testimonials', ''),
	(2036, 'V', 'en', 'Communication and Rating', ''),
	(2037, 'V', 'en', 'Communication', ''),
	(2038, 'V', 'en', 'Rating', ''),
	(2039, 'V', 'en', 'Disabled', ''),
	(5990, 'O', 'en', 'Show testimonials from all stores', ''),
	(37, 'S', 'en', 'General', ''),
	(5991, 'O', 'en', 'Newsletter checkbox on checkout', ''),
	(5992, 'O', 'en', 'Tick off by default', ''),
	(5993, 'O', 'en', 'Double opt-in', ''),
	(5994, 'O', 'en', 'Send a welcome letter with the unsubscribe link', ''),
	(5995, 'O', 'en', 'Email integration provider', ''),
	(2040, 'V', 'en', '--', ''),
	(2041, 'V', 'en', 'MailChimp', ''),
	(2042, 'V', 'en', 'MadMimi', ''),
	(38, 'S', 'en', 'MailChimp', ''),
	(5998, 'O', 'en', 'API key', ''),
	(5999, 'O', 'en', 'List', ''),
	(39, 'S', 'en', 'MadMimi', ''),
	(6000, 'O', 'en', 'E-mail', ''),
	(6001, 'O', 'en', 'API key', ''),
	(6002, 'O', 'en', 'List', ''),
	(41, 'S', 'en', 'General', ''),
	(6003, 'O', 'en', 'Minimal amount', ''),
	(6004, 'O', 'en', 'Maximal amount', ''),
	(6005, 'O', 'en', 'GC Code prefix', ''),
	(6006, 'O', 'en', 'Gift certificates per page', ''),
	(6007, 'O', 'en', 'Allow to use free products', ''),
	(6008, 'O', 'en', 'Allow to redeem shipping cost with gift certificate', ''),
	(43, 'S', 'en', 'General', ''),
	(6009, 'O', 'en', 'Google Analytics account number', ''),
	(6010, 'O', 'en', 'Track e-commerce transactions', ''),
	(45, 'S', 'en', 'General', ''),
	(6011, 'O', 'en', 'Information', ''),
	(6012, 'O', 'en', 'Clear cache', ''),
	(6013, 'O', 'en', 'Homepage settings', ''),
	(6014, 'O', 'en', 'Update frequency', ''),
	(6015, 'O', 'en', 'Priority', ''),
	(6016, 'O', 'en', 'Products settings', ''),
	(6017, 'O', 'en', 'Include in sitemap', ''),
	(6018, 'O', 'en', 'Update frequency', ''),
	(6019, 'O', 'en', 'Priority', ''),
	(6020, 'O', 'en', 'Categories settings', ''),
	(6021, 'O', 'en', 'Include in sitemap', ''),
	(6022, 'O', 'en', 'Update frequency', ''),
	(6023, 'O', 'en', 'Priority', ''),
	(6024, 'O', 'en', 'Pages settings', ''),
	(6025, 'O', 'en', 'Include in sitemap', ''),
	(6026, 'O', 'en', 'Update frequency', ''),
	(6027, 'O', 'en', 'Priority', ''),
	(6028, 'O', 'en', 'News settings', ''),
	(6029, 'O', 'en', 'Include in sitemap', ''),
	(6030, 'O', 'en', 'Update frequency', ''),
	(6031, 'O', 'en', 'Priority', ''),
	(6032, 'O', 'en', 'Brand/Manufacturer feature pages settings', ''),
	(6033, 'O', 'en', 'Include in sitemap', ''),
	(6034, 'O', 'en', 'Update frequency', ''),
	(6035, 'O', 'en', 'Priority', ''),
	(47, 'S', 'en', 'General', ''),
	(6036, 'O', 'en', 'OpenID', ''),
	(6037, 'O', 'en', 'Enable OpenID', ''),
	(6038, 'O', 'en', 'Yahoo', ''),
	(6039, 'O', 'en', 'Enable Yahoo', ''),
	(6040, 'O', 'en', 'Yahoo ID', ''),
	(6041, 'O', 'en', 'Yahoo Secret key', ''),
	(6042, 'O', 'en', 'Google', ''),
	(6043, 'O', 'en', 'Enable Google', ''),
	(6044, 'O', 'en', 'Google ID', ''),
	(6045, 'O', 'en', 'Google Secret key', ''),
	(6046, 'O', 'en', 'Google callback url', ''),
	(6047, 'O', 'en', 'Facebook', ''),
	(6048, 'O', 'en', 'Enable \nFacebook', ''),
	(6049, 'O', 'en', 'Facebook ID', ''),
	(6050, 'O', 'en', 'Facebook Secret key', ''),
	(6051, 'O', 'en', 'Twitter', ''),
	(6052, 'O', 'en', 'Enable Twitter', ''),
	(6053, 'O', 'en', 'Twitter API key', ''),
	(6054, 'O', 'en', 'Twitter Secret key', ''),
	(6055, 'O', 'en', 'MySpace', ''),
	(6056, 'O', 'en', 'Enable MySpace', ''),
	(6057, 'O', 'en', 'MySpace API key', ''),
	(6058, 'O', 'en', 'MySpace Secret key', ''),
	(6059, 'O', 'en', 'LinkedIn', ''),
	(6060, 'O', 'en', 'Enable LinkedIn', ''),
	(6061, 'O', 'en', 'LinkedIn API key', ''),
	(6062, 'O', 'en', 'LinkedIn Secret key', ''),
	(49, 'S', 'en', 'General', ''),
	(6063, 'O', 'en', 'Opacity', 'Opacity of tint 0-1. If zero, no tint will be visible.'),
	(6064, 'O', 'en', 'Animation time', 'Duration of the animation effects in milliseconds.'),
	(6065, 'O', 'en', 'Color', 'Color to use for the tint effect. Example: #ffffff.'),
	(6066, 'O', 'en', 'Zoom position', 'Specifies position of zoom window. If numeric (0-15), position is relative to page image as shown by the following key (blue squares represent zoom window). If a string is supplied, value will be used as a selector to pinpoint the exact position and size of an element in the page. If the value "inside" is specified, the zoom image will appear inside the page image.<br /><br /><img src="design/backend/media/images/addons/image_zoom/zoom-positions.png" />'),
	(2043, 'V', 'en', 'Zoom position №0', ''),
	(2044, 'V', 'en', 'Zoom position №1', ''),
	(2045, 'V', 'en', 'Zoom position №2', ''),
	(2046, 'V', 'en', 'Zoom position №3', ''),
	(2047, 'V', 'en', 'Zoom position №4', ''),
	(2048, 'V', 'en', 'Zoom position №5', ''),
	(2049, 'V', 'en', 'Zoom position №6', ''),
	(2050, 'V', 'en', 'Zoom position №7', ''),
	(2051, 'V', 'en', 'Zoom position №8', ''),
	(2052, 'V', 'en', 'Zoom position №9', ''),
	(2053, 'V', 'en', 'Zoom position №10', ''),
	(2054, 'V', 'en', 'Zoom position №11', ''),
	(2055, 'V', 'en', 'Zoom position №12', ''),
	(2056, 'V', 'en', 'Zoom position №13', ''),
	(2057, 'V', 'en', 'Zoom position №14', ''),
	(2058, 'V', 'en', 'Zoom position №15', ''),
	(2059, 'V', 'en', 'Inside position', ''),
	(6067, 'O', 'en', 'Zoom size mode', 'Defines the rule for sizing the zoom window and lens.'),
	(2060, 'V', 'en', 'Image', ''),
	(2061, 'V', 'en', 'Lens', ''),
	(2062, 'V', 'en', 'Zoom', ''),
	(2063, 'V', 'en', 'Full', ''),
	(6068, 'O', 'en', 'Caption position', 'Position of caption, "top" or "bottom".'),
	(2064, 'V', 'en', 'Top', ''),
	(2065, 'V', 'en', 'Bottom', ''),
	(6069, 'O', 'en', 'Ease time', 'Number of milliseconds of mouse easing movement of zoom image. The bigger the number, the more easing. Zero means no easing.'),
	(6070, 'O', 'en', 'Zoom fly out', 'Turns \'flying\' zoom animation on or off.'),
	(51, 'S', 'en', 'General', ''),
	(6071, 'O', 'en', 'General info', ''),
	(6072, 'O', 'en', 'API Key', ''),
	(6073, 'O', 'en', 'Application Domain', ''),
	(53, 'S', 'en', 'General', ''),
	(6074, 'O', 'en', 'Newsletters sent per step', ''),
	(6075, 'O', 'en', 'Advanced mailing server options', ''),
	(6076, 'O', 'en', 'Method of sending e-mails', ''),
	(2066, 'V', 'en', 'via SMTP server', ''),
	(2067, 'V', 'en', 'via php mail function', ''),
	(2068, 'V', 'en', 'via sendmail program', ''),
	(2069, 'V', 'en', 'use default settings', ''),
	(6077, 'O', 'en', 'SMTP server settings', ''),
	(6078, 'O', 'en', 'SMTP host', ''),
	(6079, 'O', 'en', 'SMTP username', ''),
	(6080, 'O', 'en', 'SMTP password', ''),
	(6081, 'O', 'en', 'Use SMTP authentication', ''),
	(6082, 'O', 'en', 'Sendmail settings', ''),
	(6083, 'O', 'en', 'Path to sendmail program', ''),
	(55, 'S', 'en', 'General', ''),
	(6084, 'O', 'en', 'Votes on page', ''),
	(6085, 'O', 'en', 'Answers on page', ''),
	(57, 'S', 'en', 'General', ''),
	(6086, 'O', 'en', 'Table layout', ''),
	(6087, 'O', 'en', 'Fields', ''),
	(6088, 'O', 'en', 'Sort by', ''),
	(6089, 'O', 'en', 'Group by category', ''),
	(6090, 'O', 'en', 'Include product options', ''),
	(6091, 'O', 'en', 'XLS layout', ''),
	(6092, 'O', 'en', 'XLS url', ''),
	(6093, 'O', 'en', 'PDF layouts', ''),
	(6094, 'O', 'en', 'PDF url', ''),
	(6095, 'O', 'en', 'Clear cache', ''),
	(6096, 'O', 'en', 'Clear cache', ''),
	(59, 'S', 'en', 'General', ''),
	(6097, 'O', 'en', 'Points Exchange Rate (PER - the number of points equal to 1 conventional unit)', ''),
	(6098, 'O', 'en', '"Price in points" is calculated automatically on PER basis', ''),
	(6099, 'O', 'en', '"Price in points" is recalculated taking into account discounts', ''),
	(6100, 'O', 'en', '"Points" is recalculated taking into account \ndiscounts', ''),
	(6101, 'O', 'en', '"Price in points" is recalculated taking into account order discounts', ''),
	(6102, 'O', 'en', '"Points" is recalculated taking into account order discounts', ''),
	(6103, 'O', 'en', 'If the product and the product category do not have defined reward points but the higher level category has such reward points, extract data from it', ''),
	(6104, 'O', 'en', 'If several reward points can be applied, set', ''),
	(2070, 'V', 'en', 'Absolute minimal value', ''),
	(2071, 'V', 'en', 'Minimal percentage value', ''),
	(2072, 'V', 'en', 'Absolute maximal value', ''),
	(2073, 'V', 'en', 'Maximal percentage value', ''),
	(6105, 'O', 'en', 'Apply zero reward point values', 'The reward points rules with the zero values should be considered'),
	(6106, 'O', 'en', 'Log lines per page', ''),
	(61, 'S', 'en', 'General', ''),
	(6107, 'O', 'en', 'Display product return period', ''),
	(6108, 'O', 'en', 'Do not take weekends into account when calculating product return period', ''),
	(63, 'S', 'en', 'General', ''),
	(6109, 'O', 'en', 'Content editor', 'Enter the content editor\'s email and real name, e.g. john@example.com (John Doe)'),
	(6110, 'O', 'en', 'Show RSS feed for each category', 'RSS icon near category title.'),
	(6111, 'O', 'en', 'Max product number per category', ''),
	(65, 'S', 'en', 'General', ''),
	(6112, 'O', 'en', 'Product SEO URL format', ''),
	(2074, 'V', 'en', '/product-name', ''),
	(2075, 'V', 'en', '/product-name.html', ''),
	(2076, 'V', 'en', '/category-name/[subcategory-name/]product-name', ''),
	(2077, 'V', 'en', '/category-name/[subcategory-name/]product-name.html', ''),
	(6113, 'O', 'en', 'Category SEO URL format', ''),
	(2078, 'V', 'en', '/parent-category/category/[page2/].html', ''),
	(2079, 'V', 'en', '/parent-category/category/[page2/]', ''),
	(2080, 'V', 'en', '/category[-page2].html', ''),
	(2081, 'V', 'en', '/category/[page2/]', ''),
	(6114, 'O', 'en', 'Page SEO URL format', ''),
	(2082, 'V', 'en', '/parent-page/page.html', ''),
	(2083, 'V', 'en', '/parent-page/page/', ''),
	(2084, 'V', 'en', '/page.html', ''),
	(2085, 'V', 'en', '/page/', ''),
	(6115, 'O', 'en', 'Other SEO URL format', ''),
	(2086, 'V', 'en', '/item', ''),
	(2087, 'V', 'en', '/item.html', ''),
	(6116, 'O', 'en', 'Show language in the URL', ''),
	(6117, 'O', 'en', 'Use single URL for all languages', ''),
	(6118, 'O', 'en', 'Allow non-latin symbols in URL', ''),
	(67, 'S', 'en', 'Twitter', ''),
	(6119, 'O', 'en', 'Twitter settings', ''),
	(6120, 'O', 'en', 'Show Twitter button', ''),
	(6121, 'O', 'en', 'Via', 'User name to attribute the Tweet to (i.e. \'via @username\')'),
	(6122, 'O', 'en', 'Button size', ''),
	(2088, 'V', 'en', 'Medium', ''),
	(2089, 'V', 'en', 'Large', ''),
	(6123, 'O', 'en', 'Display count', ''),
	(2090, 'V', 'en', 'None', ''),
	(2091, 'V', 'en', 'Horizontal', ''),
	(2092, 'V', 'en', 'vertical', ''),
	(6124, 'O', 'en', 'Display on', ''),
	(2093, 'V', 'en', 'Product details pages', ''),
	(2094, 'V', 'en', 'Pages', ''),
	(68, 'S', 'en', 'Facebook', ''),
	(6125, 'O', 'en', 'Facebook settings', ''),
	(6126, 'O', 'en', 'Show Facebook button', ''),
	(6127, 'O', 'en', 'Facebook app ID', 'Specify any Facebook app ID, otherwise the button will not be shown'),
	(6128, 'O', 'en', 'The URL of the page to like', 'Leave empty to use an actual page URL'),
	(6129, 'O', 'en', 'Include a Send button with the Like button', ''),
	(6130, 'O', 'en', 'Width of the Like button (px)', ''),
	(6131, 'O', 'en', 'Button layout', ''),
	(2095, 'V', 'en', 'Standard', ''),
	(2096, 'V', 'en', 'With count', ''),
	(2097, 'V', 'en', 'With large count', ''),
	(6132, 'O', 'en', 'Display profile photos', 'Enable to display profile photos below the button (standard layout only)'),
	(6133, 'O', 'en', 'Button verb', ''),
	(2098, 'V', 'en', 'Like', ''),
	(2099, 'V', 'en', 'Recommend', ''),
	(6134, 'O', 'en', 'Language', ''),
	(2100, 'V', 'en', 'Afrikaans', ''),
	(2101, 'V', 'en', 'Arabic', ''),
	(2102, 'V', 'en', 'Azerbaijani', ''),
	(2103, 'V', 'en', 'Belarusian', ''),
	(2104, 'V', 'en', 'Bulgarian', ''),
	(2105, 'V', 'en', 'Bengali', ''),
	(2106, 'V', 'en', 'Bosnian', ''),
	(2107, 'V', 'en', 'Catalan', ''),
	(2108, 'V', 'en', 'Czech', ''),
	(2109, 'V', 'en', 'Welsh', ''),
	(2110, 'V', 'en', 'Danish', ''),
	(2111, 'V', 'en', 'German', ''),
	(2112, 'V', 'en', 'Greek', ''),
	(2113, 'V', 'en', 'English (UK)', ''),
	(2114, 'V', 'en', 'English (Pirate)', ''),
	(2115, 'V', 'en', 'English (Upside Down)', ''),
	(2116, 'V', 'en', 'English (US)', ''),
	(2117, 'V', 'en', 'Esperanto', ''),
	(2118, 'V', 'en', 'Spanish (Spain)', ''),
	(2119, 'V', 'en', 'Spanish', ''),
	(2120, 'V', 'en', 'Estonian', ''),
	(2121, 'V', 'en', 'Basque', ''),
	(2122, 'V', 'en', 'Persian', ''),
	(2123, 'V', 'en', 'Leet Speak', ''),
	(2124, 'V', 'en', 'Finnish', ''),
	(2125, 'V', 'en', 'Faroese', ''),
	(2126, 'V', 'en', 'French (Canada)', ''),
	(2127, 'V', 'en', 'French (France)', ''),
	(2128, 'V', 'en', 'Frisian', ''),
	(2129, 'V', 'en', 'Irish', ''),
	(2130, 'V', 'en', 'Galician', ''),
	(2131, 'V', 'en', 'Hebrew', ''),
	(2132, 'V', 'en', 'Hindi', ''),
	(2133, 'V', 'en', 'Croatian', ''),
	(2134, 'V', 'en', 'Hungarian', ''),
	(2135, 'V', 'en', 'Armenian', ''),
	(2136, 'V', 'en', 'Indonesian', ''),
	(2137, 'V', 'en', 'Icelandic', ''),
	(2138, 'V', 'en', 'Italian', ''),
	(2139, 'V', 'en', 'Japanese', ''),
	(2140, 'V', 'en', 'Georgian', ''),
	(2141, 'V', 'en', 'Khmer', ''),
	(2142, 'V', 'en', 'Korean', ''),
	(2143, 'V', 'en', 'Kurdish', ''),
	(2144, 'V', 'en', 'Latin', ''),
	(2145, 'V', 'en', 'Lithuanian', ''),
	(2146, 'V', 'en', 'Latvian', ''),
	(2147, 'V', 'en', 'Macedonian', ''),
	(2148, 'V', 'en', 'Malayalam', ''),
	(2149, 'V', 'en', 'Malay', ''),
	(2150, 'V', 'en', 'Norwegian (bokmal)', ''),
	(2151, 'V', 'en', 'Nepali', ''),
	(2152, 'V', 'en', 'Dutch', ''),
	(2153, 'V', 'en', 'Norwegian (nynorsk)', ''),
	(2154, 'V', 'en', 'Punjabi', ''),
	(2155, 'V', 'en', 'Polish', ''),
	(2156, 'V', 'en', 'Pashto', ''),
	(2157, 'V', 'en', 'Portuguese (Brazil)', ''),
	(2158, 'V', 'en', 'Portuguese (Portugal)', ''),
	(2159, 'V', 'en', 'Romanian', ''),
	(2160, 'V', 'en', 'Russian', ''),
	(2161, 'V', 'en', 'Slovak', ''),
	(2162, 'V', 'en', 'Slovenian', ''),
	(2163, 'V', 'en', 'Albanian', ''),
	(2164, 'V', 'en', 'Serbian', ''),
	(2165, 'V', 'en', 'Swedish', ''),
	(2166, 'V', 'en', 'Swahili', ''),
	(2167, 'V', 'en', 'Tamil', ''),
	(2168, 'V', 'en', 'Telugu', ''),
	(2169, 'V', 'en', 'Thai', ''),
	(2170, 'V', 'en', 'Filipino', ''),
	(2171, 'V', 'en', 'Turkish', ''),
	(2172, 'V', 'en', 'Ukrainian', ''),
	(2173, 'V', 'en', 'Vietnamese', ''),
	(2174, 'V', 'en', 'Simplified Chinese (China)', ''),
	(2175, 'V', 'en', 'Traditional Chinese (Hong Kong)', ''),
	(2176, 'V', 'en', 'Traditional Chinese (Taiwan)', ''),
	(6135, 'O', 'en', 'Button font', ''),
	(2177, 'V', 'en', 'Arial', ''),
	(2178, 'V', 'en', 'Lucida grande', ''),
	(2179, 'V', 'en', 'Segoe ui', ''),
	(2180, 'V', 'en', 'Tahoma', ''),
	(2181, 'V', 'en', 'Trebuchet ms', ''),
	(2182, 'V', 'en', 'Verdana', ''),
	(6136, 'O', 'en', 'Color scheme', ''),
	(2183, 'V', 'en', 'Light', ''),
	(2184, 'V', 'en', 'Dark', ''),
	(6137, 'O', 'en', 'Display on', ''),
	(2185, 'V', 'en', 'Product details pages', ''),
	(2186, 'V', 'en', 'Pages', ''),
	(69, 'S', 'en', 'Vkontakte', ''),
	(6138, 'O', 'en', 'Vkontakte settings', ''),
	(6139, 'O', 'en', 'Show Vkontakte button', ''),
	(6140, 'O', 'en', 'Vkontakte app ID', ''),
	(6141, 'O', 'en', 'Button layout', ''),
	(2187, 'V', 'en', 'Button with a text counter', ''),
	(2188, 'V', 'en', 'Button with a little counter', ''),
	(2189, 'V', 'en', 'Mini button', ''),
	(2190, 'V', 'en', 'Mini button, counter on top', ''),
	(6142, 'O', 'en', 'Button height (px)', ''),
	(6143, 'O', 'en', 'Button width (px)', 'Only for the button with text counter'),
	(6144, 'O', 'en', 'Button name', ''),
	(2191, 'V', 'en', 'Like', ''),
	(2192, 'V', 'en', 'It\'s interesting', ''),
	(6145, 'O', 'en', 'Display on', ''),
	(2193, 'V', 'en', 'Product details pages', ''),
	(2194, 'V', 'en', 'Pages', ''),
	(70, 'S', 'en', 'E-mail', ''),
	(6146, 'O', 'en', 'E-mail settings', ''),
	(6147, 'O', 'en', 'Show E-mail button', ''),
	(6148, 'O', 'en', 'Display on', ''),
	(2195, 'V', 'en', 'Product details pages', ''),
	(2196, 'V', 'en', 'Pages', ''),
	(72, 'S', 'en', 'General', ''),
	(6149, 'O', 'en', 'Map provider', ''),
	(6150, 'O', 'en', 'Map', ''),
	(2197, 'V', 'en', 'Google', ''),
	(6151, 'O', 'en', 'Settings', ''),
	(74, 'S', 'en', 'General', ''),
	(6153, 'O', 'en', 'Tags for products', ''),
	(6154, 'O', 'en', 'Tags for pages', ''),
	(76, 'S', 'en', 'Twigmo account', ''),
	(77, 'S', 'en', 'Mobile Storefront', ''),
	(78, 'S', 'en', 'Upgrade', ''),
	(80, 'S', 'en', 'General', ''),
	(6158, 'O', 'en', 'Watermark', ''),
	(6160, 'O', 'en', 'Product watermarks', ''),
	(6161, 'O', 'en', 'Resized images', ''),
	(6162, 'O', 'en', 'Original size images', ''),
	(6163, 'O', 'en', 'Category watermarks', ''),
	(6164, 'O', 'en', 'Resized images', ''),
	(6165, 'O', 'en', 'Original size images', ''),
	(6166, 'O', 'en', 'Images access', '');
/*!40000 ALTER TABLE `cscart_settings_descriptions` ENABLE KEYS */;


-- Dumping structure for table installer_skozachuk_cscart421u.cscart_settings_objects
DROP TABLE IF EXISTS `cscart_settings_objects`;
CREATE TABLE IF NOT EXISTS `cscart_settings_objects` (
  `object_id` mediumint(8) unsigned NOT NULL AUTO_INCREMENT,
  `edition_type` set('NONE','ROOT','VENDOR','PRO:NONE','PRO:ROOT','MVE:NONE','MVE:ROOT','ULT:NONE','ULT:ROOT','ULT:VENDOR','ULT:VENDORONLY') NOT NULL DEFAULT 'ROOT',
  `name` varchar(128) NOT NULL DEFAULT '',
  `section_id` smallint(4) unsigned NOT NULL,
  `section_tab_id` smallint(4) unsigned NOT NULL,
  `type` char(1) NOT NULL DEFAULT 'I',
  `value` text NOT NULL,
  `position` smallint(5) unsigned NOT NULL DEFAULT '0',
  `is_global` char(1) NOT NULL DEFAULT 'Y',
  `handler` varchar(128) NOT NULL,
  `parent_id` mediumint(8) unsigned NOT NULL DEFAULT '0',
  PRIMARY KEY (`object_id`),
  KEY `name` (`name`),
  KEY `is_global` (`is_global`),
  KEY `position` (`position`),
  KEY `section_id` (`section_id`,`section_tab_id`)
) ENGINE=MyISAM AUTO_INCREMENT=6167 DEFAULT CHARSET=utf8;

-- Dumping data for table installer_skozachuk_cscart421u.cscart_settings_objects: 442 rows
/*!40000 ALTER TABLE `cscart_settings_objects` DISABLE KEYS */;
INSERT INTO `cscart_settings_objects` (`object_id`, `edition_type`, `name`, `section_id`, `section_tab_id`, `type`, `value`, `position`, `is_global`, `handler`, `parent_id`) VALUES
	(1, 'ROOT,ULT:VENDOR', 'use_shipments', 2, 0, 'C', 'Y', 55, 'Y', '', 0),
	(2, 'ROOT,ULT:VENDOR', 'allow_usergroup_signup', 2, 0, 'C', 'Y', 249, 'Y', '', 0),
	(3, 'ROOT,ULT:VENDOR', 'exception_style', 2, 0, 'S', 'hide', 160, 'Y', '', 0),
	(4, 'ROOT,VENDOR', 'log_type_news', 12, 0, 'N', '#M#create=Y&delete=Y&update=Y', 10, 'Y', '', 0),
	(7, 'ROOT', 'feedback_type', 2, 0, 'S', 'manual', 57, 'Y', '', 0),
	(8, 'ROOT', 'ftp_hostname', 13, 0, 'I', '', 30, 'N', '', 0),
	(9, 'ROOT', 'ftp_username', 13, 0, 'I', '', 40, 'N', '', 0),
	(10, 'ROOT', 'ftp_password', 13, 0, 'P', '', 50, 'N', '', 0),
	(11, 'ROOT', 'ftp_directory', 13, 0, 'I', '', 60, 'N', '', 0),
	(12, 'ROOT', 'license_number', 13, 0, 'I', '', 10, 'N', '', 0),
	(14, 'ROOT', 'auto_check_updates', 2, 0, 'C', 'Y', 58, 'Y', '', 0),
	(15, 'ROOT,ULT:VENDOR', 'alternative_currency', 2, 0, 'S', 'use_only_selected', 10, 'Y', '', 0),
	(16, 'ROOT,ULT:VENDOR', 'weight_symbol', 2, 0, 'I', 'lbs', 30, 'Y', '', 0),
	(17, 'ROOT,ULT:VENDOR', 'default_address', 2, 0, 'I', 'Boston street', 70, 'Y', '', 0),
	(18, 'ROOT,ULT:VENDOR', 'default_zipcode', 2, 0, 'I', '02125', 80, 'Y', '', 0),
	(19, 'ROOT,ULT:VENDOR', 'default_city', 2, 0, 'I', 'Boston', 90, 'Y', '', 0),
	(20, 'ROOT,ULT:VENDOR', 'default_country', 2, 0, 'X', 'US', 100, 'Y', '', 0),
	(21, 'ROOT,ULT:VENDOR', 'default_state', 2, 0, 'W', 'MA', 110, 'Y', '', 0),
	(22, 'ROOT,ULT:VENDOR', 'products_per_page', 4, 0, 'U', '12', 100, 'Y', '', 0),
	(23, 'ROOT', 'admin_products_per_page', 4, 0, 'U', '10', 30, 'Y', '', 0),
	(24, 'ROOT', 'admin_elements_per_page', 4, 0, 'U', '10', 60, 'Y', '', 0),
	(25, 'ROOT,ULT:VENDOR', 'company_state', 5, 0, 'W', 'MA', 40, 'Y', '', 0),
	(26, 'ROOT,ULT:VENDOR', 'company_city', 5, 0, 'I', 'Boston', 20, 'Y', '', 0),
	(27, 'ROOT,ULT:VENDOR', 'company_address', 5, 0, 'I', '44 Main street', 10, 'Y', '', 0),
	(28, 'ROOT,ULT:VENDOR', 'company_phone', 5, 0, 'I', '6175556985', 60, 'Y', '', 0),
	(29, 'ROOT,ULT:VENDOR', 'company_phone_2', 5, 0, 'I', '', 70, 'Y', '', 0),
	(30, 'ROOT,ULT:VENDOR', 'company_fax', 5, 0, 'I', '', 80, 'Y', '', 0),
	(31, 'ROOT,ULT:VENDOR', 'company_name', 5, 0, 'I', 'Simtech', 0, 'Y', '', 0),
	(32, 'ROOT,ULT:VENDOR', 'company_website', 5, 0, 'I', 'http://www.example.com/', 90, 'Y', '', 0),
	(33, 'ROOT,ULT:VENDOR', 'company_zipcode', 5, 0, 'I', '02116', 50, 'Y', '', 0),
	(34, 'ROOT,ULT:VENDOR', 'company_country', 5, 0, 'X', 'US', 30, 'Y', '', 0),
	(35, 'ROOT,ULT:VENDOR', 'company_users_department', 5, 0, 'I', 'testing@magneticone.com', 100, 'Y', '', 0),
	(36, 'ROOT,ULT:VENDOR', 'company_site_administrator', 5, 0, 'I', 'testing@magneticone.com', 110, 'Y', '', 0),
	(37, 'ROOT,ULT:VENDOR', 'company_orders_department', 5, 0, 'I', 'testing@magneticone.com', 120, 'Y', '', 0),
	(38, 'ROOT,ULT:VENDOR', 'company_support_department', 5, 0, 'I', 'testing@magneticone.com', 130, 'Y', '', 0),
	(39, 'ROOT,ULT:VENDOR', 'company_newsletter_email', 5, 0, 'I', 'testing@magneticone.com', 140, 'Y', '', 0),
	(40, 'ROOT,ULT:VENDOR', 'company_start_year', 5, 0, 'I', '2004', 95, 'Y', '', 0),
	(41, 'ROOT,ULT:VENDOR', 'default_phone', 2, 0, 'I', '6175556985', 120, 'Y', '', 0),
	(42, 'ROOT,ULT:VENDOR', 'weight_symbol_grams', 2, 0, 'I', '453.6', 40, 'Y', '', 0),
	(43, 'ROOT', 'admin_pages_per_page', 4, 0, 'U', '10', 50, 'Y', '', 0),
	(44, 'ROOT', 'allow_negative_amount', 2, 0, 'C', 'N', 135, 'Y', '', 0),
	(45, 'ROOT', 'admin_orders_per_page', 4, 0, 'U', '10', 20, 'Y', '', 0),
	(46, 'ROOT,ULT:VENDOR', 'orders_per_page', 4, 0, 'U', '10', 90, 'Y', '', 0),
	(47, 'ROOT,ULT:VENDOR', 'elements_per_page', 4, 0, 'U', '10', 130, 'Y', '', 0),
	(48, 'ROOT', 'notice_displaying_time', 4, 0, 'I', '5', 260, 'Y', '', 0),
	(49, 'ROOT', 'default_wysiwyg_editor', 4, 0, 'K', 'redactor', 60, 'Y', '', 0),
	(50, 'ROOT', 'default_image_previewer', 4, 0, 'K', 'magnific', 189, 'Y', '', 0),
	(52, 'ROOT', 'date_format', 4, 0, 'S', '%m/%d/%Y', 200, 'Y', '', 0),
	(53, 'ROOT,ULT:VENDOR', 'frontend_default_language', 4, 0, 'S', 'en', 80, 'Y', '', 0),
	(54, 'ROOT', 'backend_default_language', 4, 0, 'S', 'en', 15, 'Y', '', 0),
	(55, 'ROOT,ULT:VENDOR', 'secure_checkout', 15, 0, 'C', 'N', 1, 'Y', '', 0),
	(56, 'ROOT', 'secure_admin', 15, 0, 'C', 'N', 2, 'Y', '', 0),
	(57, 'ROOT,ULT:VENDOR', 'keep_https', 15, 0, 'C', 'N', 5, 'Y', '', 0),
	(58, 'ROOT,ULT:VENDOR', 'inventory_tracking', 2, 0, 'C', 'Y', 130, 'Y', '', 0),
	(59, 'ROOT,ULT:VENDOR', 'debugging_console', 2, 0, 'C', 'N', 6, 'Y', '', 0),
	(60, 'ROOT', 'disable_shipping', 7, 0, 'C', 'N', 5, 'Y', '', 0),
	(61, 'ROOT,ULT:VENDOR', 'store_access_key', 2, 0, 'I', '', 51, 'Y', '', 0),
	(62, 'ROOT', 'order_start_id', 2, 0, 'I', '', 53, 'Y', '', 0),
	(63, 'ROOT,ULT:VENDOR', 'columns_in_products_list', 4, 0, 'I', '3', 150, 'Y', '', 0),
	(64, 'ROOT,ULT:VENDOR', '\ndefault_products_sorting', 4, 0, 'K', 'product-asc', 198, 'Y', '', 0),
	(65, 'ROOT,ULT:VENDOR', 'edp_key_ttl', 2, 0, 'I', '24', 140, 'Y', '', 0),
	(66, 'ROOT', 'time_format', 4, 0, 'S', '%H:%M', 210, 'Y', '', 0),
	(67, 'ROOT,ULT:VENDOR', 'user_multiple_profiles', 2, 0, 'C', 'N', 240, 'Y', '', 0),
	(69, 'ROOT,ULT:VENDOR', 'min_order_amount', 2, 0, 'I', '0', 242, 'Y', '', 0),
	(70, 'ROOT,ULT:VENDOR', 'min_order_amount_type', 2, 0, 'S', 'products_with_shippings', 242, 'Y', '', 0),
	(71, 'ROOT,ULT:VENDOR', 'allow_anonymous_shopping', 2, 0, 'S', 'allow_shopping', 243, 'Y', '', 0),
	(72, 'ROOT,ULT:VENDOR', 'show_products_from_subcategories', 2, 0, 'C', 'Y', 150, 'Y', '', 0),
	(73, 'ROOT,ULT:VENDOR', 'disable_anonymous_checkout', 2, 0, 'C', 'N', 244, 'Y', '', 0),
	(75, 'ROOT,ULT:VENDOR', 'theme_name', 0, 0, 'I', 'responsive', 0, 'Y', '', 0),
	(76, 'ROOT,ULT:VENDOR', 'show_menu_mouseover', 0, 0, 'C', 'N', 0, 'Y', '', 0),
	(77, 'ROOT,ULT:VENDOR', 'low_stock_threshold', 2, 0, 'I', '0', 145, 'Y', '', 0),
	(78, 'ROOT,ULT:VENDOR', 'approve_user_profiles', 2, 0, 'C', 'N', 250, 'Y', '', 0),
	(79, 'ROOT', 'use_email_as_login', 2, 0, 'C', 'Y', 260, 'Y', '', 0),
	(84, 'ROOT,ULT:VENDOR', 'day', 10, 0, 'S', '%a, %b %e', 20, 'Y', '', 0),
	(85, 'ROOT,ULT:VENDOR', 'week', 10, 0, 'S', '%U, %b', 30, 'Y', '', 0),
	(86, 'ROOT,ULT:VENDOR', 'month', 10, 0, 'S', '%B', 40, 'Y', '', 0),
	(87, 'ROOT,ULT:VENDOR', 'year', 10, 0, 'S', '%Y', 50, 'Y', '', 0),
	(89, 'ROOT,ULT:VENDOR', 'jpeg_quality', 9, 0, 'U', '80', 90, 'Y', '', 0),
	(90, 'ROOT,ULT:VENDOR', 'convert_to', 9, 0, 'S', 'original', 80, 'Y', '', 0),
	(91, 'ROOT,ULT:VENDOR', 'thumbnail_background_color', 9, 0, 'I', '#ffffff', 70, 'Y', '', 0),
	(93, 'ROOT,ULT:VENDOR', 'display_options_modifiers', 2, 0, 'C', 'Y', 155, 'Y', '', 0),
	(94, 'ROOT,ULT:VENDOR', 'show_out_of_stock_products', 2, 0, 'C', 'Y', 180, 'Y', '', 0),
	(97, 'ROOT,ULT:VENDOR', 'secure_auth', 15, 0, 'C', 'N', 3, 'Y', '', 0),
	(98, 'ROOT,ULT:VENDOR', 'use_single_coupon', 2, 0, 'C', 'Y', 225, 'Y', '', 0),
	(100, 'ROOT,ULT:VENDOR', 'agree_terms_conditions', 2, 0, 'C', 'N', 270, 'Y', '', 0),
	(102, 'ROOT', 'fedex_enabled', 7, 0, 'C', 'N', 20, 'N', '', 0),
	(103, 'ROOT', 'ups_enabled', 7, 0, 'C', 'N', 30, 'N', '', 0),
	(104, 'ROOT', 'usps_enabled', 7, 0, 'C', 'N', 40, 'N', '', 0),
	(105, 'ROOT,ULT:VENDOR', 'show_cats', 8, 0, 'C', 'Y', 10, 'N', '', 0),
	(106, 'ROOT,ULT:VENDOR', 'show_rootcats_only', 8, 0, 'C', 'N', 20, 'N', '', 0),
	(107, 'ROOT,ULT:VENDOR', 'show_site_info', 8, 0, 'C', 'Y', 35, 'N', '', 0),
	(108, 'ROOT', 'mailer_send_method', 1, 0, 'S', 'mail', 10, 'N', '', 0),
	(109, 'ROOT', 'mailer_smtp_host', 1, 0, 'I', '', 30, 'N', '', 0),
	(110, 'ROOT', 'mailer_smtp_auth', 1, 0, 'C', 'N', 60, 'N', '', 0),
	(111, 'ROOT', 'mailer_smtp_username', 1, 0, 'I', '', 40, 'N', '', 0),
	(112, 'ROOT', 'mailer_smtp_password', 1, 0, 'I', '', 50, 'N', '', 0),
	(113, 'ROOT', 'mailer_sendmail_path', 1, 0, 'I', '/usr/sbin/sendmail', 80, 'N', '', 0),
	(114, 'ROOT', 'dhl_enabled', 7, 0, 'C', 'N', 50, 'N', '', 0),
	(115, 'ROOT', 'aup_enabled', 7, 0, 'C', 'N', 60, 'N', '', 0),
	(116, 'ROOT,ULT:VENDOR', 'show_prices_taxed_clean', 4, 0, 'C', 'N', 184, 'Y', '', 0),
	(117, 'ROOT,ULT:VENDOR', 'height', 11, 0, 'I', '30', 20, 'N', '', 0),
	(118, 'ROOT,ULT:VENDOR', 'string_length', 11, 0, 'I', '5', 30, 'N', '', 0),
	(119, 'ROOT,ULT:VENDOR', 'min_font_size', 11, 0, 'I', '14', 40, 'N', '', 0),
	(120, 'ROOT,ULT:VENDOR', 'max_font_size', 11, 0, 'I', '16', 50, 'N', '', 0),
	(121, 'ROOT,ULT:VENDOR', 'string_type', 11, 0, 'S', 'mixed', 60, 'N', '', 0),
	(122, 'ROOT,ULT:VENDOR', 'char_shadow', 11, 0, 'C', 'N', 65, 'N', '', 0),
	(123, 'ROOT,ULT:VENDOR', 'colour', 11, 0, 'C', 'N', 70, 'N', '', 0),
	(124, 'ROOT,ULT:VENDOR', 'background_image', 11, 0, 'F', '', 80, 'N', '', 0),
	(125, 'ROOT,ULT:VENDOR', 'lines_number', 11, 0, 'I', '20', 35, 'N', '', 0),
	(126, 'ROOT,ULT:VENDOR', 'grid_color', 11, 0, 'I', 'cccccc', 36, 'N', '', 0),
	(127, 'ROOT,ULT:VENDOR', 'use_for_login', 11, 0, 'C', 'N', 100, 'Y', '', 0),
	(128, 'ROOT,ULT:VENDOR', 'use_for_register', 11, 0, 'C', 'Y', 110, 'Y', '', 0),
	(129, 'ROOT,ULT:VENDOR', 'use_for_form_builder', 11, 0, 'C', 'Y', 120, 'Y', '', 0),
	(130, 'ROOT,ULT:VENDOR', 'use_for_email_share', 11, 0, 'C', 'Y', 130, 'Y', '', 0),
	(131, 'ROOT,ULT:VENDOR', 'use_for_discussion', 11, 0, 'C', 'Y', 140, 'Y', '', 0),
	(132, 'ROOT,ULT:VENDOR', 'use_for_checkout', 11, 0, 'C', 'Y', 150, 'Y', '', 0),
	(133, 'ROOT,ULT:VENDOR', 'width', 11, 0, 'I', '110', 10, 'N', '', 0),
	(134, 'ROOT,ULT:VENDOR', 'hide_if_logged', 11, 0, 'C', 'Y', 85, 'Y', '', 0),
	(135, 'ROOT,ULT:VENDOR', 'use_for_polls', 11, 0, 'C', 'Y', 160, 'Y', '', 0),
	(136, 'ROOT,ULT:VENDOR', 'use_for_track_orders', 11, 0, 'C', 'N', 170, 'Y', '', 0),
	(137, 'ROOT,ULT:VENDOR', 'repay', 2, 0, 'C', 'Y', 280, 'Y', '', 0),
	(138, 'ROOT', 'checkout_style', 2, 0, 'S', 'one_page', 290, 'Y', '', 0),
	(139, 'ROOT', 'timezone', 4, 0, 'S', 'Europe/Moscow', 220, 'Y', '', 0),
	(140, 'ROOT,ULT:VENDOR', 'estimate_shipping_cost', 2, 0, 'C', 'Y', 300, 'Y', '', 0),
	(141, 'ROOT,ULT:VENDOR', 'allow_create_account_after_order', 2, 0, 'C', 'Y', 305, 'Y', '', 0),
	(143, 'ROOT,ULT:VENDOR', 'init_addons', 0, 0, 'C', '', 0, 'Y', '', 0),
	(144, 'ROOT,ULT:VENDOR', 'customization_mode', 0, 0, 'C', '', 0, 'Y', '', 0),
	(145, 'ROOT,ULT:VENDOR', 'cart_prices_w_taxes', 4, 0, 'C', 'N', 185, 'Y', '', 0),
	(146, 'ROOT,ULT:VENDOR', 'in_stock_field', 4, 0, 'C', 'N', 186, 'Y', '', 0),
	(147, 'ROOT,ULT:VENDOR', 'thumbnails_gallery', 4, 0, 'C', 'N', 186, 'Y', '', 0),
	(148, 'ROOT,ULT:VENDOR', 'quantity_changer', 4, 0, 'C', 'Y', 186, 'Y', '', 0),
	(149, 'ROOT,ULT:VENDOR', 'top_pagination', 4, 0, 'C', 'N', 187, 'Y', '', 0),
	(150, 'ROOT,ULT:VENDOR', 'taxes_using_default_address', 4, 0, 'C', 'N', 183, 'Y', '', 0),
	(151, 'ROOT', 'proxy_host', 2, 0, 'I', '', 320, 'Y', '', 0),
	(152, 'ROOT', 'proxy_port', 2, 0, 'I', '', 330, 'Y', '', 0),
	(153, 'ROOT', 'proxy_user', 2, 0, 'I', '', 340, 'Y', '', 0),
	(154, 'ROOT', 'proxy_password', 2, 0, 'P', '', 350, 'Y', '', 0),
	(155, 'ROOT', 'can_enabled', 7, 0, 'C', 'N', 70, 'Y', '', 0),
	(156, 'ROOT,ULT:VENDOR', 'search_objects', 2, 0, 'N', '', 1010, 'Y', '', 0),
	(158, 'ROOT,VENDOR', 'log_type_orders', 12, 0, 'N', '#M#create=Y&delete=Y&update=Y&status=Y', 10, 'Y', '', 0),
	(159, 'ROOT,VENDOR', 'log_type_users', 12, 0, 'N', '#M#create=Y&delete=Y&update=Y&session=Y&failed_login=Y', 10, 'Y', '', 0),
	(160, 'ROOT,VENDOR', 'log_type_products', 12, 0, 'N', '#M#create=Y&delete=Y&update=Y&low_stock=Y', 10, 'Y', '', 0),
	(161, 'ROOT,VENDOR', 'log_type_categories', 12, 0, 'N', '#M#create=Y&delete=Y&update=Y', 10, 'Y', '', 0),
	(162, 'ROOT,VENDOR', 'log_type_database', 12, 0, 'N', '#M#restore=Y&backup=Y&optimize=Y&error=Y', 10, 'Y', '', 0),
	(163, 'ROOT,VENDOR', 'log_type_requests', 12, 0, 'N', '#M#http=Y', 10, 'Y', '', 0),
	(164, 'ROOT', 'swisspost_enabled', 7, 0, 'C', 'N', 70, 'Y', '', 0),
	(165, 'ROOT,ULT:VENDOR', 'hide_after_validation', 11, 0, 'C', 'Y', 87, 'Y', '', 0),
	(166, 'ROOT', 'calendar_date_format', 4, 0, 'S', 'month_first', 230, 'Y', '', 0),
	(167, 'ROOT', 'calendar_week_format', 4, 0, 'S', 'monday_first', 240, 'Y', '', 0),
	(168, 'ROOT,ULT:VENDOR', 'store_mode', 2, 0, 'C', 'N', 50, 'Y', '', 0),
	(169, 'ROOT,ULT:VENDOR', 'default_products_view', 4, 0, 'K', 'products_multicolumns', 195, 'Y', '', 0),
	(170, 'ROOT,ULT:VENDOR', 'save_selected_view', 4, 0, 'C', 'Y', 196, 'Y', '', 0),
	(171, 'ROOT,ULT:VENDOR', 'default_products_view_templates', 4, 0, 'G', '#M#products_multicolumns=Y&products_without_options=Y&short_list=Y', 194, 'Y', '', 0),
	(173, 'ROOT,ULT:VENDOR', 'checkout_redirect', 2, 0, 'C', 'N', 246, 'Y', '', 0),
	(174, 'ROOT', 'min_admin_password_length', 15, 0, 'I', '5', 10, 'Y', '', 0),
	(175, 'ROOT', 'admin_passwords_must_contain_mix', 15, 0, 'C', 'N', 20, 'Y', '', 0),
	(176, 'ROOT', 'change_admin_password_on_first_login', 15, 0, 'C', 'N', 30, 'Y', '', 0),
	(177, 'ROOT', 'admin_password_expiration_period', 15, 0, 'I', '0', 40, 'Y', '', 0),
	(178, 'ROOT', 'cron_password', 15, 0, 'I', 'MYPASS', 50, 'Y', '', 0),
	(5933, 'ROOT', 'uk_cookies_law', 15, 0, 'C', 'N', 55, 'Y', '', 0),
	(179, 'ROOT', 'tax_calculation', 2, 0, 'S', 'subtotal', 55, 'Y', '', 0),
	(180, 'ROOT,ULT:VENDOR', 'default_product_details_view', 4, 0, 'S', 'default_template', 191, 'Y', '', 0),
	(288, 'ROOT,ULT:VENDOR', 'product_details_in_tab', 4, 0, 'C', 'Y', 191, 'Y', '', 0),
	(182, 'ROOT,ULT:VENDOR', 'address_position', 2, 0, 'S', 'billing_first', 250, 'Y', '', 0),
	(183, 'ROOT', 'changes_warning', 4, 0, 'C', 'Y', 250, 'Y', '', 0),
	(184, 'ROOT,ULT:VENDOR', 'product_lists_thumbnail_width', 9, 0, 'U', '150', 100, 'Y', '', 0),
	(185, 'ROOT,ULT:VENDOR', 'product_lists_thumbnail_height', 9, 0, 'U', '150', 110, 'Y', '', 0),
	(186, 'ROOT,ULT:VENDOR', 'product_details_thumbnail_width', 9, 0, 'U', '280', 120, 'Y', '', 0),
	(187, 'ROOT,ULT:VENDOR', 'product_details_thumbnail_height', 9, 0, 'U', '', 130, 'Y', '', 0),
	(190, 'ROOT,ULT:VENDOR', 'product_cart_thumbnail_width', 9, 0, 'U', '120', 160, 'Y', '', 0),
	(191, 'ROOT,ULT:VENDOR', 'product_cart_thumbnail_height', 9, 0, 'U', '', 170, 'Y', '', 0),
	(192, 'ROOT,ULT:VENDOR', 'category_lists_thumbnail_width', 9, 0, 'U', '60', 180, 'Y', '', 0),
	(193, 'ROOT,ULT:VENDOR', 'category_lists_thumbnail_height', 9, 0, 'U', '', 190, 'Y', '', 0),
	(194, 'ROOT,ULT:VENDOR', 'category_details_thumbnail_width', 9, 0, 'U', '120', 200, 'Y', '', 0),
	(195, 'ROOT,ULT:VENDOR', 'category_details_thumbnail_height', 9, 0, 'U', '', 210, 'Y', '', 0),
	(196, 'ROOT,ULT:VENDOR', 'category_detailed_\nimage_width', 9, 0, 'U', '', 220, 'Y', '', 0),
	(197, 'ROOT,ULT:VENDOR', 'category_detailed_image_height', 9, 0, 'U', '', 230, 'Y', '', 0),
	(199, 'ROOT', 'show_menu_descriptions', 4, 0, 'C', 'Y', 255, 'Y', '', 0),
	(201, 'ROOT', 'store_key', 0, 0, 'I', '800755963;carts.shopping-cart-migration.com/skozachuk/cscart421u', 0, 'Y', '', 0),
	(202, 'ROOT', 'header_7006', 7, 0, 'H', '', 9, 'N', '', 0),
	(203, 'ROOT', 'header_1', 4, 0, 'H', '', 10, 'N', '', 0),
	(5678, 'ROOT', 'current_timestamp', 0, 0, 'T', '1406052910', 10, 'Y', '', 0),
	(204, 'ROOT,VENDOR', 'header_7010', 10, 0, 'H', '', 10, 'N', '', 0),
	(206, 'ROOT', 'header_10003', 1, 0, 'H', '', 20, 'N', '', 0),
	(207, 'ROOT,VENDOR', 'header_7003', 2, 0, 'H', '', 60, 'N', '', 0),
	(208, 'ROOT,VENDOR', 'header_2', 4, 0, 'H', '', 70, 'N', '', 0),
	(209, 'ROOT', 'header_10004', 1, 0, 'H', '', 70, 'N', '', 0),
	(210, 'ROOT,VENDOR', 'header_7004', 2, 0, 'H', '', 125, 'N', '', 0),
	(211, 'ROOT', 'header_10080', 4, 0, 'H', '', 199, 'N', '', 0),
	(212, 'ROOT,VENDOR', 'header_7024', 2, 0, 'H', '', 215, 'N', '', 0),
	(213, 'ROOT,VENDOR', 'header_7005', 2, 0, 'H', '', 235, 'N', '', 0),
	(215, 'ROOT,VENDOR', 'header_8048', 11, 0, 'H', '', 90, 'N', '', 0),
	(216, 'ROOT', 'header_8057', 2, 0, 'H', '', 310, 'N', '', 0),
	(217, 'ROOT,VENDOR', 'header_15000', 2, 0, 'H', '', 1000, 'N', '', 0),
	(219, 'ROOT', 'header_8158', 13, 0, 'H', '', 20, 'N', '', 0),
	(221, 'ROOT,VENDOR', 'header_10070', 4, 0, 'H', '', 192, 'N', '', 0),
	(2000, 'ROOT', 'share_users', 17, 0, 'C', 'N', 10, 'Y', '', 0),
	(223, 'ROOT,ULT:VENDOR', 'disregard_options_for_discounts', 2, 0, 'C', 'N', 306, 'Y', '', 0),
	(272, 'ROOT', 'display_track_orders', 4, 0, 'C', 'Y', 191, 'Y', '', 0),
	(274, 'ROOT,VENDOR', 'log_type_general', 12, 0, 'N', '#M#runtime=Y&deprecated=Y&', 10, 'Y', '', 0),
	(275, 'ROOT,ULT:VENDOR', 'quick_registration', 2, 0, 'C', 'Y', 260, 'Y', '', 0),
	(289, 'ROOT,ULT:VENDOR', 'available_product_list_sortings', 4, 0, 'G', '#M#timestamp-desc=Y&product-asc=Y&product-desc=Y&price-asc=Y&price-desc=Y&popularity-desc=Y', 197, 'Y', '', 0),
	(290, 'ROOT,ULT:VENDOR', 'enable_quick_view', 4, 0, 'C', 'Y', 198, 'Y', '', 0),
	(291, 'ROOT', 'storage', 0, 0, 'I', 'a:1:{s:7:"storage";s:4:"file";}', 10, 'N', '', 0),
	(292, 'ROOT,ULT:VENDOR', 'product_quick_view_thumbnail_width', 9, 0, 'U', '220', 135, 'Y', '', 0),
	(293, 'ROOT,ULT:VENDOR', 'product_quick_view_thumbnail_height', 9, 0, 'U', '', 136, 'Y', '', 0),
	(2116, 'ROOT', 'temando_enabled', 7, 0, 'C', 'N', 95, 'Y', '', 0),
	(294, 'ROOT', 'cdn', 0, 0, 'I', '', 10, 'N', '', 0),
	(2001, 'ROOT', 'default_state_update_for_all', 17, 0, 'S', 'not_active', 20, 'Y', '', 0),
	(5934, 'ROOT', 'elm_administrator_area_settings', 18, 19, 'H', '', 0, 'N', '', 0),
	(5935, 'ROOT', 'admin_reverse_ip_access', 18, 19, 'C', '', 10, 'N', '', 0),
	(5936, 'ROOT', 'unsuccessful_attempts_login', 18, 19, 'C', '', 20, 'N', '', 0),
	(5937, 'ROOT', 'number_unsuccessful_attempts', 18, 19, 'I', '5', 30, 'N', '', 0),
	(5938, 'ROOT', 'login_intervals', 18, 19, 'I', '60', 40, 'N', '', 0),
	(5939, 'ROOT', 'time_block', 18, 19, 'I', '24', 50, 'N', '', 0),
	(5940, 'ROOT', 'elm_customer_and_affiliate_area_settings', 18, 19, 'H', '', 60, 'N', '', 0),
	(5941, 'ROOT', 'unsuccessful_attempts_login_customer', 18, 19, 'C', '', 70, 'N', '', 0),
	(5942, 'ROOT', 'number_unsuccessful_attempts_customer', 18, 19, 'I', '5', 80, 'N', '', 0),
	(5943, 'ROOT', 'login_intervals_customer', 18, 19, 'I', '60', 90, 'N', '', 0),
	(5944, 'ROOT', 'time_block_customer', 18, 19, 'I', '24', 100, 'N', '', 0),
	(5945, 'ROOT', 'banner_multilang', 20, 21, 'C', 'Y', 0, 'N', '', 0),
	(5946, 'ROOT', 'elm_image', 22, 23, 'H', '', 0, 'N', '', 0),
	(5947, 'ROOT', 'elm_image_info', 22, 23, 'O', '', 10, 'N', 'fn_get_barcode_image', 0),
	(5948, 'ROOT', 'elm_configs', 22, 23, 'H', '', 20, 'N', '', 0),
	(5949, 'ROOT', 'type', 22, 23, 'S', 'C128B', 30, 'N', '', 0),
	(5950, 'ROOT', 'output', 22, 23, 'S', 'png', 40, 'N', '', 0),
	(5951, 'ROOT', 'text', 22, 23, 'S', 'Y', 50, 'N', '', 0),
	(5952, 'ROOT', 'height', 22, 23, 'I', '60', 60, 'N', '', 0),
	(5953, 'ROOT', 'width', 22, 23, 'I', '250', 70, 'N', '', 0),
	(5954, 'ROOT', 'resolution', 22, 23, 'R', '1', 80, 'N', '', 0),
	(5955, 'ROOT', 'text_font', 22, 23, 'R', '3', 90, 'N', '', 0),
	(5956, 'ROOT', 'prefix', 22, 23, 'I', 'FF45CR99', 100, 'N', '', 0),
	(5957, 'ROOT', 'elm_specification', 22, 23, 'H', '', 110, 'N', '', 0),
	(5958, 'ROOT', 'elm_spec_descr', 22, 23, 'O', '', 120, 'N', 'fn_get_barcode_specification', 0),
	(5959, 'ROOT,ULT:VENDOR', 'main_store_mode', 24, 25, 'R', 'catalog', 0, 'N', '', 0),
	(5960, 'ROOT,ULT:VENDOR', 'add_to_cart_empty_buy_now_url', 24, 25, 'C', 'N', 10, 'N', '', 0),
	(5961, 'ROOT', 'cron_password', 26, 27, 'I', 'MYPASS', 0, 'N', '', 0),
	(5962, 'ROOT,ULT:VENDOR', 'product_posts_per_page', 28, 29, 'I', '10', 0, 'N', '', 0),
	(5963, 'ROOT,ULT:VENDOR', 'product_post_approval', 28, 29, 'S', 'any', 10, 'N', '', 0),
	(5964, 'ROOT,ULT:VENDOR', 'product_post_ip_check', 28, 29, 'C', 'N', 20, 'N', '', 0),
	(5965, 'ROOT,ULT:VENDOR', 'product_notification_email', 28, 29, 'I', '', 30, 'N', '', 0),
	(5966, 'ULT:ROOT', 'product_share_discussion', 28, 29, 'C', 'N', 50, 'N', '', 0),
	(5967, 'ROOT,ULT:VENDOR', 'category_posts_per_page', 28, 30, 'I', '10', 0, 'N', '', 0),
	(5968, 'ROOT,ULT:VENDOR', 'category_post_approval', 28, 30, 'S', 'any', 10, 'N', '', 0),
	(5969, 'ROOT,ULT:VENDOR', 'category_post_ip_check', 28, 30, 'C', 'N', 20, 'N', '', 0),
	(5970, 'ROOT,ULT:VENDOR', 'category_notification_email', 28, 30, 'I', '', 30, 'N', '', 0),
	(5971, 'ROOT,ULT:VENDOR', 'order_posts_per_page', 28, 31, 'I', '10', 0, 'N', '', 0),
	(5972, 'ROOT,ULT:VENDOR', 'order_initiate', 28, 31, 'C', 'Y', 10, 'N', '', 0),
	(5973, 'ROOT,ULT:VENDOR', 'news_posts_per_page', 28, 32, 'I', '3', 0, 'N', '', 0),
	(5974, 'ROOT,ULT:VENDOR', 'news_post_approval', 28, 32, 'S', 'any', 10, 'N', '', 0),
	(5975, 'ROOT,ULT:VENDOR', 'news_post_ip_check', 28, 32, 'C', 'N', 20, 'N', '', 0),
	(5976, 'ROOT,ULT:VENDOR', 'news_notification_email', 28, 32, 'I', '', 30, 'N', '', 0),
	(5977, 'ULT:ROOT', 'news_share_discussion', 28, 32, 'C', 'N', 40, 'N', '', 0),
	(5978, 'ROOT,ULT:VENDOR', 'giftreg_posts_per_page', 28, 33, 'I', '10', 0, 'N', '', 0),
	(5979, 'ROOT,ULT:VENDOR', 'giftreg_post_ip_check', 28, 33, 'C', 'N', 10, 'N', '', 0),
	(5980, 'ROOT,ULT:VENDOR', 'page_posts_per_page', 28, 34, 'I', '10', 0, 'N', '', 0),
	(5981, 'ROOT,ULT:VENDOR', 'page_post_approval', 28, 34, 'S', 'disabled', 10, 'N', '', 0),
	(5982, 'ROOT,ULT:VENDOR', 'page_post_ip_check', 28, 34, 'C', 'N', 20, 'N', '', 0),
	(5983, 'ROOT,ULT:VENDOR', 'page_notification_email', 28, 34, 'I', '', 30, 'N', '', 0),
	(5984, 'ULT:ROOT', 'page_share_discussion', 28, 34, 'C', 'N', 50, 'N', '', 0),
	(5985, 'ROOT,ULT:VENDOR', 'home_page_posts_per_page', 28, 35, 'I', '10', 0, 'N', '', 0),
	(5986, 'ROOT,ULT:VENDOR', 'home_page_post_approval', 28, 35, 'S', 'any', 10, 'N', '', 0),
	(5987, 'ROOT,ULT:VENDOR', 'home_page_post_ip_check', 28, 35, 'C', 'Y', 20, 'N', '', 0),
	(5988, 'ROOT,ULT:VENDOR', 'home_page_notification_email', 28, 35, 'I', '', 30, 'N', '', 0),
	(5989, 'MVE:ROOT,ULT:VENDOR', 'home_page_testimonials', 28, 35, 'S', 'D', 40, 'N', '', 0),
	(5990, 'ULT:ROOT', 'testimonials_from_all_stores', 28, 35, 'C', 'N', 50, 'N', '', 0),
	(5991, 'ROOT', 'em_show_on_checkout', 36, 37, 'C', 'N', 0, 'N', '', 0),
	(5992, 'ROOT', 'em_checkout_enabled', 36, 37, 'C', 'N', 10, 'N', '', 5991),
	(5993, 'ROOT', 'em_double_opt_in', 36, 37, 'C', 'N', 20, 'N', '', 0),
	(5994, 'ROOT', 'em_welcome_letter', 36, 37, 'C', 'N', 30, 'N', '', 0),
	(5995, 'ROOT', 'em_service', 36, 37, 'S', 'dummy', 40, 'N', '', 0),
	(5996, 'ROOT', 'em_token', 36, 37, 'D', '11e09989f8b602f07289378acbcdad9d', 50, 'N', '', 0),
	(5997, 'ROOT', 'em_lastsync', 36, 37, 'D', '1406208073', 60, 'N', '', 0),
	(5998, 'ROOT', 'em_mailchimp_api_key', 36, 38, 'I', '', 0, 'N', '', 0),
	(5999, 'ROOT', 'em_mailchimp_list', 36, 38, 'S', '', 10, 'N', '', 0),
	(6000, 'ROOT', 'em_madmimi_username', 36, 39, 'I', '', 0, 'N', '', 0),
	(6001, 'ROOT', 'em_madmimi_api_key', 36, 39, 'I', '', 10, 'N', '', 0),
	(6002, 'ROOT', 'em_madmimi_list', 36, 39, 'S', '', 20, 'N', '', 0),
	(6003, 'ROOT', 'min_amount', 40, 41, 'I', '50', 0, 'N', '', 0),
	(6004, 'ROOT', 'max_amount', 40, 41, 'I', '1500', 10, 'N', '', 0),
	(6005, 'ROOT', 'code_prefix', 40, 41, 'I', 'GC', 20, 'N', '', 0),
	(6006, 'ROOT', 'cert_per_page', 40, 41, 'I', '10', 30, 'N', '', 0),
	(6007, 'ROOT', 'free_products_allow', 40, 41, 'C', 'Y', 40, 'N', '', 0),
	(6008, 'ROOT', 'redeem_shipping_cost', 40, 41, 'C', 'Y', 50, 'N', '', 0),
	(6009, 'ROOT,ULT:VENDOR', 'tracking_code', 42, 43, 'I', '', 0, 'N', '', 0),
	(6010, 'ROOT,ULT:VENDOR', 'track_ecommerce', 42, 43, 'C', 'Y', 10, 'N', '', 0),
	(6011, 'ROOT,ULT:VENDOR', 'information', 44, 45, 'H', '', 0, 'N', '', 0),
	(6012, 'ROOT,ULT:VENDOR', 'clear_url', 44, 45, 'O', '', 10, 'N', 'fn_google_sitemap_clear_url_info', 0),
	(6013, 'ROOT,ULT:VENDOR', 'site_setting', 44, 45, 'H', '', 20, 'N', '', 0),
	(6014, 'ROOT,ULT:VENDOR', 'site_change', 44, 45, 'S', 'daily', 30, 'N', '', 0),
	(6015, 'ROOT,ULT:VENDOR', 'site_priority', 44, 45, 'S', '1', 40, 'N', '', 0),
	(6016, 'ROOT,ULT:VENDOR', 'products_setting', 44, 45, 'H', '', 50, 'N', '', 0),
	(6017, 'ROOT,ULT:VENDOR', 'include_products', 44, 45, 'C', 'Y', 60, 'N', '', 0),
	(6018, 'ROOT,ULT:VENDOR', 'products_change', 44, 45, 'S', 'daily', 70, 'N', '', 0),
	(6019, 'ROOT,ULT:VENDOR', 'products_priority', 44, 45, 'S', '0.5', 80, 'N', '', 0),
	(6020, 'ROOT,ULT:VENDOR', 'categories_setting', 44, 45, 'H', '', 90, 'N', '', 0),
	(6021, 'ROOT,ULT:VENDOR', 'include_categories', 44, 45, 'C', 'Y', 100, 'N', '', 0),
	(6022, 'ROOT,ULT:VENDOR', '\ncategories_change', 44, 45, 'S', 'daily', 110, 'N', '', 0),
	(6023, 'ROOT,ULT:VENDOR', 'categories_priority', 44, 45, 'S', '0.5', 120, 'N', '', 0),
	(6024, 'ROOT,ULT:VENDOR', 'pages_setting', 44, 45, 'H', '', 130, 'N', '', 0),
	(6025, 'ROOT,ULT:VENDOR', 'include_pages', 44, 45, 'C', 'Y', 140, 'N', '', 0),
	(6026, 'ROOT,ULT:VENDOR', 'pages_change', 44, 45, 'S', 'daily', 150, 'N', '', 0),
	(6027, 'ROOT,ULT:VENDOR', 'pages_priority', 44, 45, 'S', '0.5', 160, 'N', '', 0),
	(6028, 'ROOT,ULT:VENDOR', 'news_setting', 44, 45, 'H', '', 170, 'N', '', 0),
	(6029, 'ROOT,ULT:VENDOR', 'include_news', 44, 45, 'C', 'Y', 180, 'N', '', 0),
	(6030, 'ROOT,ULT:VENDOR', 'news_change', 44, 45, 'S', 'daily', 190, 'N', '', 0),
	(6031, 'ROOT,ULT:VENDOR', 'news_priority', 44, 45, 'S', '0.5', 200, 'N', '', 0),
	(6032, 'ROOT,ULT:VENDOR', 'extended_setting', 44, 45, 'H', '', 210, 'N', '', 0),
	(6033, 'ROOT,ULT:VENDOR', 'include_extended', 44, 45, 'C', 'Y', 220, 'N', '', 0),
	(6034, 'ROOT,ULT:VENDOR', 'extended_change', 44, 45, 'S', 'daily', 230, 'N', '', 0),
	(6035, 'ROOT,ULT:VENDOR', 'extended_priority', 44, 45, 'S', '0.5', 240, 'N', '', 0),
	(6036, 'ROOT,ULT:VENDOR', 'header_openid', 46, 47, 'H', '', 0, 'N', '', 0),
	(6037, 'ROOT,ULT:VENDOR', 'openid_status', 46, 47, 'C', 'N', 10, 'N', '', 0),
	(6038, 'ROOT,ULT:VENDOR', 'header_yahoo', 46, 47, 'H', '', 20, 'N', '', 0),
	(6039, 'ROOT,ULT:VENDOR', 'yahoo_status', 46, 47, 'C', 'N', 30, 'N', '', 0),
	(6040, 'ROOT,ULT:VENDOR', 'yahoo_key', 46, 47, 'I', '', 40, 'N', '', 0),
	(6041, 'ROOT,ULT:VENDOR', 'yahoo_secret', 46, 47, 'I', '', 50, 'N', '', 0),
	(6042, 'ROOT,ULT:VENDOR', 'header_google', 46, 47, 'H', '', 60, 'N', '', 0),
	(6043, 'ROOT,ULT:VENDOR', 'google_status', 46, 47, 'C', 'N', 70, 'N', '', 0),
	(6044, 'ROOT,ULT:VENDOR', 'google_id', 46, 47, 'I', '', 80, 'N', '', 0),
	(6045, 'ROOT,ULT:VENDOR', 'google_secret', 46, 47, 'I', '', 90, 'N', '', 0),
	(6046, 'ROOT,ULT:VENDOR', 'google_callback_url', 46, 47, 'O', '', 100, 'N', 'fn_hybrid_auth_google_callback_url', 0),
	(6047, 'ROOT,ULT:VENDOR', 'header_facebook', 46, 47, 'H', '', 110, 'N', '', 0),
	(6048, 'ROOT,ULT:VENDOR', 'facebook_status', 46, 47, 'C', 'N', 120, 'N', '', 0),
	(6049, 'ROOT,ULT:VENDOR', 'facebook_id', 46, 47, 'I', '', 130, 'N', '', 0),
	(6050, 'ROOT,ULT:VENDOR', 'facebook_secret', 46, 47, 'I', '', 140, 'N', '', 0),
	(6051, 'ROOT,ULT:VENDOR', 'header_twitter', 46, 47, 'H', '', 150, 'N', '', 0),
	(6052, 'ROOT,ULT:VENDOR', 'twitter_status', 46, 47, 'C', 'N', 160, 'N', '', 0),
	(6053, 'ROOT,ULT:VENDOR', 'twitter_key', 46, 47, 'I', '', 170, 'N', '', 0),
	(6054, 'ROOT,ULT:VENDOR', 'twitter_secret', 46, 47, 'I', '', 180, 'N', '', 0),
	(6055, 'ROOT,ULT:VENDOR', 'header_myspace', 46, 47, 'H', '', 190, 'N', '', 0),
	(6056, 'ROOT,ULT:VENDOR', 'myspace_status', 46, 47, 'C', 'N', 200, 'N', '', 0),
	(6057, 'ROOT,ULT:VENDOR', 'myspace_key', 46, 47, 'I', '', 210, 'N', '', 0),
	(6058, 'ROOT,ULT:VENDOR', 'myspace_secret', 46, 47, 'I', '', 220, 'N', '', 0),
	(6059, 'ROOT,ULT:VENDOR', 'header_linkedin', 46, 47, 'H', '', 230, 'N', '', 0),
	(6060, 'ROOT,ULT:VENDOR', 'linkedin_status', 46, 47, 'C', 'N', 240, 'N', '', 0),
	(6061, 'ROOT,ULT:VENDOR', 'linkedin_key', 46, 47, 'I', '', 250, 'N', '', 0),
	(6062, 'ROOT,ULT:VENDOR', 'linkedin_secret', 46, 47, 'I', '', 260, 'N', '', 0),
	(6063, 'ROOT,ULT:VENDOR', 'cz_opacity', 48, 49, 'I', '0.6', 0, 'N', '', 0),
	(6064, 'ROOT,ULT:VENDOR', 'cz_animation_time', 48, 49, 'I', '200', 10, 'N', '', 0),
	(6065, 'ROOT,ULT:VENDOR', 'cz_tint_color_picker', 48, 49, 'I', '#ffffff', 20, 'N', '', 0),
	(6066, 'ROOT,ULT:VENDOR', 'cz_zoom_position', 48, 49, 'S', '3', 30, 'N', '', 0),
	(6067, 'ROOT,ULT:VENDOR', 'cz_zoom_size_mode', 48, 49, 'S', 'zoom', 40, 'N', '', 0),
	(6068, 'ROOT,ULT:VENDOR', 'cz_caption_position', 48, 49, 'S', 'bottom', 50, 'N', '', 0),
	(6069, 'ROOT,ULT:VENDOR', 'cz_ease_time', 48, 49, 'I', '200', 60, 'N', '', 0),
	(6070, 'ROOT,ULT:VENDOR', 'cz_zoom_fly_out', 48, 49, 'C', 'Y', 70, 'N', '', 0),
	(6071, 'ROOT', 'general_info', 50, 51, 'O', '', 0, 'N', 'fn_janrain_generate_info', 0),
	(6072, 'ROOT', 'apikey', 50, 51, 'I', '', 10, 'N', '', 0),
	(6073, 'ROOT', 'appdomain', 50, 51, 'I', '', 20, 'N', '', 0),
	(6074, 'ROOT', 'newsletters_per_pass', 52, 53, 'I', '10', 0, 'N', '', 0),
	(6075, 'ROOT', 'elm_advanced_mailing_server_options', 52, 53, 'H', '', 10, 'N', '', 0),
	(6076, 'ROOT', 'mailer_send_method', 52, 53, 'S', 'default', 20, 'N', '', 0),
	(6077, 'ROOT', 'elm_smtp_server_settings', 52, 53, 'H', '', 30, 'N', '', 0),
	(6078, 'ROOT', 'mailer_smtp_host', 52, 53, 'I', '', 40, 'N', '', 0),
	(6079, 'ROOT', 'mailer_smtp_username', 52, 53, 'I', '', 50, 'N', '', 0),
	(6080, 'ROOT', 'mailer_smtp_password', 52, 53, 'I', '', 60, 'N', '', 0),
	(6081, 'ROOT', 'mailer_smtp_auth', 52, 53, 'C', 'N', 70, 'N', '', 0),
	(6082, 'ROOT', 'elm_\nsendmail_settings', 52, 53, 'H', '', 80, 'N', '', 0),
	(6083, 'ROOT', 'mailer_sendmail_path', 52, 53, 'I', '', 90, 'N', '', 0),
	(6084, 'ROOT', 'polls_votes_on_page', 54, 55, 'I', '20', 0, 'N', '', 0),
	(6085, 'ROOT', 'polls_comments_on_page', 54, 55, 'I', '20', 10, 'N', '', 0),
	(6086, 'ROOT,ULT:VENDOR', 'table_layout_header', 56, 57, 'H', '', 0, 'N', '', 0),
	(6087, 'ROOT,ULT:VENDOR', 'price_list_fields', 56, 57, 'B', '#M#product_code=Y&product=Y&amount=Y&price=Y', 10, 'N', '', 0),
	(6088, 'ROOT,ULT:VENDOR', 'price_list_sorting', 56, 57, 'S', 'product_code', 20, 'N', '', 0),
	(6089, 'ROOT,ULT:VENDOR', 'group_by_category', 56, 57, 'C', 'Y', 30, 'N', '', 0),
	(6090, 'ROOT,ULT:VENDOR', 'include_options', 56, 57, 'C', 'N', 40, 'N', '', 0),
	(6091, 'ROOT,ULT:VENDOR', 'xls_header', 56, 57, 'H', '', 50, 'N', '', 0),
	(6092, 'ROOT,ULT:VENDOR', 'xls_url', 56, 57, 'O', '', 60, 'N', 'fn_price_list_xls_url_info', 0),
	(6093, 'ROOT,ULT:VENDOR', 'pdf_header', 56, 57, 'H', '', 70, 'N', '', 0),
	(6094, 'ROOT,ULT:VENDOR', 'pdf_url', 56, 57, 'O', '', 80, 'N', 'fn_price_list_pdf_url_info', 0),
	(6095, 'ROOT,ULT:VENDOR', 'clear_header', 56, 57, 'H', '', 90, 'N', '', 0),
	(6096, 'ROOT,ULT:VENDOR', 'clear_url', 56, 57, 'O', '', 100, 'N', 'fn_price_list_clear_url_info', 0),
	(6097, 'ROOT,ULT:VENDOR', 'point_rate', 58, 59, 'I', '50', 0, 'N', '', 0),
	(6098, 'ROOT,ULT:VENDOR', 'auto_price_in_points', 58, 59, 'C', 'Y', 10, 'N', '', 0),
	(6099, 'ROOT,ULT:VENDOR', 'price_in_points_with_discounts', 58, 59, 'C', 'Y', 20, 'N', '', 0),
	(6100, 'ROOT,ULT:VENDOR', 'points_with_discounts', 58, 59, 'C', 'Y', 30, 'N', '', 0),
	(6101, 'ROOT,ULT:VENDOR', 'price_in_points_order_discount', 58, 59, 'C', 'Y', 40, 'N', '', 0),
	(6102, 'ROOT,ULT:VENDOR', 'reward_points_order_discount', 58, 59, 'C', 'Y', 50, 'N', '', 0),
	(6103, 'ROOT,ULT:VENDOR', 'higher_level_extract', 58, 59, 'C', 'Y', 60, 'N', '', 0),
	(6104, 'ROOT,ULT:VENDOR', 'several_points_action', 58, 59, 'S', 'minimal_absolute', 70, 'N', '', 0),
	(6105, 'ROOT,ULT:VENDOR', 'consider_zero_values', 58, 59, 'C', 'N', 80, 'N', '', 0),
	(6106, 'ROOT,ULT:VENDOR', 'log_per_page', 58, 59, 'I', '10', 90, 'N', '', 0),
	(6107, 'ROOT', 'display_product_return_period', 60, 61, 'C', 'Y', 0, 'N', '', 0),
	(6108, 'ROOT', 'dont_take_weekends_into_account', 60, 61, 'C', 'Y', 10, 'N', '', 0),
	(6109, 'ROOT', 'managing_editor', 62, 63, 'I', '', 0, 'N', '', 0),
	(6110, 'ROOT', 'display_rss_feed_in_category', 62, 63, 'C', 'N', 10, 'N', '', 0),
	(6111, 'ROOT', 'category_max_products_items', 62, 63, 'I', '5', 20, 'N', '', 0),
	(6112, 'ROOT,ULT:VENDOR', 'seo_product_type', 64, 65, 'S', 'product_category_nohtml', 0, 'N', '', 0),
	(6113, 'ROOT,ULT:VENDOR', 'seo_category_type', 64, 65, 'S', 'category_nohtml', 10, 'N', '', 0),
	(6114, 'ROOT,ULT:VENDOR', 'seo_page_type', 64, 65, 'S', 'page_nohtml', 20, 'N', '', 0),
	(6115, 'ROOT,ULT:VENDOR', 'seo_other_type', 64, 65, 'S', 'directory', 30, 'N', '', 0),
	(6116, 'ROOT,ULT:VENDOR', 'seo_language', 64, 65, 'C', 'N', 40, 'N', '', 0),
	(6117, 'ROOT,ULT:VENDOR', 'single_url', 64, 65, 'C', 'Y', 50, 'N', '', 0),
	(6118, 'ROOT,ULT:VENDOR', 'non_latin_symbols', 64, 65, 'C', 'N', 60, 'N', '', 0),
	(6119, 'ROOT,ULT:VENDOR', 'twitter_header', 66, 67, 'H', '', 0, 'N', '', 0),
	(6120, 'ROOT,ULT:VENDOR', 'twitter_enable', 66, 67, 'C', '', 10, 'N', '', 0),
	(6121, 'ROOT,ULT:VENDOR', 'twitter_via', 66, 67, 'I', '', 20, 'N', '', 0),
	(6122, 'ROOT,ULT:VENDOR', 'twitter_size', 66, 67, 'S', 'medium', 30, 'N', '', 0),
	(6123, 'ROOT,ULT:VENDOR', 'twitter_display_count', 66, 67, 'S', 'horizontal', 40, 'N', '', 0),
	(6124, 'ROOT,ULT:VENDOR', 'twitter_display_on', 66, 67, 'N', '', 50, 'N', '', 0),
	(6125, 'ROOT,ULT:VENDOR', 'facebook_header', 66, 68, 'H', '', 0, 'N', '', 0),
	(6126, 'ROOT,ULT:VENDOR', 'facebook_enable', 66, 68, 'C', '', 10, 'N', '', 0),
	(6127, 'ROOT,ULT:VENDOR', 'facebook_app_id', 66, 68, 'I', '', 20, 'N', '', 0),
	(6128, 'ROOT,ULT:VENDOR', 'facebook_href', 66, 68, 'I', '', 30, 'N', '', 0),
	(6129, 'ROOT,ULT:VENDOR', 'facebook_send', 66, 68, 'C', 'Y', 40, 'N', '', 0),
	(6130, 'ROOT,ULT:VENDOR', 'facebook_width', 66, 68, 'I', '450', 50, 'N', '', 0),
	(6131, 'ROOT,ULT:VENDOR', 'facebook_layout', 66, 68, 'S', 'button_count', 60, 'N', '', 0),
	(6132, 'ROOT,ULT:VENDOR', 'facebook_show_faces', 66, 68, 'C', 'N', 70, 'N', '', 0),
	(6133, 'ROOT,ULT:VENDOR', 'facebook_action', 66, 68, 'S', 'like', 80, 'N', '', 0),
	(6134, 'ROOT,ULT:VENDOR', 'facebook_lang', 66, 68, 'S', 'en_US', 90, 'N', '', 0),
	(6135, 'ROOT,ULT:VENDOR', 'facebook_action_font', 66, 68, 'S', 'arial', 100, 'N', '', 0),
	(6136, 'ROOT,ULT:VENDOR', 'facebook_colorscheme', 66, 68, 'S', 'light', 110, 'N', '', 0),
	(6137, 'ROOT,ULT:VENDOR', 'facebook_display_on', 66, 68, 'N', '', 120, 'N', '', 0),
	(6138, 'ROOT,ULT:VENDOR', 'vkontakte_header', 66, 69, 'H', '', 0, 'N', '', 0),
	(6139, 'ROOT,ULT:VENDOR', 'vkontakte_enable', 66, 69, 'C', '', 10, 'N', '', 0),
	(6140, 'ROOT,ULT:VENDOR', 'vkontakte_appid', 66, 69, 'I', '', 20, 'N', '', 0),
	(6141, 'ROOT,ULT:VENDOR', 'vkontakte_button_style', 66, 69, 'S', 'mini', 30, 'N', '', 0),
	(6142, 'ROOT,ULT:VENDOR', 'vkontakte_height', 66, 69, 'I', '22', 40, 'N', '', 0),
	(6143, 'ROOT,ULT:VENDOR', 'vkontakte_width', 66, 69, 'I', '350', 50, 'N', '', 0),
	(6144, 'ROOT,ULT:VENDOR', 'vkontakte_buttons_name', 66, 69, 'S', 'like', 60, 'N', '', 0),
	(6145, 'ROOT,ULT:VENDOR', 'vkontakte_display_on', 66, 69, 'N', '', 70, 'N', '', 0),
	(6146, 'ROOT,ULT:VENDOR', 'email_header', 66, 70, 'H', '', 0, 'N', '', 0),
	(6147, 'ROOT,ULT:VENDOR', 'email_enable', 66, 70, 'C', '', 10, 'N', '', 0),
	(6148, 'ROOT,ULT:VENDOR', 'email_display_on', 66, 70, 'N', '', 20, 'N', '', 0),
	(6149, 'ROOT', 'provider', 71, 72, 'H', '', 0, 'N', '', 0),
	(6150, 'ROOT', 'map_provider', 71, 72, 'S', 'google', 10, 'N', '', 0),
	(6151, 'ROOT', 'settings', 71, 72, 'H', '', 20, 'N', '', 0),
	(6152, 'ROOT', 'store_locator_settings', 71, 72, 'E', 'map_provider_settings.tpl', 30, 'N', '', 0),
	(6153, 'ROOT,ULT:VENDOR', 'tags_for_products', 73, 74, 'C', 'Y', 0, 'N', '', 0),
	(6154, 'ROOT,ULT:VENDOR', 'tags_for_pages', 73, 74, 'C', 'N', 10, 'N', '', 0),
	(6155, 'ROOT', 'connect', 75, 76, 'E', 'connect.tpl', 0, 'N', '', 0),
	(6156, 'ROOT,ULT:VENDOR', 'settings', 75, 77, 'E', 'settings.tpl', 0, 'N', '', 0),
	(6157, 'ROOT', 'upgrade', 75, 78, 'E', 'upgrade.tpl', 0, 'N', '', 0),
	(6158, 'ROOT,ULT:VENDOR', 'watermark', 79, 80, 'H', '', 0, 'N', '', 0),
	(6159, 'ROOT,ULT:VENDOR', 'watermark_settings', 79, 80, 'E', 'watermark.tpl', 10, 'N', '', 0),
	(6160, 'ROOT,ULT:VENDOR', 'apply_to_product', 79, 80, 'H', '', 20, 'N', '', 0),
	(6161, 'ROOT,ULT:VENDOR', 'use_for_product_icons', 79, 80, 'C', 'N', 30, 'N', '', 0),
	(6162, 'ROOT,ULT:VENDOR', 'use_for_product_detailed', 79, 80, 'C', 'N', 40, 'N', '', 0),
	(6163, 'ROOT,ULT:VENDOR', 'apply_to_categories', 79, 80, 'H', '', 50, 'N', '', 0),
	(6164, 'ROOT,ULT:VENDOR', 'use_for_category_icons', 79, 80, 'C', 'N', 60, 'N', '', 0),
	(6165, 'ROOT,ULT:VENDOR', 'use_for_category_detailed', 79, 80, 'C', 'N', 70, 'N', '', 0),
	(6166, 'ROOT,ULT:VENDOR', 'images_access_info', 79, 80, 'O', '', 80, 'N', 'fn_watermarks_images_access_info', 0);
/*!40000 ALTER TABLE `cscart_settings_objects` ENABLE KEYS */;


-- Dumping structure for table installer_skozachuk_cscart421u.cscart_settings_sections
DROP TABLE IF EXISTS `cscart_settings_sections`;
CREATE TABLE IF NOT EXISTS `cscart_settings_sections` (
  `section_id` smallint(4) unsigned NOT NULL AUTO_INCREMENT,
  `parent_id` smallint(4) unsigned NOT NULL,
  `edition_type` set('NONE','ROOT','VENDOR','PRO:NONE','PRO:ROOT','MVE:NONE','MVE:ROOT','ULT:NONE','ULT:ROOT','ULT:VENDOR','ULT:VENDORONLY') NOT NULL DEFAULT 'ROOT',
  `name` varchar(128) NOT NULL DEFAULT '',
  `position` smallint(5) unsigned NOT NULL DEFAULT '0',
  `type` enum('CORE','ADDON','TAB','SEPARATE_TAB') NOT NULL DEFAULT 'CORE',
  PRIMARY KEY (`section_id`)
) ENGINE=MyISAM AUTO_INCREMENT=81 DEFAULT CHARSET=utf8;

-- Dumping data for table installer_skozachuk_cscart421u.cscart_settings_sections: 76 rows
/*!40000 ALTER TABLE `cscart_settings_sections` DISABLE KEYS */;
INSERT INTO `cscart_settings_sections` (`section_id`, `parent_id`, `edition_type`, `name`, `position`, `type`) VALUES
	(1, 0, 'ROOT', 'Emails', 0, 'CORE'),
	(2, 0, 'ROOT,VENDOR', 'General', 10, 'CORE'),
	(4, 0, 'ROOT,VENDOR', 'Appearance', 20, 'CORE'),
	(5, 0, 'ROOT,ULT:VENDOR', 'Company', 0, 'CORE'),
	(7, 0, 'ROOT', 'Shippings', 40, 'CORE'),
	(8, 0, 'ROOT,VENDOR', 'Sitemap', 80, 'CORE'),
	(9, 0, 'ROOT,VENDOR', 'Thumbnails', 110, 'CORE'),
	(10, 0, 'ROOT,VENDOR', 'Reports', 140, 'CORE'),
	(11, 0, 'ROOT,VENDOR', 'Image_verification', 0, 'CORE'),
	(12, 0, 'ROOT,VENDOR', 'Logging', 100, 'CORE'),
	(13, 0, 'ROOT', 'Upgrade_center', 0, 'CORE'),
	(15, 0, 'ROOT', 'Security', 0, 'CORE'),
	(17, 0, 'ROOT', 'Stores', 0, 'CORE'),
	(18, 0, 'ROOT', 'access_restrictions', 0, 'ADDON'),
	(19, 18, 'ROOT', 'general', 0, 'TAB'),
	(20, 0, 'ROOT', 'banners', 0, 'ADDON'),
	(21, 20, 'ROOT', 'general', 0, 'TAB'),
	(22, 0, 'ROOT', 'barcode', 0, 'ADDON'),
	(23, 22, 'ROOT', 'general', 0, 'TAB'),
	(24, 0, 'ROOT,ULT:VENDOR', 'catalog_mode', 0, 'ADDON'),
	(25, 24, 'ROOT,ULT:VENDOR', 'general', 0, 'TAB'),
	(26, 0, 'ROOT', 'data_feeds', 0, 'ADDON'),
	(27, 26, 'ROOT', 'general', 0, 'TAB'),
	(28, 0, 'ROOT,ULT:VENDOR', 'discussion', 0, 'ADDON'),
	(29, 28, 'ROOT,ULT:VENDOR', 'products', 0, 'TAB'),
	(30, 28, 'ROOT,ULT:VENDOR', 'categories', 10, 'TAB'),
	(31, 28, 'ROOT,ULT:VENDOR', 'orders', 20, 'TAB'),
	(32, 28, 'ROOT,ULT:VENDOR', 'news', 30, 'TAB'),
	(33, 28, 'ROOT,ULT:VENDOR', 'gift_registry', 40, 'TAB'),
	(34, 28, 'ROOT,ULT:VENDOR', 'pages', 50, 'TAB'),
	(35, 28, 'ROOT,ULT:VENDOR', 'testimonials', 60, 'TAB'),
	(36, 0, 'ROOT', 'email_marketing', 0, 'ADDON'),
	(37, 36, 'ROOT', 'general', 0, 'TAB'),
	(38, 36, 'ROOT', 'mailchimp', 10, 'TAB'),
	(39, 36, 'ROOT', 'madmimi', 20, 'TAB'),
	(40, 0, 'ROOT', 'gift_certificates', 0, 'ADDON'),
	(41, 40, 'ROOT', 'general', 0, 'TAB'),
	(42, 0, 'ROOT,ULT:VENDOR', 'google_analytics', 0, 'ADDON'),
	(43, 42, 'ROOT,ULT:VENDOR', 'general', 0, 'TAB'),
	(44, 0, 'ROOT,ULT:VENDOR', 'google_sitemap', 0, 'ADDON'),
	(45, 44, 'ROOT,ULT:VENDOR', 'general', 0, 'TAB'),
	(46, 0, 'ROOT,ULT:VENDOR', 'hybrid_auth', 0, 'ADDON'),
	(47, 46, 'ROOT,ULT:VENDOR', 'general', 0, 'TAB'),
	(48, 0, 'ROOT,ULT:VENDOR', 'image_zoom', 0, 'ADDON'),
	(49, 48, 'ROOT,ULT:VENDOR', 'general', 0, 'TAB'),
	(50, 0, 'ROOT', 'janrain', 0, 'ADDON'),
	(51, 50, 'ROOT', 'general', 0, 'TAB'),
	(52, 0, 'ROOT', 'news_and_emails', 0, 'ADDON'),
	(53, 52, 'ROOT', 'general', 0, 'TAB'),
	(54, 0, 'ROOT', 'polls', 0, 'ADDON'),
	(55, 54, 'ROOT', 'general', 0, 'TAB'),
	(56, 0, 'ROOT,ULT:VENDOR', 'price_list', 0, 'ADDON'),
	(57, 56, 'ROOT,ULT:VENDOR', 'general', 0, 'TAB'),
	(58, 0, 'ROOT,ULT:VENDOR', 'reward_points', 0, 'ADDON'),
	(59, 58, 'ROOT,ULT:VENDOR', 'general', 0, 'TAB'),
	(60, 0, 'ROOT', 'rma', 0, 'ADDON'),
	(61, 60, 'ROOT', 'general', 0, 'TAB'),
	(62, 0, 'ROOT', 'rss_feed', 0, 'ADDON'),
	(63, 62, 'ROOT', 'general', 0, 'TAB'),
	(64, 0, 'ROOT,ULT:VENDOR', 'seo', 0, 'ADDON'),
	(65, 64, 'ROOT,ULT:VENDOR', 'general', 0, 'TAB'),
	(66, 0, 'ROOT,ULT:VENDOR', 'social_buttons', 0, 'ADDON'),
	(67, 66, 'ROOT,ULT:VENDOR', 'twitter', 0, 'TAB'),
	(68, 66, 'ROOT,ULT:VENDOR', 'facebook', 10, 'TAB'),
	(69, 66, 'ROOT,ULT:VENDOR', 'vkontakte', 20, 'TAB'),
	(70, 66, 'ROOT,ULT:VENDOR', 'email', 30, 'TAB'),
	(71, 0, 'ROOT', 'store_locator', 0, 'ADDON'),
	(72, 71, 'ROOT', 'general', 0, 'TAB'),
	(73, 0, 'ROOT,ULT:VENDOR', 'tags', 0, 'ADDON'),
	(74, 73, 'ROOT,ULT:VENDOR', 'general', 0, 'TAB'),
	(75, 0, 'ROOT,ULT:VENDOR', 'twigmo', 0, 'ADDON'),
	(76, 75, 'ROOT', 'service', 0, 'TAB'),
	(77, 75, 'ROOT,ULT:VENDOR', 'storefront', 10, 'TAB'),
	(78, 75, 'ROOT', 'addon', 20, 'TAB'),
	(79, 0, 'ROOT,ULT:VENDOR', 'watermarks', 0, 'ADDON'),
	(80, 79, 'ROOT,ULT:VENDOR', 'general', 0, 'TAB');
/*!40000 ALTER TABLE `cscart_settings_sections` ENABLE KEYS */;


-- Dumping structure for table installer_skozachuk_cscart421u.cscart_settings_variants
DROP TABLE IF EXISTS `cscart_settings_variants`;
CREATE TABLE IF NOT EXISTS `cscart_settings_variants` (
  `variant_id` mediumint(8) unsigned NOT NULL AUTO_INCREMENT,
  `object_id` mediumint(8) unsigned NOT NULL DEFAULT '0',
  `name` varchar(64) NOT NULL DEFAULT '',
  `position` smallint(5) unsigned NOT NULL DEFAULT '0',
  PRIMARY KEY (`variant_id`)
) ENGINE=MyISAM AUTO_INCREMENT=2198 DEFAULT CHARSET=utf8;

-- Dumping data for table installer_skozachuk_cscart421u.cscart_settings_variants: 366 rows
/*!40000 ALTER TABLE `cscart_settings_variants` DISABLE KEYS */;
INSERT INTO `cscart_settings_variants` (`variant_id`, `object_id`, `name`, `position`) VALUES
	(1, 3, 'hide', 10),
	(2, 3, 'warning', 20),
	(3, 4, 'create', 5),
	(4, 4, 'delete', 5),
	(5, 4, 'update', 5),
	(6, 7, 'manual', 1),
	(7, 7, 'auto', 1),
	(8, 15, 'use_selected_and_alternative', 20),
	(9, 15, 'use_only_selected', 10),
	(10, 52, '%d/%m/%Y', 1),
	(11, 52, '%d-%m-%Y', 2),
	(12, 52, '%d.%m.%Y', 3),
	(13, 52, '%m/%d/%Y', 4),
	(14, 52, '%m-%d-%Y', 5),
	(15, 52, '%m.%d.%Y', 6),
	(16, 52, '%Y/%m/%d', 7),
	(17, 52, '%Y-%m-%d', 8),
	(18, 52, '%Y.%m.%d', 9),
	(19, 52, '%b %e, %Y', 10),
	(20, 52, '%d %b %Y', 11),
	(21, 52, '%A, %B %e, %Y', 12),
	(22, 52, '%A, %e %B %Y', 13),
	(23, 64, 'position', 0),
	(24, 64, 'product', 10),
	(25, 64, 'price', 20),
	(169, 64, 'null', 30),
	(26, 66, '%H:%M', 1),
	(27, 66, '%H.%M', 2),
	(28, 66, '%I:%M %p', 3),
	(29, 66, '%I.%M %p', 4),
	(30, 66, '%H:%M:%S', 5),
	(31, 66, '%H.%M.%S', 6),
	(32, 66, '%I:%M:%S %p', 7),
	(33, 66, '%I.%M.%S %p', 8),
	(34, 70, 'only_products', 3),
	(35, 70, 'products_with_shippings', 2),
	(36, 71, 'allow_shopping', 1),
	(37, 71, 'hide_price_and_add_to_cart', 3),
	(38, 71, 'hide_add_to_cart', 2),
	(39, 84, '%a, %b %e', 10),
	(40, 84, '%B %e, %Y', 15),
	(41, 84, '%m.%e.%y', 20),
	(42, 84, '%a %b %e, %Y', 30),
	(43, 84, '%b %e', 40),
	(44, 85, '%U', 10),
	(45, 85, '%m.%e', 20),
	(46, 85, '%U, %b', 30),
	(47, 86, '%B, %Y', 5),
	(48, 86, '%B', 10),
	(49, 86, '%m', 20),
	(50, 86, '%b', 30),
	(51, 86, '%m-%Y', 40),
	(52, 87, '%Y', 10),
	(53, 87, '%y', 20),
	(54, 108, 'smtp', 10),
	(55, 108, 'mail', 20),
	(56, 108, 'sendmail', 30),
	(57, 121, 'digits', 1),
	(58, 121, 'letters', 2),
	(59, 121, 'mixed', 3),
	(60, 138, 'one_page', 10),
	(62, 138, 'multi_page', 30),
	(63, 139, 'Australia/Hobart', 700),
	(64, 139, 'Pacific/Port_Moresby', 690),
	(65, 139, 'Australia/Sydney', 680),
	(66, 139, 'Australia/Brisbane', 670),
	(67, 139, 'Australia/Darwin', 660),
	(68, 139, 'Australia/Adelaide', 650),
	(69, 139, 'Asia/Yakutsk', 640),
	(70, 139, 'Asia/Seoul', 630),
	(71, 139, 'Asia/Tokyo', 620),
	(72, 139, 'Asia/Taipei', 610),
	(73, 139, 'Australia/Perth', 600),
	(74, 139, 'Asia/Singapore', 590),
	(75, 139, 'Asia/Irkutsk', 580),
	(76, 139, 'Asia/Shanghai', 570),
	(77, 139, 'Asia/Krasnoyarsk', 560),
	(78, 139, 'Asia/Bangkok', 550),
	(79, 139, 'Asia/Rangoon', 540),
	(80, 139, 'Asia/Colombo', 530),
	(81, 139, 'Asia/Dhaka', 520),
	(82, 139, 'Asia/Novosibirsk', 510),
	(83, 139, 'Asia/Katmandu', 500),
	(84, 139, 'Asia/Calcutta', 490),
	(85, 139, 'Asia/Tashkent', 480),
	(86, 139, 'Asia/Yekaterinburg', 470),
	(87, 139, 'Asia/Kabul', 460),
	(88, 139, 'Asia/Yerevan', 450),
	(89, 139, 'Asia/Dubai', 440),
	(90, 139, 'Asia/Tehran', 430),
	(91, 139, 'Africa/Nairobi', 420),
	(92, 139, 'Europe/Moscow', 410),
	(93, 139, 'Asia/Riyadh', 400),
	(94, 139, 'Asia/Baghdad', 390),
	(95, 139, 'Asia/Jerusalem', 380),
	(96, 139, 'Europe/Kiev', 370),
	(97, 139, 'Africa/Johannesburg', 360),
	(98, 139, 'Africa/Cairo', 350),
	(99, 139, 'Europe/Minsk', 340),
	(100, 139, 'Europe/Istanbul', 330),
	(101, 139, 'Africa/Lagos', 320),
	(102, 139, 'Europe/Paris', 300),
	(103, 139, 'Europe/Warsaw', 310),
	(104, 139, 'Europe/Budapest', 290),
	(105, 139, 'Europe/Berlin', 280),
	(106, 139, 'Europe/London', 270),
	(107, 139, 'Africa/Reykjavik', 260),
	(108, 139, 'Atlantic/Azores', 250),
	(109, 139, 'Atlantic/Cape_Verde', 240),
	(110, 139, 'Atlantic/South_Georgia', 230),
	(111, 139, 'America/Sao_Paulo', 220),
	(112, 139, 'Etc/GMT+3', 210),
	(113, 139, 'America/Godthab', 200),
	(114, 139, 'America/St_Johns', 190),
	(115, 139, 'America/Halifax', 180),
	(116, 139, 'America/La_Paz', 170),
	(117, 139, 'America/Santiago', 160),
	(118, 139, 'America/Bogota', 150),
	(119, 139, 'America/New_York', 140),
	(120, 139, 'Etc/GMT+5', 130),
	(121, 139, 'America/Guatemala', 120),
	(122, 139, 'America/Chicago', 110),
	(123, 139, 'America/Mexico_City', 100),
	(124, 139, 'America/Regina', 90),
	(125, 139, 'America/Phoenix', 80),
	(126, 139, 'America/Chihuahua', 70),
	(127, 139, 'America/Denver', 60),
	(128, 139, 'America/Los_Angeles', 50),
	(129, 139, 'America/Anchorage', 40),
	(130, 139, 'Pacific/Honolulu', 30),
	(131, 139, 'Pacific/Apia', 20),
	(132, 139, 'Etc/GMT+12', 10),
	(133, 139, 'Asia/Vladivostok', 710),
	(134, 139, 'Pacific/Guadalcanal', 720),
	(135, 139, 'Pacific/Auckland', 730),
	(136, 139, 'Pacific/Fiji', 740),
	(137, 139, 'Pacific/Tongatapu', 750),
	(138, 158, 'create', 5),
	(139, 158, 'delete', 5),
	(140, 158, 'update', 5),
	(141, 158, 'status', 5),
	(142, 159, 'create', 5),
	(143, 159, 'delete', 5),
	(144, 159, 'update', 5),
	(145, 159, 'session', 5),
	(146, 159, 'failed_login', 5),
	(147, 160, 'create', 5),
	(148, 160, 'delete', 5),
	(149, 160, 'update', 5),
	(150, 160, 'low_stock', 5),
	(151, 161, 'create', 5),
	(152, 161, 'delete', 5),
	(153, 161, 'update', 5),
	(154, 162, 'restore', 5),
	(155, 162, 'backup', 5),
	(156, 162, 'optimize', 5),
	(157, 162, 'error', 5),
	(158, 163, 'http', 5),
	(159, 166, 'month_first', 1),
	(160, 166, 'day_first', 2),
	(161, 167, 'sunday_first', 1),
	(162, 167, 'monday_first', 2),
	(163, 179, 'unit_price', 10),
	(164, 179, 'subtotal', 20),
	(165, 182, 'billing_first', 1),
	(166, 182, 'shipping_first', 2),
	(167, 274, 'runtime', 1),
	(168, 274, 'deprecated', 2),
	(2000, 2001, 'not_active', 1),
	(2001, 2001, 'active', 2),
	(2002, 5949, 'C128A', 0),
	(2003, 5949, 'C128B', 10),
	(2004, 5949, 'C128C', 20),
	(2005, 5949, 'I25', 30),
	(2006, 5949, 'C39', 40),
	(2007, 5950, 'png', 0),
	(2008, 5950, 'jpeg', 10),
	(2009, 5951, 'N', 0),
	(2010, 5951, 'Y', 10),
	(2011, 5954, '1', 0),
	(2012, 5954, '2', 10),
	(2013, 5954, '3', 20),
	(2014, 5955, '1', 0),
	(2015, 5955, '2', 10),
	(2016, 5955, '3', 20),
	(2017, 5955, '4', 30),
	(2018, 5955, '5', 40),
	(2019, 5959, 'catalog', 0),
	(2020, 5959, 'store', 10),
	(2021, 5963, 'any', 0),
	(2022, 5963, 'anonymous', 10),
	(2023, 5963, 'disabled', 20),
	(2024, 5968, 'any', 0),
	(2025, 5968, 'anonymous', 10),
	(2026, 5968, 'disabled', 20),
	(2027, 5974, 'any', 0),
	(2028, 5974, 'anonymous', 10),
	(2029, 5974, 'disabled', 20),
	(2030, 5981, 'any', 0),
	(2031, 5981, 'anonymous', 10),
	(2032, 5981, 'disabled', 20),
	(2033, 5986, 'any', 0),
	(2034, 5986, 'anonymous', 10),
	(2035, 5986, 'disabled', 20),
	(2036, 5989, 'B', 0),
	(2037, 5989, 'C', 10),
	(2038, 5989, 'R', 20),
	(2039, 5989, 'D', 30),
	(2040, 5995, 'dummy', 0),
	(2041, 5995, 'mailchimp', 10),
	(2042, 5995, 'madmimi', 20),
	(2043, 6066, '0', 0),
	(2044, 6066, '1', 10),
	(2045, 6066, '2', 20),
	(2046, 6066, '3', 30),
	(2047, 6066, '4', 40),
	(2048, 6066, '5', 50),
	(2049, 6066, '6', 60),
	(2050, 6066, '7', 70),
	(2051, 6066, '8', 80),
	(2052, 6066, '9', 90),
	(2053, 6066, '10', 100),
	(2054, 6066, '11', 110),
	(2055, 6066, '12', 120),
	(2056, 6066, '13', 130),
	(2057, 6066, '14', 140),
	(2058, 6066, '15', 150),
	(2059, 6066, 'inside', 160),
	(2060, 6067, 'image', 0),
	(2061, 6067, 'lens', 10),
	(2062, 6067, 'zoom', 20),
	(2063, 6067, 'full', 30),
	(2064, 6068, 'top', 0),
	(2065, 6068, 'bottom', 10),
	(2066, 6076, 'smtp', 0),
	(2067, 6076, 'mail', 10),
	(2068, 6076, 'sendmail', 20),
	(2069, 6076, 'default', 30),
	(2070, 6104, 'minimal_absolute', 0),
	(2071, 6104, 'minimal_percentage', 10),
	(2072, 6104, 'maximal_absolute', 20),
	(2073, 6104, 'maximal_percentage', 30),
	(2074, 6112, 'product_file_nohtml', 0),
	(2075, 6112, 'product_file', 10),
	(2076, 6112, 'product_category_nohtml', 20),
	(2077, 6112, 'product_category', 30),
	(2078, 6113, 'category', 0),
	(2079, 6113, 'category_nohtml', 10),
	(2080, 6113, 'file', 20),
	(2081, 6113, 'root_category', 30),
	(2082, 6114, 'page', 0),
	(2083, 6114, 'page_nohtml', 10),
	(2084, 6114, 'file', 20),
	(2085, 6114, 'root_page', 30),
	(2086, 6115, 'directory', 0),
	(2087, 6115, 'file', 10),
	(2088, 6122, 'medium', 0),
	(2089, 6122, 'large', 10),
	(2090, 6123, 'none', 0),
	(2091, 6123, 'horizontal', 10),
	(2092, 6123, 'vertical', 20),
	(2093, 6124, 'products', 0),
	(2094, 6124, 'pages', 10),
	(2095, 6131, 'standard', 0),
	(2096, 6131, 'button_count', 10),
	(2097, 6131, 'box_count', 20),
	(2098, 6133, 'like', 0),
	(2099, 6133, 'recommend', 10),
	(2100, 6134, 'af_ZA', 0),
	(2101, 6134, 'ar_AR', 10),
	(2102, 6134, 'az_AZ', 20),
	(2103, 6134, 'be_BY', 30),
	(2104, 6134, 'bg_BG', 40),
	(2105, 6134, 'bn_IN', 50),
	(2106, 6134, 'bs_BA', 60),
	(2107, 6134, 'ca_ES', 70),
	(2108, 6134, 'cs_CZ', 80),
	(2109, 6134, 'cy_GB', 90),
	(2110, 6134, 'da_DK', 100),
	(2111, 6134, 'de_DE', 110),
	(2112, 6134, 'el_GR', 120),
	(2113, 6134, 'en_GB', 130),
	(2114, 6134, 'en_PI', 140),
	(2115, 6134, 'en_UD', 150),
	(2116, 6134, 'en_US', 160),
	(2117, 6134, 'eo_EO', 170),
	(2118, 6134, 'es_ES', 180),
	(2119, 6134, 'es_LA', 190),
	(2120, 6134, 'et_EE', 200),
	(2121, 6134, 'eu_ES', 210),
	(2122, 6134, 'fa_IR', 220),
	(2123, 6134, 'fb_LT', 230),
	(2124, 6134, 'fi_FI', 240),
	(2125, 6134, 'fo_FO', 250),
	(2126, 6134, 'fr_CA', 260),
	(2127, 6134, 'fr_FR', 270),
	(2128, 6134, 'fy_NL', 280),
	(2129, 6134, 'ga_IE', 290),
	(2130, 6134, 'gl_ES', 300),
	(2131, 6134, 'he_IL', 310),
	(2132, 6134, 'hi_IN', 320),
	(2133, 6134, 'hr_HR', 330),
	(2134, 6134, 'hu_HU', 340),
	(2135, 6134, 'hy_AM', 350),
	(2136, 6134, 'id_ID', 360),
	(2137, 6134, 'is_IS', 370),
	(2138, 6134, 'it_IT', 380),
	(2139, 6134, 'ja_JP', 390),
	(2140, 6134, 'ka_GE', 400),
	(2141, 6134, 'km_KH', 410),
	(2142, 6134, 'ko_KR', 420),
	(2143, 6134, 'ku_TR', 430),
	(2144, 6134, 'la_VA', 440),
	(2145, 6134, 'lt_LT', 450),
	(2146, 6134, 'lv_LV', 460),
	(2147, 6134, 'mk_MK', 470),
	(2148, 6134, 'ml_IN', 480),
	(2149, 6134, 'ms_MY', 490),
	(2150, 6134, 'nb_NO', 500),
	(2151, 6134, 'ne_NP', 510),
	(2152, 6134, 'nl_NL', 520),
	(2153, 6134, 'nn_NO', 530),
	(2154, 6134, 'pa_IN', 540),
	(2155, 6134, 'pl_PL', 550),
	(2156, 6134, 'ps_AF', 560),
	(2157, 6134, 'pt_BR', 570),
	(2158, 6134, 'pt_PT', 580),
	(2159, 6134, 'ro_RO', 590),
	(2160, 6134, 'ru_RU', 600),
	(2161, 6134, 'sk_SK', 610),
	(2162, 6134, 'sl_SI', 620),
	(2163, 6134, 'sq_AL', 630),
	(2164, 6134, 'sr_RS', 640),
	(2165, 6134, 'sv_SE', 650),
	(2166, 6134, 'sw_KE', 660),
	(2167, 6134, 'ta_IN', 670),
	(2168, 6134, 'te_IN', 680),
	(2169, 6134, 'th_TH', 690),
	(2170, 6134, 'tl_PH', 700),
	(2171, 6134, 'tr_TR', 710),
	(2172, 6134, 'uk_UA', 720),
	(2173, 6134, 'vi_VN', 730),
	(2174, 6134, 'zh_CN', 740),
	(2175, 6134, 'zh_HK', 750),
	(2176, 6134, 'zh_TW', 760),
	(2177, 6135, 'arial', 0),
	(2178, 6135, 'lucida grande', 10),
	(2179, 6135, 'segoe ui', 20),
	(2180, 6135, 'tahoma', 30),
	(2181, 6135, 'trebuchet ms', 40),
	(2182, 6135, 'verdana', 50),
	(2183, 6136, 'light', 0),
	(2184, 6136, 'dark', 10),
	(2185, 6137, 'products', 0),
	(2186, 6137, 'pages', 10),
	(2187, 6141, 'full', 0),
	(2188, 6141, 'button', 10),
	(2189, 6141, 'mini', 20),
	(2190, 6141, 'Vertical', 30),
	(2191, 6144, 'like', 0),
	(2192, 6144, 'interesting', 10),
	(2193, 6145, 'products', 0),
	(2194, 6145, 'pages', 10),
	(2195, 6148, 'products', 0),
	(2196, 6148, 'pages', 10),
	(2197, 6150, 'google', 0);
/*!40000 ALTER TABLE `cscart_settings_variants` ENABLE KEYS */;


-- Dumping structure for table installer_skozachuk_cscart421u.cscart_settings_vendor_values
DROP TABLE IF EXISTS `cscart_settings_vendor_values`;
CREATE TABLE IF NOT EXISTS `cscart_settings_vendor_values` (
  `object_id` mediumint(8) unsigned NOT NULL,
  `company_id` int(11) unsigned NOT NULL,
  `value` text NOT NULL,
  PRIMARY KEY (`object_id`,`company_id`)
) ENGINE=MyISAM DEFAULT CHARSET=utf8;

-- Dumping data for table installer_skozachuk_cscart421u.cscart_settings_vendor_values: 0 rows
/*!40000 ALTER TABLE `cscart_settings_vendor_values` DISABLE KEYS */;
/*!40000 ALTER TABLE `cscart_settings_vendor_values` ENABLE KEYS */;


-- Dumping structure for table installer_skozachuk_cscart421u.cscart_shipments
DROP TABLE IF EXISTS `cscart_shipments`;
CREATE TABLE IF NOT EXISTS `cscart_shipments` (
  `shipment_id` mediumint(8) unsigned NOT NULL AUTO_INCREMENT,
  `shipping_id` mediumint(8) unsigned NOT NULL DEFAULT '0',
  `tracking_number` varchar(255) NOT NULL DEFAULT '',
  `carrier` varchar(255) NOT NULL DEFAULT '',
  `timestamp` int(11) unsigned NOT NULL DEFAULT '0',
  `comments` mediumtext NOT NULL,
  PRIMARY KEY (`shipment_id`)
) ENGINE=MyISAM DEFAULT CHARSET=utf8;

-- Dumping data for table installer_skozachuk_cscart421u.cscart_shipments: 0 rows
/*!40000 ALTER TABLE `cscart_shipments` DISABLE KEYS */;
/*!40000 ALTER TABLE `cscart_shipments` ENABLE KEYS */;


-- Dumping structure for table installer_skozachuk_cscart421u.cscart_shipment_items
DROP TABLE IF EXISTS `cscart_shipment_items`;
CREATE TABLE IF NOT EXISTS `cscart_shipment_items` (
  `item_id` int(11) unsigned NOT NULL,
  `shipment_id` mediumint(8) unsigned NOT NULL DEFAULT '0',
  `order_id` mediumint(8) unsigned NOT NULL DEFAULT '0',
  `product_id` mediumint(8) unsigned NOT NULL DEFAULT '0',
  `amount` int(11) unsigned NOT NULL DEFAULT '0',
  PRIMARY KEY (`item_id`,`shipment_id`),
  KEY `shipment_id` (`shipment_id`)
) ENGINE=MyISAM DEFAULT CHARSET=utf8;

-- Dumping data for table installer_skozachuk_cscart421u.cscart_shipment_items: 0 rows
/*!40000 ALTER TABLE `cscart_shipment_items` DISABLE KEYS */;
/*!40000 ALTER TABLE `cscart_shipment_items` ENABLE KEYS */;


-- Dumping structure for table installer_skozachuk_cscart421u.cscart_shippings
DROP TABLE IF EXISTS `cscart_shippings`;
CREATE TABLE IF NOT EXISTS `cscart_shippings` (
  `shipping_id` mediumint(8) unsigned NOT NULL AUTO_INCREMENT,
  `company_id` int(11) unsigned NOT NULL DEFAULT '0',
  `destination` char(1) NOT NULL DEFAULT 'I',
  `min_weight` decimal(12,2) NOT NULL DEFAULT '0.00',
  `max_weight` decimal(12,2) NOT NULL DEFAULT '0.00',
  `usergroup_ids` varchar(255) NOT NULL DEFAULT '0',
  `rate_calculation` char(1) NOT NULL DEFAULT 'M',
  `service_id` mediumint(8) unsigned NOT NULL DEFAULT '0',
  `service_params` text NOT NULL,
  `localization` varchar(255) NOT NULL DEFAULT '',
  `tax_ids` varchar(255) NOT NULL DEFAULT '',
  `position` smallint(5) unsigned NOT NULL DEFAULT '0',
  `status` char(1) NOT NULL DEFAULT 'D',
  UNIQUE KEY `shipping_id` (`shipping_id`),
  KEY `position` (`position`),
  KEY `localization` (`localization`),
  KEY `c_status` (`usergroup_ids`,`min_weight`,`max_weight`,`status`)
) ENGINE=MyISAM AUTO_INCREMENT=6 DEFAULT CHARSET=utf8;

-- Dumping data for table installer_skozachuk_cscart421u.cscart_shippings: 4 rows
/*!40000 ALTER TABLE `cscart_shippings` DISABLE KEYS */;
INSERT INTO `cscart_shippings` (`shipping_id`, `company_id`, `destination`, `min_weight`, `max_weight`, `usergroup_ids`, `rate_calculation`, `service_id`, `service_params`, `localization`, `tax_ids`, `position`, `status`) VALUES
	(1, 1, 'I', 0.00, 0.00, '0', 'M', 0, '', '', '6', 0, 'A'),
	(3, 1, 'I', 0.00, 0.00, '0', 'R', 213, 'a:11:{s:8:"user_key";s:0:"";s:17:"user_key_password";s:0:"";s:14:"account_number";s:0:"";s:12:"meter_number";s:0:"";s:9:"test_mode";s:1:"Y";s:12:"package_type";s:14:"YOUR_PACKAGING";s:13:"drop_off_type";s:14:"REGULAR_PICKUP";s:17:"max_weight_of_box";s:1:"0";s:6:"height";s:2:"10";s:5:"width";s:2:"10";s:6:"length";s:2:"10";}', '', '6', 0, 'D'),
	(4, 1, 'I', 0.00, 0.00, '0', 'R', 87, 'a:12:{s:10:"access_key";s:0:"";s:8:"username";s:0:"";s:8:"password";s:0:"";s:16:"negotiated_rates";s:1:"N";s:14:"shipper_number";s:0:"";s:9:"test_mode";s:1:"Y";s:11:"pickup_type";s:2:"01";s:12:"package_type";s:2:"02";s:17:"max_weight_of_box";s:1:"0";s:5:"width";s:2:"10";s:6:"height";s:2:"10";s:6:"length";s:2:"10";}', '', '', 0, 'D'),
	(5, 1, 'I', 0.00, 70.00, '0', 'R', 50, 'a:38:{s:8:"username";s:0:"";s:9:"test_mode";s:1:"N";s:8:"mailtype";s:7:"Package";s:9:"container";s:0:"";s:18:"intl_package_width";s:1:"0";s:19:"intl_package_length";s:1:"0";s:19:"intl_package_height";s:1:"0";s:18:"intl_package_girth";s:1:"0";s:17:"intl_package_size";s:7:"REGULAR";s:28:"intl_service_registered_mail";s:1:"N";s:22:"intl_service_insurance";s:1:"N";s:27:"intl_service_return_receipt";s:1:"N";s:32:"intl_service_restricted_delivery";s:1:"N";s:30:"intl_service_pick_up_on_demand";s:1:"N";s:35:"intl_service_certificate_of_mailing";s:1:"N";s:12:"package_size";s:8:"Oversize";s:21:"first_class_mail_type";s:6:"LETTER";s:10:"machinable";s:4:"True";s:18:"container_priority";s:13:"Flat Rate Box";s:17:"container_express";s:18:"Flat Rate Envelope";s:14:"priority_width";s:2:"10";s:15:"priority_length";s:2:"10";s:15:"priority_height";s:2:"10";s:14:"priority_girth";s:1:"5";s:26:"domestic_service_certified";s:1:"N";s:26:"domestic_service_insurance";s:1:"N";s:36:"domestic_service_restricted_delivery";s:1:"N";s:45:"domestic_service_registered_without_insurance";s:1:"N";s:42:"domestic_service_registered_with_insurance";s:1:"N";s:36:"domestic_service_collect_on_delivery";s:1:"N";s:47:"domestic_service_return_receipt_for_merchandise";s:1:"N";s:31:"domestic_service_return_receipt";s:1:"N";s:62:"domestic_service_certificate_of_mailing_per_individual_article";s:1:"N";s:62:"domestic_service_certificate_of_mailing_for_firm_mailing_books";s:1:"N";s:39:"domestic_service_express_mail_insurance";s:1:"N";s:38:"domestic_service_delivery_confirmation";s:1:"N";s:39:"domestic_service_signature_confirmation";s:1:"N";s:42:"domestic_service_return_receipt_electronic";s:1:"N";}', '', '', 0, 'D');
/*!40000 ALTER TABLE `cscart_shippings` ENABLE KEYS */;


-- Dumping structure for table installer_skozachuk_cscart421u.cscart_shipping_descriptions
DROP TABLE IF EXISTS `cscart_shipping_descriptions`;
CREATE TABLE IF NOT EXISTS `cscart_shipping_descriptions` (
  `shipping_id` mediumint(8) unsigned NOT NULL DEFAULT '0',
  `lang_code` char(2) NOT NULL DEFAULT '',
  `shipping` varchar(255) NOT NULL DEFAULT '',
  `delivery_time` varchar(64) NOT NULL DEFAULT '',
  PRIMARY KEY (`shipping_id`,`lang_code`)
) ENGINE=MyISAM DEFAULT CHARSET=utf8;

-- Dumping data for table installer_skozachuk_cscart421u.cscart_shipping_descriptions: 4 rows
/*!40000 ALTER TABLE `cscart_shipping_descriptions` DISABLE KEYS */;
INSERT INTO `cscart_shipping_descriptions` (`shipping_id`, `lang_code`, `shipping`, `delivery_time`) VALUES
	(1, 'en', 'Custom shipping method', '3-5 days'),
	(3, 'en', 'FedEx 2nd day', '2 days'),
	(4, 'en', 'UPS 3day Select', '3 days'),
	(5, 'en', 'USPS Media Mail', '1-2 days');
/*!40000 ALTER TABLE `cscart_shipping_descriptions` ENABLE KEYS */;


-- Dumping structure for table installer_skozachuk_cscart421u.cscart_shipping_rates
DROP TABLE IF EXISTS `cscart_shipping_rates`;
CREATE TABLE IF NOT EXISTS `cscart_shipping_rates` (
  `rate_id` mediumint(8) unsigned NOT NULL AUTO_INCREMENT,
  `shipping_id` mediumint(8) unsigned NOT NULL DEFAULT '0',
  `destination_id` mediumint(8) unsigned NOT NULL DEFAULT '0',
  `rate_value` text NOT NULL,
  PRIMARY KEY (`rate_id`),
  UNIQUE KEY `shipping_rate` (`shipping_id`,`destination_id`)
) ENGINE=MyISAM AUTO_INCREMENT=46 DEFAULT CHARSET=utf8;

-- Dumping data for table installer_skozachuk_cscart421u.cscart_shipping_rates: 3 rows
/*!40000 ALTER TABLE `cscart_shipping_rates` DISABLE KEYS */;
INSERT INTO `cscart_shipping_rates` (`rate_id`, `shipping_id`, `destination_id`, `rate_value`) VALUES
	(1, 1, 7, 'a:2:{s:1:"C";a:3:{i:0;a:2:{s:5:"value";i:40;s:4:"type";s:1:"F";}i:30;a:2:{s:5:"value";i:10;s:4:"type";s:1:"F";}i:50;a:2:{s:5:"value";i:5;s:4:"type";s:1:"F";}}s:1:"I";a:2:{i:0;a:2:{s:5:"value";i:23;s:4:"type";s:1:"F";}i:10;a:2:{s:5:"value";i:15;s:4:"type";s:1:"F";}}}'),
	(11, 1, 8, 'a:2:{s:1:"W";a:1:{i:0;a:2:{s:5:"value";i:10;s:4:"type";s:1:"F";}}s:1:"I";a:1:{i:0;a:2:{s:5:"value";i:15;s:4:"type";s:1:"F";}}}'),
	(45, 1, 1, 'a:1:{s:1:"C";a:2:{i:0;a:2:{s:5:"value";s:4:"0.00";s:4:"type";s:1:"F";}i:100;a:2:{s:5:"value";s:5:"25.45";s:4:"type";s:1:"F";}}}');
/*!40000 ALTER TABLE `cscart_shipping_rates` ENABLE KEYS */;


-- Dumping structure for table installer_skozachuk_cscart421u.cscart_shipping_services
DROP TABLE IF EXISTS `cscart_shipping_services`;
CREATE TABLE IF NOT EXISTS `cscart_shipping_services` (
  `service_id` mediumint(8) unsigned NOT NULL AUTO_INCREMENT,
  `status` char(1) NOT NULL DEFAULT 'A',
  `module` varchar(32) NOT NULL DEFAULT '',
  `code` varchar(64) NOT NULL DEFAULT '',
  `sp_file` varchar(32) NOT NULL DEFAULT '',
  PRIMARY KEY (`service_id`),
  KEY `sa` (`service_id`,`status`)
) ENGINE=MyISAM AUTO_INCREMENT=384 DEFAULT CHARSET=utf8;

-- Dumping data for table installer_skozachuk_cscart421u.cscart_shipping_services: 292 rows
/*!40000 ALTER TABLE `cscart_shipping_services` DISABLE KEYS */;
INSERT INTO `cscart_shipping_services` (`service_id`, `status`, `module`, `code`, `sp_file`) VALUES
	(65, 'A', 'dhl', 'N', ''),
	(66, 'A', 'dhl', 'S', ''),
	(67, 'A', 'dhl', 'G', ''),
	(70, 'A', 'usps', 'First Class Mail', ''),
	(71, 'A', 'dhl', 'E', ''),
	(72, 'A', 'dhl', 'E:SAT', ''),
	(73, 'A', 'dhl', 'E:1030', ''),
	(115, 'A', 'dhl', 'IE', ''),
	(116, 'A', 'dhl', 'IE:SAT', ''),
	(74, 'A', 'aup', 'STANDARD', ''),
	(75, 'A', 'aup', 'EXPRESS', ''),
	(76, 'A', 'aup', 'AIR', ''),
	(77, 'A', 'aup', 'SEA', ''),
	(78, 'A', 'aup', 'EPI', ''),
	(79, 'A', 'aup', 'ECI_D', ''),
	(80, 'A', 'aup', 'ECI_M', ''),
	(81, 'A', 'ups', '01', ''),
	(82, 'A', 'ups', '02', ''),
	(83, 'A', 'ups', '03', ''),
	(84, 'A', 'ups', '07', ''),
	(85, 'A', 'ups', '08', ''),
	(86, 'A', 'ups', '11', ''),
	(87, 'A', 'ups', '12', ''),
	(88, 'A', 'ups', '13', ''),
	(89, 'A', 'ups', '14', ''),
	(90, 'A', 'ups', '54', ''),
	(91, 'A', 'ups', '59', ''),
	(92, 'A', 'ups', '65', ''),
	(93, 'A', 'ups', '01', ''),
	(94, 'A', 'ups', '02', ''),
	(95, 'A', 'ups', '03', ''),
	(96, 'A', 'ups', '07', ''),
	(97, 'A', 'ups', '08', ''),
	(98, 'A', 'ups', '14', ''),
	(99, 'A', 'ups', '54', ''),
	(100, 'A', 'ups', '65', ''),
	(101, 'A', 'ups', '01', ''),
	(102, 'A', 'ups', '02', ''),
	(103, 'A', 'ups', '07', ''),
	(104, 'A', 'ups', '08', ''),
	(105, 'A', 'ups', '11', ''),
	(106, 'A', 'ups', '12', ''),
	(107, 'A', 'ups', '14', ''),
	(108, 'A', 'ups', '65', ''),
	(109, 'A', 'ups', '07', ''),
	(110, 'A', 'ups', '08', ''),
	(111, 'A', 'ups', '54', ''),
	(112, 'A', 'ups', '65', ''),
	(113, 'A', 'ups', '07', ''),
	(114, 'A', 'ups', '08', ''),
	(124, 'A', 'ups', '11', ''),
	(125, 'A', 'ups', '54', ''),
	(126, 'A', 'ups', '65', ''),
	(127, 'A', 'ups', '82', ''),
	(128, 'A', 'ups', '83', ''),
	(129, 'A', 'ups', '84', ''),
	(130, 'A', 'ups', '85', ''),
	(131, 'A', 'ups', '86', ''),
	(132, 'A', 'ups', '07', ''),
	(133, 'A', 'ups', '08', ''),
	(134, 'A', 'ups', '11', ''),
	(135, 'A', 'ups', '54', ''),
	(136, 'A', 'ups', '65', ''),
	(137, 'A', 'ups', '07', ''),
	(138, 'A', 'ups', '08', ''),
	(139, 'A', 'ups', '11', ''),
	(140, 'A', 'ups', '54', ''),
	(141, 'A', 'ups', '65', ''),
	(142, 'A', 'can', '1040', ''),
	(143, 'A', 'can', '1030', ''),
	(144, 'A', 'can', '1020', ''),
	(145, 'A', 'can', '1010', ''),
	(152, 'A', 'can', '2030', ''),
	(153, 'A', 'can', '2040', ''),
	(154, 'A', 'can', '2050', ''),
	(155, 'A', 'can', '3010', ''),
	(156, 'A', 'can', '3020', ''),
	(157, 'A', 'can', '3040', ''),
	(158, 'A', 'can', '3050', ''),
	(159, 'A', 'can', '2005', ''),
	(160, 'A', 'can', '2015', ''),
	(162, 'A', 'can', '3005', ''),
	(163, 'A', 'can', '3015', ''),
	(164, 'A', 'can', '3025', ''),
	(165, 'A', 'can', '2020', ''),
	(167, 'A', 'swisspost', 'int_pr_standart_letter.csv', ''),
	(168, 'A', 'swisspost', 'int_ur_goods.csv', ''),
	(169, 'A', 'swisspost', 'int_pr_postpac.csv', ''),
	(170, 'A', 'swisspost', 'int_ec_standart_letter.csv', ''),
	(171, 'A', 'swisspost', 'int_ec_postpac.csv', ''),
	(172, 'A', 'swisspost', 'prv_pr_postpac.csv', ''),
	(173, 'A', 'swisspost', 'prv_ec_postpac.csv', ''),
	(174, 'A', 'swisspost', 'int_ur_goods.csv', ''),
	(175, 'A', 'swisspost', 'prv_ec_bulky_goods.csv', ''),
	(176, 'A', 'swisspost', 'int_pr_large_letter.csv', ''),
	(177, 'A', 'swisspost', 'int_pr_maxi_letter.csv', ''),
	(178, 'A', 'swisspost', 'int_ec_large_letter.csv', ''),
	(179, 'A', 'swisspost', 'int_ec_maxi_letter.csv', ''),
	(212, 'A', 'fedex', 'PRIORITY_OVERNIGHT', ''),
	(213, 'A', 'fedex', 'FEDEX_2_DAY', ''),
	(214, 'A', 'fedex', 'FEDEX_EXPRESS_SAVER', ''),
	(215, 'A', 'fedex', 'FEDEX_GROUND', ''),
	(216, 'A', 'fedex', 'GROUND_HOME_DELIVERY', ''),
	(217, 'A', 'fedex', 'STANDARD_OVERNIGHT', ''),
	(218, 'A', 'fedex', 'FIRST_OVERNIGHT', ''),
	(219, 'A', 'fedex', 'FEDEX_1_DAY_FREIGHT', ''),
	(220, 'A', 'fedex', 'FEDEX_2_DAY_FREIGHT', ''),
	(221, 'A', 'fedex', 'FEDEX_3_DAY_FREIGHT', ''),
	(222, 'A', 'fedex', 'INTERNATIONAL_PRIORITY', ''),
	(223, 'A', 'fedex', 'INTERNATIONAL_ECONOMY', ''),
	(224, 'A', 'fedex', 'INTERNATIONAL_GROUND', ''),
	(225, 'A', 'fedex', 'INTERNATIONAL_FIRST', ''),
	(226, 'A', 'fedex', 'INTERNATIONAL_PRIORITY_FREIGHT', ''),
	(227, 'A', 'fedex', 'INTERNATIONAL_ECONOMY_FREIGHT', ''),
	(228, 'A', 'fedex', 'EUROPE_FIRST_INTERNATIONAL_PRIORITY', ''),
	(229, 'A', 'fedex', 'SMART_POST', ''),
	(230, 'A', 'fedex', 'FEDEX_FREIGHT', ''),
	(231, 'A', 'fedex', 'FEDEX_NATIONAL_FREIGHT', ''),
	(40, 'A', 'usps', 'Global Express Guaranteed GXG', ''),
	(41, 'A', 'usps', 'Global Express Guaranteed Non Document Rectangular', ''),
	(42, 'A', 'usps', 'Global Express Guaranteed Non Document Non Rectangular', ''),
	(43, 'A', 'usps', 'Priority Mail Express International', ''),
	(44, 'A', 'usps', 'Express Mail International Flat Rate Envelope', ''),
	(45, 'A', 'usps', 'Priority Mail International', ''),
	(47, 'A', 'usps', 'Priority Mail Express', ''),
	(48, 'A', 'usps', 'Standard Post M', ''),
	(49, 'A', '\nusps', 'Standard Post N', ''),
	(50, 'A', 'usps', 'Media Mail', ''),
	(51, 'A', 'usps', 'Priority Mail', ''),
	(52, 'A', 'usps', 'Priority Mail International Flat Rate Envelope', ''),
	(53, 'A', 'usps', 'Priority Mail International Flat Rate Box', ''),
	(68, 'A', 'usps', 'Bound Printed Matter', ''),
	(69, 'A', 'usps', 'Library Mail', ''),
	(203, 'A', 'usps', 'First Class Mail International Large Envelope', ''),
	(204, 'A', 'usps', 'First Class Package International Service', ''),
	(205, 'A', 'usps', 'First Class Mail International Letter', ''),
	(206, 'A', 'usps', 'First Class Mail International Postcard', ''),
	(207, 'A', 'aup', 'RPI', ''),
	(208, 'A', 'usps', 'Priority Mail International Small Flat Rate Box', ''),
	(209, 'A', 'usps', 'Priority Mail International Medium Flat Rate Box', ''),
	(210, 'A', 'usps', 'Priority Mail International Large Flat Rate Box', ''),
	(211, 'A', 'usps', 'USPS GXG Envelopes', ''),
	(233, 'A', 'usps', 'Priority Mail Regional Rate', ''),
	(235, 'A', 'temando', '54410_GENERALROAD', ''),
	(236, 'A', 'temando', '60005_AIREXPRESS-PRE-SCHEDULEDPICK-UPSONLY', ''),
	(237, 'A', 'temando', '60005_1KGSATCHEL-SATCHELREQUIRED', ''),
	(238, 'A', 'temando', '60005_3KGSATCHEL-SATCHELREQUIRED', ''),
	(239, 'A', 'temando', '60005_5KGSATCHEL-SATCHELREQUIRED', ''),
	(240, 'A', 'temando', '60006_AIREXPRESS', ''),
	(241, 'A', 'temando', '60006_1KGSATCHEL-SATCHELREQUIRED', ''),
	(242, 'A', 'temando', '60006_3KGSATCHEL-SATCHELREQUIRED', ''),
	(243, 'A', 'temando', '60006_5KGSATCHEL-SATCHELREQUIRED', ''),
	(244, 'A', 'temando', '54381_ROADEXPRESS', ''),
	(245, 'A', 'temando', '54381_ROADEXPRESS-CALLBEFOREDELIVERYSERVICE', ''),
	(246, 'A', 'temando', '54426_ROADEXPRESS-PRE-SCHEDULEDPICK-UPSONLY', ''),
	(247, 'A', 'temando', '54426_ROADEXPRESS(BULK)CALLBEFOREDELIVERYSERVICE', ''),
	(248, 'A', 'temando', '60020_ROADEXPRESSPALLET1.4M(HEIGHTMAX)', ''),
	(249, 'A', 'temando', '60020_ROADEXPRESSPALLET2.4M(HEIGHTMAX)', ''),
	(250, 'A', 'temando', '60008_ALLIEDCOURIERSYDNEY-SAMEDAYSERVICE', ''),
	(251, 'A', 'temando', '60010_ALLIEDCOURIERBRISBANE-SAMEDAYSERVICE', ''),
	(252, 'A', 'temando', '60012_ALLIEDCOURIERMELBORNE-SAME-DAYSERVICE', ''),
	(253, 'A', 'temando', '60014_ALLIEDCOURIERADELAIDE-SAMEDAYSERVICE', ''),
	(254, 'A', 'temando', '60016_ALLIEDCOURIERPERTH-SAMEDAYSERVICE', ''),
	(255, 'A', 'temando', '54440_EPARCEL-STANDARD', ''),
	(256, 'A', 'temando', '54440_EPARCELS4', ''),
	(257, 'A', 'temando', '54440_EPARCELS5', ''),
	(258, 'A', 'temando', '54440_EPARCELS6-ATL-AUTHORITYTOLEAVE', ''),
	(259, 'A', 'temando', '54440_EPARCEL-STANDARDS9', ''),
	(260, 'A', 'temando', '54440_EPARCEL-EXPRESSX1', ''),
	(261, 'A', 'temando', '54440_EPARCEL-EXPRESSX2', ''),
	(262, 'A', 'temando', '54440_EPARCEL-EXPRESSX6', ''),
	(263, 'A', 'temando', '54440_EPARCELEXPRESSX5', ''),
	(264, 'A', 'temando', '54440_EXPRESSEPARCELX5-AUTHORITYTOLEAVE(ATL)', ''),
	(265, 'A', 'temando', '54440_EXPRESSEPARCEL-SATCHELFLATRATEUPTO5KG', ''),
	(266, 'A', 'temando', '54440_EPARCEL-WINECARTONS', ''),
	(267, 'A', 'temando', '54361_EXPRESS(ROAD)', ''),
	(268, 'A', 'temando', '54361_GENERAL(ROAD)', ''),
	(269, 'A', 'temando', '54429_1MANTAILGATE', ''),
	(270, 'A', 'temando', '54429_2MANTAILGATE', ''),
	(271, 'A', 'temando', '54429_ROADEXPRESS', ''),
	(272, 'A', 'temando', '54429_PERPALLETRATES', ''),
	(273, 'A', 'temando', '54384_EXPRESS(ROAD)', ''),
	(274, 'A', 'temando', '54384_GENERAL(ROAD)', ''),
	(275, 'A', 'temando', '60018_TRUCKLOAD-BDOUBLE34PALLETMAX(2.4MHIGHMAX))', ''),
	(276, 'A', 'temando', '60018_TRUCKLOAD-SINGLE22PALLETMAX,(2.4HIGHMAX)', ''),
	(277, 'A', 'temando', '60018_TAILGATELIFTREQUIRED', ''),
	(278, 'A', 'temando', '60018_EXPRESS', ''),
	(279, 'A', 'temando', '54380_EXPRESS(ROAD)', ''),
	(280, 'A', 'temando', '54380_GENERAL(ROAD)', ''),
	(281, 'A', 'temando', '54433_SAMEDAY', ''),
	(282, 'A', 'temando', '54432_HOMEDELIVERYSERVICE', ''),
	(283, 'A', 'temando', '54356_GENERAL(ROAD)', ''),
	(284, 'A', 'temando', '54371_SAMEDAYTRUCK<1000KGS', ''),
	(285, 'A', 'temando', '54371_SAMEDAYCOURIER<25KGS', ''),
	(286, 'A', 'temando', '54371_SAMEDAYUTE/VAN<500KGS', ''),
	(287, 'A', 'temando', '54391_PALLETS', ''),
	(288, 'A', 'temando', '54453_STANDARD1MANSERVICE(PERMPICKUPSONLY)', ''),
	(289, 'A', 'temando', '54453_1MANTAILGATESERVICE(PERMPICKUPONLY)', ''),
	(290, 'A', 'temando', '54425_1KGPARCEL', ''),
	(291, 'A', 'temando', '54425_SATCHEL1KG(MAXWEIGHT)SATCHELREQUIRED', ''),
	(292, 'A', 'temando', '54425_3KGPARCEL', ''),
	(293, 'A', 'temando', '54425_SATCHEL3KG(MAXWEIGHT)SATCHELREQUIRED', ''),
	(294, 'A', 'temando', '54425_5KGPARCEL', ''),
	(295, 'A', 'temando', '54425_SATCHEL5KG(MAXWEIGHT)SATCHELREQUIRED', ''),
	(296, 'A', 'temando', '60046_ROADSERVICE', ''),
	(297, 'A', 'temando', '60052_ROADSERVICE', ''),
	(298, 'A', 'temando', '60053_DIRECTCOURIERS1-2HOURSERVICE', ''),
	(299, 'A', 'temando', '60053_DIRECTCOURIERS3-4HOURSERVICE', ''),
	(300, 'A', 'temando', '60053_DIRECTCOURIERSASAPSERVICE', ''),
	(301, 'A', 'temando', '60061_LOCALDELIVERY(BULKBREAK)', ''),
	(302, 'A', 'temando', '54377_GENERAL(ROAD)', ''),
	(303, 'A', 'temando', '54448_ROAD', ''),
	(304, 'A', 'temando', '54444_A5/1KG-SATCHEL-SATCHELREQUIRED:CONTACTUS', ''),
	(305, 'A', 'temando', '54427_METROPARCEL/CARTON', ''),
	(306, 'A', 'temando', '54427_PARCEL/CARTON(GR)', ''),
	(307, 'A', 'temando', '54427_SHORTHAULPARCEL/CARTON', ''),
	(308, 'A', 'temando', '54427_PARCEL/CARTON(OR)', ''),
	(309, 'A', 'temando', '54427_MEDIUMHAULPARCEL/CARTON', ''),
	(310, 'A', 'temando', '54427_PARCEL/CARTON(R)', ''),
	(311, 'A', 'temando', '54427_A2/5KGSATCHEL--SATCHELREQUIRED:CONTACTUS', ''),
	(312, 'A', 'temando', '54427_A3/3KGSATCHEL--SATCHELREQUIRED:CONTACTUS', ''),
	(313, 'A', 'temando', '54428_METROPARCEL/CARTON', ''),
	(314, 'A', 'temando', '54428_DEPOTTODOOR-BULKBREAK', ''),
	(315, 'A', 'temando', '54428_DEPOTTODOOR-PERITEM', ''),
	(316, 'A', 'temando', '54428_DEPOTTODOOR-SHORTHAUL', ''),
	(317, 'A', 'temando', '54329_GENERAL(ROAD)', ''),
	(318, 'A', 'temando', '60023_EXPRESS3HOUR(SAMEDAYDELIVERY)', ''),
	(319, 'A', 'temando', '60048_EXPRESS3HOUR(SAMEDAYDELIVERY)', ''),
	(320, 'A', 'temando', '54398_BULKSERVICE-PRE-SCHEDULEDPICKUPSONLY!', ''),
	(321, 'A', 'temando', '54344_GENERAL(ROAD)', ''),
	(322, 'A', 'temando', '54379_1TTRAY/ROOFRACKS(250KG)-2HOURTURNAROUND', ''),
	(323, 'A', 'temando', '54379_1TONNECOUIER-2HOURTURNAROUND', ''),
	(324, 'A', 'temando', '54379_EXPRESSCOURIER-2HRTURNAROUND', ''),
	(325, 'A', 'temando', '54379_EXPRESSCOURIERBIKE-1.5HOURSTURNAROUND', ''),
	(326, 'A', 'temando', '54379_STANDARDCOURIER-4HRTURNAROUND', ''),
	(327, 'A', 'temando', '54379_STANDARDCOURIERBIKE-4HOURS', ''),
	(328, 'A', 'temando', '54379_COURIERVAN/TRAY-2HOURTURNAROUND', ''),
	(329, 'A', 'temando', '54379_VIP1TONNECOURIER-PRIORITYALLOCATIOIN,DIRECTRU', ''),
	(330, 'A', 'temando', '54379_1TTRAY/ROOFRACKS(250KG)PRIORITYALLOC,DIRECTRUN', ''),
	(331, 'A', 'temando', '54379_VIPCOURIER-PRIORITYALLOCATION,DIRECTRUN', ''),
	(332, 'A', 'temando', '54379_VIPCOURIERBIKE-DIRECTURGENT', ''),
	(333, 'A', 'temando', '54379_VIPVAN/TRAY-PRIORITYALLOCATION,DIRECTRUN', ''),
	(334, 'A', 'temando', '54457_1TONNECOUIER-3HOURTURN', ''),
	(335, 'A', 'temando', '54457_1TTRAY/ROOFRACKS(250KG)-3HOURTURNAROUND', ''),
	(336, 'A', 'temando', '54457_EXPRESSCOURIER-2HRTURNAROUND', ''),
	(337, 'A', 'temando', '54457_STANDARDCOURIER-4HRS(2HRSCBD)', ''),
	(338, 'A', 'temando', '54457_COURIERVAN/TRAY-2HOURTURNAROUND', ''),
	(339, 'A', 'temando', '54457_VIP1TONNECOURIER-PRIORITYALLOCATIOIN,DIRECTRU', ''),
	(340, 'A', 'temando', '54457_1TTRAY/ROOFRACKS(250KG)PRIORITYALLOC,DIRECTRUN', ''),
	(341, 'A', 'temando', '54457_VIPCOURIER-PRIORITYALLOCATION,DIRECTRUN', ''),
	(342, 'A', 'temando', '54457_VIPVAN/TRAY-PRIORITYALLOCATION,DIRECTRUN', ''),
	(343, 'A', 'temando', '54458_1TONNECOURIER-2HOURTURNAROUND', ''),
	(344, 'A', 'temando', '54458_STANDARDCOURIER-2HOURTURNAROUND', ''),
	(345, 'A', 'temando', '54458_STANDARDVANORTRAY-2HOURTURNAROUND', ''),
	(346, 'A', 'temando', '54458_WAGONVANTRAYCOURIER-2HOURTURNAROUND', ''),
	(347, 'A', 'temando', '54358_GENERAL(ROAD)', ''),
	(348, 'A', 'temando', '54417_REGIONAL1MANTAILGATE', ''),
	(349, 'A', 'temando', '54417_REGIONAL2MANTAILGATE', ''),
	(350, 'A', 'temando', '54417_TAILGATESERVICE(2MEN)', ''),
	(351, 'A', 'temando', '54417_TAILGATESENSITIVE(1MAN)', ''),
	(352, 'A', 'temando', '54357_GENERALRAILSERVICE', ''),
	(353, 'A', 'temando', '54357_GENERALROADSERVICE', ''),
	(354, 'A', 'temando', '54353_GENERAL(ROAD)', ''),
	(355, 'A', 'temando', '54359_EXPRESSPREMIUM(ETAMETROONLY)', ''),
	(356, 'A', 'temando', '54359_EXPRESSPREMIUMAAESATCHEL(ETAMETROONLY)', ''),
	(357, 'A', 'temando', '54396_EXPRESSPREMIUM(ETAMETROONLY)-AUTHTOLEAVE', ''),
	(358, 'A', 'temando', '54396_EXPRESSPREMIUMSATCHEL(ETAISMETRO)-ATL', ''),
	(359, 'A', 'temando', '54405_NEXTFLIGHT:EXTRACOSTSAPPLYFORREGIONALAREAS', ''),
	(360, 'A', 'temando', '54414_URGENTDIRECTSERVICE(NEXTAVAILALBLEVEHICLE)', ''),
	(361, 'A', 'temando', '54414_OVERNIGHTSERVICE', ''),
	(362, 'A', 'temando', '54414_SAMEDAYSERVICE(\nALLOW5HRSFORDELIVERY)', ''),
	(363, 'A', 'temando', '54414_SAMEDAYSERVICE(ALLOW3HRSFORDELIVERY)', ''),
	(364, 'A', 'temando', '54397_OVERNIGHTEXPRESS(AIR)', ''),
	(365, 'A', 'temando', '54397_DELIVERYBEFORE9AMNEXTDAY(AIR)', ''),
	(366, 'A', 'temando', '54397_DELIVERYBEFORE10AMNEXTDAY(AIR)', ''),
	(367, 'A', 'temando', '54397_DELIVERYBEFORENOONNEXTDAY(AIR)', ''),
	(368, 'A', 'temando', '60027_DELIVERYBEFORE10AMNEXTDAY(AIR)-ATL', ''),
	(369, 'A', 'temando', '60027_DELIVERYBEFORENOONNEXTDAY(AIR)-ATL', ''),
	(370, 'A', 'temando', '60027_DELIVERYBEFORE9AMNEXTDAY-(AIR)-ATL', ''),
	(371, 'A', 'temando', '60027_OVERNIGHTEXPRESS(AIR)-AUTHTOLEAVE(ATL)', ''),
	(372, 'A', 'temando', '60032_DELIVERYBEFORE10AMNEXTDAY(AIR)', ''),
	(373, 'A', 'temando', '60032_DELIVERYBEFORE9AMNEXTDAY(AIR)', ''),
	(374, 'A', 'temando', '60032_DELIVERYBEFORENOONNEXTDAY(AIR)', ''),
	(375, 'A', 'temando', '60032_OVERNIGHTEXPRESS(AIR)', ''),
	(376, 'A', 'temando', '60037_DELIVERYBEFORE10AMNEXTDAY(AIR)ATL', ''),
	(377, 'A', 'temando', '60037_DELIVERYBEFORENOONNEXTDAY(AIR)ATL', ''),
	(378, 'A', 'temando', '60037_DELIVERYBEFORE9AMNEXTDAY(AIR)ATL', ''),
	(379, 'A', 'temando', '60037_OVERNIGHTEXPRESS(AIR)AUTHORITYTOLEAVE(ATL)', ''),
	(380, 'A', 'temando', '54421_ROADEXPRESS', ''),
	(381, 'A', 'temando', '54421_OVERNIGHTEXPRESS', ''),
	(382, 'A', 'temando', '54421_SAMEDAYTIMECRITICALNATIONWIDE', ''),
	(383, 'A', 'temando', '60089_ROADEXPRESS', '');
/*!40000 ALTER TABLE `cscart_shipping_services` ENABLE KEYS */;


-- Dumping structure for table installer_skozachuk_cscart421u.cscart_shipping_service_descriptions
DROP TABLE IF EXISTS `cscart_shipping_service_descriptions`;
CREATE TABLE IF NOT EXISTS `cscart_shipping_service_descriptions` (
  `service_id` mediumint(8) unsigned NOT NULL AUTO_INCREMENT,
  `description` varchar(255) NOT NULL DEFAULT '',
  `lang_code` char(2) NOT NULL DEFAULT '',
  PRIMARY KEY (`service_id`,`lang_code`)
) ENGINE=MyISAM AUTO_INCREMENT=384 DEFAULT CHARSET=utf8;

-- Dumping data for table installer_skozachuk_cscart421u.cscart_shipping_service_descriptions: 322 rows
/*!40000 ALTER TABLE `cscart_shipping_service_descriptions` DISABLE KEYS */;
INSERT INTO `cscart_shipping_service_descriptions` (`service_id`, `description`, `lang_code`) VALUES
	(1, 'DHL Next Day Air 10:30 AM (Letter)', 'en'),
	(2, 'DHL Next Day Air 10:30 AM', 'en'),
	(3, 'DHL Next Day Air 12:00 PM (Letter)', 'en'),
	(4, 'DHL Next Day Air 12:00 PM', 'en'),
	(5, 'DHL Next Day Air 3:00 PM (Letter)', 'en'),
	(6, 'DHL Next Day Air 3:00 PM', 'en'),
	(7, 'DHL 2nd Day (Letter)', 'en'),
	(8, 'DHL 2nd Day', 'en'),
	(9, 'DHL Ground', 'en'),
	(10, 'DHL @ Home', 'en'),
	(11, 'DHL Media Mail', 'en'),
	(12, 'DHL Bound Printed Matter', 'en'),
	(13, 'DHL International Document (Letter)', 'en'),
	(14, 'DHL International Document', 'en'),
	(15, 'DHL Worldwide Priority Express', 'en'),
	(16, 'DHL Global Mail Priority', 'en'),
	(17, 'DHL Global Mail Standard', 'en'),
	(19, 'FedEx Canadian Ground®', 'en'),
	(20, 'FedEx Canadian International Economy®', 'en'),
	(21, 'FedEx Canadian International First®', 'en'),
	(22, 'FedEx Canadian International Priority®', 'en'),
	(57, 'CAN XPressPost (CAN$)', 'en'),
	(58, 'CAN Priority Courier (CAN$)', 'en'),
	(59, 'CAN Expedited (1-4 Days, CAN$)', 'en'),
	(60, 'CAN XpressPost (3-5 Days, CAN$)', 'en'),
	(61, 'CAN Expedited (6-12 Days, CAN$)', 'en'),
	(62, 'CAN Regular (3-5 Days, CAN$)', 'en'),
	(63, 'CAN Purolator International (CAN$)', 'en'),
	(64, 'DHL Overnight', 'en'),
	(65, 'DHL Next Afternoon', 'en'),
	(66, 'DHL 2nd Day', 'en'),
	(67, 'DHL Ground', 'en'),
	(71, 'DHL Express', 'en'),
	(72, 'DHL Express Saturday', 'en'),
	(73, 'DHL Express 10:30AM', 'en'),
	(74, 'Australia Post Regular Parcels', 'en'),
	(75, 'Australia Post Express Parcels', 'en'),
	(76, 'Australia Post Air Mail', 'en'),
	(77, 'Australia Post Sea Mail', 'en'),
	(78, 'Australia Post Express Post International', 'en'),
	(79, 'Australia Post Express Courier International Document', 'en'),
	(80, 'Australia Post Express Courier International Merchandise', 'en'),
	(207, 'Australia Post Registered Post International', 'en'),
	(115, 'DHL International Express', 'en'),
	(116, 'DHL International Express Saturday', 'en'),
	(81, 'UPS USA: Next Day Air', 'en'),
	(82, 'UPS USA: 2nd Day Air.', 'en'),
	(83, 'UPS USA: Ground', 'en'),
	(84, 'UPS USA: Worldwide Express SM', 'en'),
	(85, 'UPS USA: Worldwide Expedited SM', 'en'),
	(86, 'UPS USA: Standard', 'en'),
	(87, 'UPS USA: 3 Day Select', 'en'),
	(88, 'UPS USA: Next Day Air Saver', 'en'),
	(89, 'UPS USA: Next Day Air Early SM', 'en'),
	(90, 'UPS USA: Worldwide Express Plus SM', 'en'),
	(91, 'UPS USA: 2nd Day Air A.M.', 'en'),
	(92, 'UPS USA: Saver', 'en'),
	(93, 'UPS Puerto Rico: Next Day Air', 'en'),
	(94, 'UPS Puerto Rico: 2nd Day Air A.M.', 'en'),
	(95, 'UPS Puerto Rico: Ground', 'en'),
	(96, 'UPS Puerto Rico: Worldwide Express SM', 'en'),
	(97, 'UPS Puerto Rico: Worldwide Expedited SM', 'en'),
	(98, 'UPS Puerto Rico: Next Day Air Early SM', 'en'),
	(99, 'UPS Puerto Rico: Worldwide Express Plus SM', 'en'),
	(100, 'UPS Puerto Rico: Saver', 'en'),
	(101, 'UPS Canada: Express', 'en'),
	(102, 'UPS Canada: Expedited SM', 'en'),
	(103, 'UPS Canada: Worldwide Express SM', 'en'),
	(104, 'UPS Canada: Worldwide Expedited SM', 'en'),
	(105, 'UPS Canada: Standard', 'en'),
	(106, 'UPS Canada: 3 Day Select', 'en'),
	(107, 'UPS Canada: Express Early A.M. SM', 'en'),
	(108, 'UPS Canada: Saver', 'en'),
	(109, 'UPS Mexico: Express', 'en'),
	(110, 'UPS Mexico: Expedited SM', 'en'),
	(111, 'UPS Mexico: Express Plus', 'en'),
	(112, 'UPS Mexico: Saver', 'en'),
	(113, 'UPS Polish: Express', 'en'),
	(114, 'UPS Polish: Expedited SM', 'en'),
	(124, 'UPS Polish: Standard', 'en'),
	(125, 'UPS Polish: Worldwide Express Plus SM', 'en'),
	(126, 'UPS Polish: Saver', 'en'),
	(127, 'UPS Polish: Today Standard', 'en'),
	(128, 'UPS Polish: Today Dedicated Courrier', 'en'),
	(129, 'UPS Polish: Today Intercity', 'en'),
	(130, 'UPS Polish: Today Express', 'en'),
	(131, 'UPS Polish: Today Express Saver', 'en'),
	(132, 'UPS Europe: Express', 'en'),
	(133, 'UPS Europe: Expedited SM', 'en'),
	(134, 'UPS Europe: Standard', 'en'),
	(135, 'UPS Europe: Worldwide Express Plus SM', 'en'),
	(136, 'UPS Europe: Saver', 'en'),
	(137, 'UPS Other: Express', 'en'),
	(138, 'UPS Other: Worldwide Expedited SM', 'en'),
	(139, 'UPS Other: Standard', 'en'),
	(140, 'UPS Other: Worldwide Express Plus SM', 'en'),
	(141, 'UPS Other: Saver', 'en'),
	(142, 'Canada Post Priority Courier', 'en'),
	(143, 'Canada Post Xpresspost', 'en'),
	(144, 'Canada Post Expedited', 'en'),
	(145, 'Canada Post Regular', 'en'),
	(152, 'Canada Post Xpresspost USA', 'en'),
	(153, 'Canada Post Priority \nWorldwide USA', 'en'),
	(154, 'Canada Post Priority Worldwide Pak USA', 'en'),
	(155, 'Canada Post Surface International', 'en'),
	(156, 'Canada Post Air Internaltional', 'en'),
	(157, 'Canada Post Priority Worldwide Intl', 'en'),
	(158, 'Canada Post Priority Worldwide Pak Intl', 'en'),
	(159, 'Canada Post Small Packets Surface', 'en'),
	(160, 'Canada Post Small Packets Air', 'en'),
	(162, 'Canada Post Small Packets Surface', 'en'),
	(163, 'Canada Post Small Packets Air', 'en'),
	(164, 'Canada Post Xpresspost International', 'en'),
	(165, 'Canada Post Expedited US Business Contract', 'en'),
	(167, 'Swiss Post International PRIORITY Standart letter', 'en'),
	(168, 'Swiss Post International Document URGENT', 'en'),
	(169, 'Swiss Post International PostPac PRIORITY', 'en'),
	(170, 'Swiss Post International ECONOMY Standart letter', 'en'),
	(171, 'Swiss Post International PostPac ECONOMY', 'en'),
	(172, 'Swiss Post Private Customers PostPac PRIORITY', 'en'),
	(173, 'Swiss Post Private Customers PostPac ECONOMY', 'en'),
	(174, 'Swiss Post International URGENT goods', 'en'),
	(175, 'Swiss Post Private Customers Bulky Goods ECONOMY', 'en'),
	(176, 'Swiss Post International PRIORITY Large letter', 'en'),
	(177, 'Swiss Post International PRIORITY Maxi letter', 'en'),
	(178, 'Swiss Post International ECONOMY Large letter', 'en'),
	(179, 'Swiss Post International ECONOMY Maxi letter', 'en'),
	(212, 'FedEx Priority Overnight®', 'en'),
	(213, 'FedEx 2nd Day®', 'en'),
	(214, 'FedEx Express Saver®', 'en'),
	(215, 'FedEx Ground®', 'en'),
	(216, 'FedEx Home Delivery®', 'en'),
	(217, 'FedEx Standard Overnight®', 'en'),
	(218, 'FedEx First Overnight®', 'en'),
	(219, 'FedEx 1Day Freight®', 'en'),
	(220, 'FedEx 2Day Freight®', 'en'),
	(221, 'FedEx 3Day Freight®', 'en'),
	(222, 'FedEx International Priority®', 'en'),
	(223, 'FedEx International Economy®', 'en'),
	(224, 'FedEx International Ground®', 'en'),
	(225, 'FedEx International First®', 'en'),
	(226, 'FedEx International Priority Freight®', 'en'),
	(227, 'FedEx International Economy Freight®', 'en'),
	(228, 'FedEx Europe First International Priority®', 'en'),
	(229, 'FedEx Smart Post®', 'en'),
	(230, 'FedEx Freight®', 'en'),
	(231, 'FedEx National Freight®', 'en'),
	(40, 'USPS Global Express Guaranteed', 'en'),
	(41, 'USPS Global Express Guaranteed Non-Document Rectangular', 'en'),
	(42, 'USPS Global Express Guaranteed Non-Document Non-Rectangular', 'en'),
	(43, 'USPS Priority Mail Express International', 'en'),
	(44, 'USPS Express Mail International Flat-Rate Envelope', 'en'),
	(45, 'USPS Priority Mail International', 'en'),
	(46, 'USPS Express Mail Addresses', 'en'),
	(47, 'USPS Priority Mail Express', 'en'),
	(48, 'USPS Standard Machinable', 'en'),
	(49, 'USPS Standard Non Machinable', 'en'),
	(50, 'USPS Media Mail', 'en'),
	(51, 'USPS Priority Mail', 'en'),
	(52, 'USPS Priority Mail International Flat-Rate Envelope', 'en'),
	(53, 'USPS Priority Mail International Flat-Rate Box', 'en'),
	(68, 'USPS Bound Printed Matter', 'en'),
	(69, 'USPS Library Mail', 'en'),
	(70, 'USPS First-Class Mail', 'en'),
	(203, 'USPS First-Class Mail International Large Envelope', 'en'),
	(204, 'USPS First-Class Package International Service', 'en'),
	(205, 'USPS First-Class Mail International Letter', 'en'),
	(206, 'USPS First-Class Mail International Postcard', 'en'),
	(208, 'USPS Priority Mail International Small Flat Rate Box', 'en'),
	(209, 'USPS Priority Mail International Medium Flat Rate Box', 'en'),
	(210, 'USPS Priority Mail International Large Flat Rate Box', 'en'),
	(211, 'USPS GXG Envelopes', 'en'),
	(233, 'USPS Priority Mail Regional Rate', 'en'),
	(235, 'Temando: All Australian Logistics: General Road', 'en'),
	(236, 'Temando: Allied Air Express (BULK): Air Express - Pre-scheduled pick-ups only', 'en'),
	(237, 'Temando: Allied Air Express (BULK): 1Kg Satchel- Satchel required', 'en'),
	(238, 'Temando: Allied Air Express (BULK): 3Kg Satchel - Satchel Required', 'en'),
	(239, 'Temando: Allied Air Express (BULK): 5Kg Satchel - Satchel Required', 'en'),
	(240, 'Temando: Allied Air Express Adhoc: Air Express', 'en'),
	(241, 'Temando: Allied Air Express Adhoc: 1kg Satchel - Satchel Required', 'en'),
	(242, 'Temando: Allied Air Express Adhoc: 3kg Satchel - Satchel Required', 'en'),
	(243, 'Temando: Allied Air Express Adhoc: 5kg Satchel - Satchel Required', 'en'),
	(244, 'Temando: Allied Express: Road Express', '\ne'),
	(245, 'Temando: Allied Express: Road Express - Call Before Delivery Service', 'en'),
	(246, 'Temando: Allied Express (Bulk): Road Express- Pre-scheduled pick-ups only', 'en'),
	(247, 'Temando: Allied Express (Bulk): Road Express (Bulk) Call Before Delivery Service', 'en'),
	(248, 'Temando: Allied Express Pallets: Road Express Pallet 1.4m ( height max)', 'en'),
	(249, 'Temando: Allied Express Pallets: Road Express Pallet 2.4m (height max)', 'en'),
	(250, 'Temando: Allied Courier Sydney: Allied Courier Sydney- Same Day Service', 'en'),
	(251, 'Temando: Allied Courier Brisbane: Allied Courier Brisbane- Same Day Service', 'en'),
	(252, 'Temando: Allied Courier Melbourne: Allied Courier Melborne- Same-Day Service', 'en'),
	(253, 'Temando: Allied Courier Adelaide: Allied Courier Adelaide- Same Day Service', 'en'),
	(254, 'Temando: Allied Courier Perth: Allied Courier Perth- Same Day Service', 'en'),
	(255, 'Temando: Australia Post (eParcel): eParcel - Standard', 'en'),
	(256, 'Temando: Australia Post (eParcel): eParcel S4', 'en'),
	(257, 'Temando: Australia Post (eParcel): eParcel S5', 'en'),
	(258, 'Temando: Australia Post (eParcel): eParcel S6 - ATL - Authority to Leave', 'en'),
	(259, 'Temando: Australia Post (eParcel): eParcel - Standard S9', 'en'),
	(260, 'Temando: Australia Post (eParcel): eParcel- Express X1', 'en'),
	(261, 'Temando: Australia Post (eParcel): eParcel - Express X2', 'en'),
	(262, 'Temando: Australia Post (eParcel): eParcel - Express X6', 'en'),
	(263, 'Temando: Australia Post (eParcel): eParcel Express X5', 'en'),
	(264, 'Temando: Australia Post (eParcel): Express eParcel X5- Authority to Leave (ATL)', 'en'),
	(265, 'Temando: Australia Post (eParcel): Express eParcel - Satchel Flat Rate Up to 5Kg', 'en'),
	(266, 'Temando: Australia Post (eParcel): eParcel- Wine Cartons', 'en'),
	(267, 'Temando: Autotrans: Express (Road)', 'en'),
	(268, 'Temando: Autotrans: General (Road)', 'en'),
	(269, 'Temando: Bluestar Logistics Bulk: 1 Man Tailgate', 'en'),
	(270, 'Temando: Bluestar Logistics Bulk: 2 Man Tailgate', 'en'),
	(271, 'Temando: Bluestar Logistics Bulk: Road Express', 'en'),
	(272, 'Temando: Bluestar Logistics Bulk: Per Pallet Rates', 'en'),
	(273, 'Temando: Bohaul Express (locked): Express (Road)', 'en'),
	(274, 'Temando: Bohaul Express (locked): General (Road)', 'en'),
	(275, 'Temando: Bulk Transport: Truckload- B double 34 pallet max (2.4m high max))', 'en'),
	(276, 'Temando: Bulk Transport: Truckload- Single 22pallet max, (2.4 high Max)', 'en'),
	(277, 'Temando: Bulk Transport: Tailgate Lift Required', 'en'),
	(278, 'Temando: Bulk Transport: Express', 'en'),
	(279, 'Temando: Capital Transport: Express (Road)', 'en'),
	(280, 'Temando: Capital Transport: General (Road)', 'en'),
	(281, 'Temando: Capital Transport Courier: same day', 'en'),
	(282, 'Temando: Capital Transport HDS: Home Delivery Service', 'en'),
	(283, 'Temando: Ceva Logistics: General (Road)', 'en'),
	(284, 'Temando: Civic Transport Services: Sameday Truck <1000kgs', 'en'),
	(285, 'Temando: Civic Transport Services: Sameday Courier <25kgs', 'en'),
	(286, 'Temando: Civic Transport Services: Sameday Ute/Van <500kgs', 'en'),
	(287, 'Temando: Concord Park: Pallets', 'en'),
	(288, 'Temando: Cope Sensitive Freight: Standard 1 Man service (perm pickups only)', 'en'),
	(289, 'Temando: Cope Sensitive Freight: 1 Man Tailgate Service (Perm pick up ONLY)', 'en'),
	(290, 'Temando: Couriers Please: 1 Kg Parcel', 'en'),
	(291, 'Temando: Couriers Please: Satchel 1kg (max weight) satchel required', 'en'),
	(292, 'Temando: Couriers Please: 3Kg Parcel', 'en'),
	(293, 'Temando: Couriers Please: Satchel 3kg (max weight) satchel required', 'en'),
	(294, 'Temando: Couriers Please: 5Kg Parcel', 'en'),
	(295, 'Temando: Couriers Please: Satchel 5kg (max weight) satchel required', 'en'),
	(296, 'Temando: Couriers Please Parcel: Road Service', 'en'),
	(297, 'Temando: Couriers Please Parcel Metro: Road Service', 'en'),
	(298, 'Temando: Direct Couriers: Direct Couriers 1- 2 Hour Service', 'en'),
	(299, 'Temando: Direct Couriers: Direct Couriers 3-4 Hour Service', 'en'),
	(300, 'Temando: Direct Couriers: Direct Couriers ASAP Service', 'en'),
	(301, 'Temando: Direct Couriers (Bulk): Local Delivery (Bulk Break)', 'en'),
	(302, 'Temando: Door 2 Door Car Carrying: General (Road)', 'en'),
	(303, '\nTemando: Door to Door Car Carrying: Road', 'en'),
	(304, 'Temando: Fastway Couriers A5SAT: A5/1Kg-Satchel - SATCHEL REQUIRED: CONTACT US', 'en'),
	(305, 'Temando: Fastway Couriers Adhoc: Metro Parcel/ Carton', 'en'),
	(306, 'Temando: Fastway Couriers Adhoc: Parcel/ Carton (Gr)', 'en'),
	(307, 'Temando: Fastway Couriers Adhoc: Short Haul Parcel/ Carton', 'en'),
	(308, 'Temando: Fastway Couriers Adhoc: Parcel/ Carton (Or)', 'en'),
	(309, 'Temando: Fastway Couriers Adhoc: Medium Haul Parcel/ Carton', 'en'),
	(310, 'Temando: Fastway Couriers Adhoc: Parcel/ Carton (R)', 'en'),
	(311, 'Temando: Fastway Couriers Adhoc: A2/5KG Satchel--SATCHEL REQUIRED: CONTACT US', 'en'),
	(312, 'Temando: Fastway Couriers Adhoc: A3/3KG Satchel--SATCHEL REQUIRED: CONTACT US', 'en'),
	(313, 'Temando: Fastway Couriers Bulk: Metro Parcel/ Carton', 'en'),
	(314, 'Temando: Fastway Couriers Bulk: Depot to Door - Bulk Break', 'en'),
	(315, 'Temando: Fastway Couriers Bulk: Depot to Door - Per Item', 'en'),
	(316, 'Temando: Fastway Couriers Bulk: Depot to Door - Shorthaul', 'en'),
	(317, 'Temando: Followmont Transport: General (Road)', 'en'),
	(318, 'Temando: GoParcel: Express 3 Hour (Same Day Delivery)', 'en'),
	(319, 'Temando: GoParcel (BULK): Express 3 Hour (Same Day Delivery)', 'en'),
	(320, 'Temando: Hunter Express (bulk): Bulk Service - Pre-Scheduled Pick Ups Only!', 'en'),
	(321, 'Temando: Hunter Express.: General (Road)', 'en'),
	(322, 'Temando: Kings Transport Brisbane: 1T Tray/ Roof Racks (250Kg) - 2 Hour Turn Around', 'en'),
	(323, 'Temando: Kings Transport Brisbane: 1 Tonne Couier - 2 Hour Turn Around', 'en'),
	(324, 'Temando: Kings Transport Brisbane: Express Courier - 2 Hr Turn Around', 'en'),
	(325, 'Temando: Kings Transport Brisbane: Express Courier Bike - 1.5 hours Turn Around', 'en'),
	(326, 'Temando: Kings Transport Brisbane: Standard Courier - 4hr Turn Around', 'en'),
	(327, 'Temando: Kings Transport Brisbane: Standard Courier Bike - 4 Hours', 'en'),
	(328, 'Temando: Kings Transport Brisbane: Courier Van/Tray - 2Hour Turn Around', 'en'),
	(329, 'Temando: Kings Transport Brisbane: VIP 1Tonne Courier-Priority Allocatioin, Direct Ru', 'en'),
	(330, 'Temando: Kings Transport Brisbane: 1T Tray/Roof Racks(250Kg)Priority Alloc,Direct Run', 'en'),
	(331, 'Temando: Kings Transport Brisbane: VIP Courier - Priority Allocation, Direct Run', 'en'),
	(332, 'Temando: Kings Transport Brisbane: VIP Courier Bike - Direct Urgent', 'en'),
	(333, 'Temando: Kings Transport Brisbane: VIP Van/Tray - Priority Allocation, Direct Run', 'en'),
	(334, 'Temando: Kings Transport Melbourne - Same Day Service: 1 Tonne Couier - 3 Hour Turn ', 'en'),
	(335, 'Temando: Kings Transport Melbourne - Same Day Service: 1T Tray/ Roof Racks (250Kg) - 3 Hour Turn Around', 'en'),
	(336, 'Temando: Kings Transport Melbourne - Same Day Service: Express Courier - 2 Hr Turn Around', 'en'),
	(337, 'Temando: Kings Transport Melbourne - Same Day Service: Standard Courier -4 hrs (2hrs CBD)', 'en'),
	(338, 'Temando: Kings Transport Melbourne - Same Day Service: Courier Van/Tray - 2Hour Turn Around', 'en'),
	(339, 'Temando: Kings Transport Melbourne - Same Day Service: VIP 1Tonne Courier-Priority Allocatioin, Direct Ru', 'en'),
	(340, 'Temando: Kings Transport Melbourne - Same Day Service: 1T Tray/Roof Racks(250Kg)Priority Alloc,Direct Run', 'en'),
	(341, 'Temando: Kings Transport Melbourne - Same Day Service: VIP Courier - Priority Allocation, Direct Run', 'en'),
	(342, 'Temando: Kings Transport Melbourne - Same Day Service: VIP Van/Tray - Priority Allocation, Direct Run', 'en'),
	(343, 'Temando: Kings Transport Sydney: 1 Tonne Courier -2 Hour Turn around', 'en'),
	(344, 'Temando: Kings Transport Sydney: Standard Courier - 2 hour turn around', 'en'),
	(345, 'Temando: Kings Transport Sydney: Standard Van or Tray - 2 hour turn around', 'en'),
	(346, 'Temando: Kings Transport Sydney: Wagon Van Tray Courier - 2 hour turn around', 'en'),
	(347, 'Temando: Mainfreight: General (Road)', 'en'),
	(348, 'Temando: Neway Transport (NT): Regional 1 Man Tailgate', 'en'),
	(349, 'Temando: Neway Transport (NT): Regional 2 man tailgate', 'en'),
	(350, 'Temando: Neway Transport (NT):  Tailgate Service (2 Men)', 'en'),
	(351, 'Temando: Neway Transport (NT): Tailgate Sensitive (1 Man)', 'en'),
	(352, '\nTemando: SCT Logistics: General Rail Service', 'en'),
	(353, 'Temando: SCT Logistics: General Road Service', 'en'),
	(354, 'Temando: SMB Car Transport: General (Road)', 'en'),
	(355, 'Temando: Startrack: Express Premium (eta metro only)', 'en'),
	(356, 'Temando: Startrack: Express Premium AAE Satchel (eta metro only)', 'en'),
	(357, 'Temando: Startrack ATL: Express Premium (eta metro only) - Auth to Leave', 'en'),
	(358, 'Temando: Startrack ATL: Express Premium Satchel (eta is metro) - ATL', 'en'),
	(359, 'Temando: Startrack Next Flight: Next Flight: Extra Costs Apply for Regional Areas', 'en'),
	(360, 'Temando: Sunexpress Transport Solutions: Urgent Direct Service (Next Availalble Vehicle)', 'en'),
	(361, 'Temando: Sunexpress Transport Solutions: Overnight Service', 'en'),
	(362, 'Temando: Sunexpress Transport Solutions: Same Day Service (allow 5 hrs for delivery)', 'en'),
	(363, 'Temando: Sunexpress Transport Solutions: Same Day Service (allow 3hrs for delivery)', 'en'),
	(364, 'Temando: TNT: Overnight Express (AIR)', 'en'),
	(365, 'Temando: TNT: Delivery Before 9AM Next Day (AIR)', 'en'),
	(366, 'Temando: TNT: Delivery Before 10AM Next Day (AIR)', 'en'),
	(367, 'Temando: TNT: Delivery before Noon Next Day (AIR)', 'en'),
	(368, 'Temando: TNT ATL: Delivery Before 10AM Next Day (AIR)- ATL', 'en'),
	(369, 'Temando: TNT ATL: Delivery before Noon Next Day (AIR) - ATL', 'en'),
	(370, 'Temando: TNT ATL: Delivery Before 9AM Next Day- (AIR) - ATL', 'en'),
	(371, 'Temando: TNT ATL: Overnight Express (AIR) - Auth to Leave (ATL)', 'en'),
	(372, 'Temando: TNT Satchel Only: Delivery Before 10AM Next Day (AIR)', 'en'),
	(373, 'Temando: TNT Satchel Only: Delivery Before 9AM Next Day (AIR)', 'en'),
	(374, 'Temando: TNT Satchel Only: Delivery before Noon Next Day (AIR)', 'en'),
	(375, 'Temando: TNT Satchel Only: Overnight Express (AIR)', 'en'),
	(376, 'Temando: TNT Satchel Only ATL: Delivery Before 10AM Next Day (AIR) ATL', 'en'),
	(377, 'Temando: TNT Satchel Only ATL: Delivery before Noon Next Day (AIR) ATL', 'en'),
	(378, 'Temando: TNT Satchel Only ATL: Delivery Before 9AM Next Day (AIR) ATL', 'en'),
	(379, 'Temando: TNT Satchel Only ATL: Overnight Express (AIR) Authority to Leave (ATL)', 'en'),
	(380, 'Temando: TNT Sensitive: Road Express', 'en'),
	(381, 'Temando: TNT Sensitive: Overnight Express', 'en'),
	(382, 'Temando: TNT Sensitive: Sameday Time Critical Nationwide', 'en'),
	(383, 'Temando: TNT Road: Road Express', 'en');
/*!40000 ALTER TABLE `cscart_shipping_service_descriptions` ENABLE KEYS */;


-- Dumping structure for table installer_skozachuk_cscart421u.cscart_sitemap_links
DROP TABLE IF EXISTS `cscart_sitemap_links`;
CREATE TABLE IF NOT EXISTS `cscart_sitemap_links` (
  `link_id` mediumint(8) unsigned NOT NULL AUTO_INCREMENT,
  `link_href` varchar(255) NOT NULL DEFAULT '',
  `section_id` mediumint(8) unsigned NOT NULL DEFAULT '0',
  `status` char(1) NOT NULL DEFAULT 'A',
  `position` smallint(5) unsigned NOT NULL DEFAULT '0',
  `link_type` varchar(255) NOT NULL DEFAULT '',
  `company_id` int(11) unsigned DEFAULT NULL,
  PRIMARY KEY (`link_id`)
) ENGINE=MyISAM AUTO_INCREMENT=5 DEFAULT CHARSET=utf8;

-- Dumping data for table installer_skozachuk_cscart421u.cscart_sitemap_links: 4 rows
/*!40000 ALTER TABLE `cscart_sitemap_links` DISABLE KEYS */;
INSERT INTO `cscart_sitemap_links` (`link_id`, `link_href`, `section_id`, `status`, `position`, `link_type`, `company_id`) VALUES
	(4, 'profiles.update', 2, 'A', 10, '', 1),
	(1, 'checkout.cart', 2, 'A', 20, '', 1),
	(3, 'checkout.checkout', 2, 'A', 30, '', 1),
	(2, 'wishlist.view', 2, 'A', 40, '', 1);
/*!40000 ALTER TABLE `cscart_sitemap_links` ENABLE KEYS */;


-- Dumping structure for table installer_skozachuk_cscart421u.cscart_sitemap_sections
DROP TABLE IF EXISTS `cscart_sitemap_sections`;
CREATE TABLE IF NOT EXISTS `cscart_sitemap_sections` (
  `section_id` mediumint(8) unsigned NOT NULL AUTO_INCREMENT,
  `status` char(1) NOT NULL DEFAULT 'A',
  `section_type` varchar(255) NOT NULL DEFAULT '1',
  `position` smallint(5) unsigned NOT NULL DEFAULT '0',
  `company_id` int(11) unsigned DEFAULT NULL,
  PRIMARY KEY (`section_id`)
) ENGINE=MyISAM AUTO_INCREMENT=3 DEFAULT CHARSET=utf8;

-- Dumping data for table installer_skozachuk_cscart421u.cscart_sitemap_sections: 1 rows
/*!40000 ALTER TABLE `cscart_sitemap_sections` DISABLE KEYS */;
INSERT INTO `cscart_sitemap_sections` (`section_id`, `status`, `section_type`, `position`, `company_id`) VALUES
	(2, 'A', '1', 10, 1);
/*!40000 ALTER TABLE `cscart_sitemap_sections` ENABLE KEYS */;


-- Dumping structure for table installer_skozachuk_cscart421u.cscart_states
DROP TABLE IF EXISTS `cscart_states`;
CREATE TABLE IF NOT EXISTS `cscart_states` (
  `state_id` mediumint(8) unsigned NOT NULL AUTO_INCREMENT,
  `country_code` varchar(2) NOT NULL DEFAULT '',
  `code` varchar(32) NOT NULL DEFAULT '',
  `status` char(1) NOT NULL DEFAULT 'A',
  PRIMARY KEY (`state_id`),
  UNIQUE KEY `cs` (`country_code`,`code`),
  KEY `code` (`code`),
  KEY `country_code` (`country_code`)
) ENGINE=MyISAM AUTO_INCREMENT=689 DEFAULT CHARSET=utf8;

-- Dumping data for table installer_skozachuk_cscart421u.cscart_states: 598 rows
/*!40000 ALTER TABLE `cscart_states` DISABLE KEYS */;
INSERT INTO `cscart_states` (`state_id`, `country_code`, `code`, `status`) VALUES
	(15, 'US', 'CA', 'A'),
	(13, 'US', 'AR', 'A'),
	(12, 'US', 'AZ', 'A'),
	(11, 'US', 'AK', 'A'),
	(10, 'US', 'AL', 'A'),
	(16, 'US', 'CO', 'A'),
	(17, 'US', 'CT', 'A'),
	(18, 'US', 'DE', 'A'),
	(19, 'US', 'DC', 'A'),
	(20, 'US', 'FL', 'A'),
	(21, 'US', 'GA', 'A'),
	(22, 'US', 'GU', 'A'),
	(23, 'US', 'HI', 'A'),
	(24, 'US', 'ID', 'A'),
	(25, 'US', 'IL', 'A'),
	(26, 'US', 'IN', 'A'),
	(27, 'US', 'IA', 'A'),
	(28, 'US', 'KS', 'A'),
	(29, 'US', 'KY', 'A'),
	(30, 'US', 'LA', 'A'),
	(31, 'US', 'ME', 'A'),
	(32, 'US', 'MD', 'A'),
	(33, 'US', 'MA', 'A'),
	(34, 'US', 'MI', 'A'),
	(35, 'US', 'MN', 'A'),
	(36, 'US', 'MS', 'A'),
	(37, 'US', 'MO', 'A'),
	(38, 'US', 'MT', 'A'),
	(39, 'US', 'NE', 'A'),
	(40, 'US', 'NV', 'A'),
	(41, 'US', 'NH', 'A'),
	(42, 'US', 'NJ', 'A'),
	(43, 'US', 'NM', 'A'),
	(44, 'US', 'NY', 'A'),
	(45, 'US', 'NC', 'A'),
	(46, 'US', 'ND', 'A'),
	(47, 'US', 'OH', 'A'),
	(48, 'US', 'OK', 'A'),
	(49, 'US', 'OR', 'A'),
	(50, 'US', 'PA', 'A'),
	(51, 'US', 'PR', 'A'),
	(52, 'US', 'RI', 'A'),
	(53, 'US', 'SC', 'A'),
	(54, 'US', 'SD', 'A'),
	(55, 'US', 'TN', 'A'),
	(56, 'US', 'TX', 'A'),
	(57, 'US', 'UT', 'A'),
	(58, 'US', 'VT', 'A'),
	(59, 'US', 'VI', 'A'),
	(60, 'US', 'VA', 'A'),
	(61, 'US', 'WA', 'A'),
	(62, 'US', 'WV', 'A'),
	(63, 'US', 'WI', 'A'),
	(64, 'US', 'WY', 'A'),
	(74, 'FR', '01', 'A'),
	(66, 'FR', '02', 'A'),
	(67, 'FR', '03', 'A'),
	(68, 'FR', '04', 'A'),
	(69, 'FR', '06', 'A'),
	(70, 'FR', '07', 'A'),
	(71, 'FR', '08', 'A'),
	(72, 'FR', '09', 'A'),
	(73, 'FR', '10', 'A'),
	(75, 'FR', '11', 'A'),
	(76, 'FR', '12', 'A'),
	(77, 'FR', '13', 'A'),
	(78, 'FR', '14', 'A'),
	(79, 'FR', '15', 'A'),
	(80, 'FR', '16', 'A'),
	(81, 'FR', '17', 'A'),
	(82, 'FR', '18', 'A'),
	(83, 'FR', '19', 'A'),
	(84, 'FR', '2A', 'A'),
	(85, 'FR', '21', 'A'),
	(86, 'FR', '22', 'A'),
	(87, 'FR', '23', 'A'),
	(88, 'FR', '24', 'A'),
	(89, 'FR', '25', 'A'),
	(90, 'FR', '26', 'A'),
	(91, 'FR', '91', 'A'),
	(92, 'FR', '27', 'A'),
	(93, 'FR', '28', 'A'),
	(94, 'FR', '29', 'A'),
	(95, 'FR', '30', 'A'),
	(96, 'FR', '32', 'A'),
	(97, 'FR', '33', 'A'),
	(98, 'FR', '2B', 'A'),
	(99, 'FR', '31', 'A'),
	(100, 'FR', '43', 'A'),
	(101, 'FR', '52', 'A'),
	(102, 'FR', '87', 'A'),
	(103, 'FR', '05', 'A'),
	(104, 'FR', '92', 'A'),
	(105, 'FR', '34', 'A'),
	(106, 'FR', '35', 'A'),
	(107, 'FR', '36', 'A'),
	(108, 'FR', '37', 'A'),
	(109, 'FR', '38', 'A'),
	(110, 'FR', '39', 'A'),
	(111, 'FR', '40', 'A'),
	(112, 'FR', '41', 'A'),
	(113, 'FR', '42', 'A'),
	(114, 'FR', '44', 'A'),
	(115, 'FR', '45', 'A'),
	(116, 'FR', '46', 'A'),
	(117, 'FR', '47', 'A'),
	(118, 'FR', '48', 'A'),
	(119, 'FR', '49', 'A'),
	(120, 'FR', '50', 'A'),
	(121, 'FR', '51', 'A'),
	(122, 'FR', '75', 'A'),
	(123, 'FR', '93', 'A'),
	(124, 'FR', '80', 'A'),
	(125, 'FR', '81', 'A'),
	(126, 'FR', '82', 'A'),
	(127, 'FR', '90', 'A'),
	(128, 'FR', '95', 'A'),
	(129, 'FR', '94', 'A'),
	(130, 'FR', '83', 'A'),
	(131, 'FR', '84', 'A'),
	(132, 'FR', '85', 'A'),
	(133, 'FR', '86', 'A'),
	(134, 'FR', '88', 'A'),
	(135, 'FR', '89', 'A'),
	(136, 'CA', 'AB', 'A'),
	(137, 'CA', 'BC', 'A'),
	(138, 'CA', 'MB', 'A'),
	(139, 'CA', 'NB', 'A'),
	(140, 'CA', 'NL', 'A'),
	(141, 'CA', 'NT', 'A'),
	(142, 'CA', 'NS', 'A'),
	(143, 'CA', 'NU', 'A'),
	(144, 'CA', 'ON', 'A'),
	(145, 'CA', 'PE', 'A'),
	(146, 'CA', 'QC', 'A'),
	(147, 'CA', 'SK', 'A'),
	(148, 'CA', 'YT', 'A'),
	(149, 'AU', 'ACT', 'A'),
	(150, 'AU', 'NSW', 'A'),
	(151, 'AU', 'NT', 'A'),
	(152, 'AU', 'QLD', 'A'),
	(153, 'AU', 'SA', 'A'),
	(154, 'AU', 'TAS', 'A'),
	(155, 'AU', 'VIC', 'A'),
	(156, 'AU', 'WA', 'A'),
	(157, 'NL', 'DR', 'A'),
	(158, 'NL', 'FL', 'A'),
	(159, 'NL', 'FR', 'A'),
	(160, 'NL', 'GE', 'A'),
	(161, 'NL', 'GR', 'A'),
	(162, 'NL', 'LI', 'A'),
	(163, 'NL', 'NB', 'A'),
	(164, 'NL', 'NH', 'A'),
	(165, 'NL', 'OV', 'A'),
	(166, 'NL', 'UT', 'A'),
	(167, 'NL', 'ZE', 'A'),
	(168, 'NL', 'ZH', 'A'),
	(169, 'DE', 'BAW', 'A'),
	(170, 'DE', 'BAY', 'A'),
	(171, 'DE', 'BER', 'A'),
	(172, 'DE', 'BRG', 'A'),
	(173, 'DE', 'BRE', 'A'),
	(174, 'DE', 'HAM', 'A'),
	(175, 'DE', 'HES', 'A'),
	(176, 'DE', 'MEC', 'A'),
	(177, 'DE', 'NDS', 'A'),
	(178, 'DE', 'NRW', 'A'),
	(179, 'DE', 'RHE', 'A'),
	(180, 'DE', 'SAR', 'A'),
	(181, 'DE', 'SAS', 'A'),
	(182, 'DE', 'SAC', 'A'),
	(183, 'DE', 'SCN', 'A'),
	(184, 'DE', 'THE', 'A'),
	(185, 'GB', 'ABN', 'A'),
	(186, 'GB', 'ABNS', 'A'),
	(187, 'GB', 'ANG', 'A'),
	(188, 'GB', 'AGS', 'A'),
	(189, 'GB', 'ARY', 'A'),
	(190, 'GB', 'BEDS', 'A'),
	(191, 'GB', 'BERKS', 'A'),
	(192, 'GB', 'BLA', 'A'),
	(193, 'GB', 'BRI', 'A'),
	(194, 'GB', 'BSTL', 'A'),
	(195, 'GB', 'BUCKS', 'A'),
	(196, 'GB', 'CAE', 'A'),
	(197, 'GB', 'CAMBS', 'A'),
	(198, 'GB', 'CDF', 'A'),
	(199, 'GB', 'CARM', 'A'),
	(200, 'GB', 'CDGN', 'A'),
	(201, 'GB', 'CHES', 'A'),
	(202, 'GB', 'CLACK', 'A'),
	(203, 'GB', 'CON', 'A'),
	(204, 'GB', 'CORN', 'A'),
	(205, 'GB', 'DNBG', 'A'),
	(206, 'GB', 'DERBY', 'A'),
	(207, 'GB', 'DVN', 'A'),
	(208, 'GB', 'DOR', 'A'),
	(209, 'GB', 'DGL', 'A'),
	(210, 'GB', 'DUND', 'A'),
	(211, 'GB', 'DHM', 'A'),
	(212, 'GB', 'ARYE', 'A'),
	(213, 'GB', 'DUNBE', 'A'),
	(214, 'GB', 'LOTE', 'A'),
	(215, 'GB', '\nRENE', 'A'),
	(216, 'GB', 'ERYS', 'A'),
	(217, 'GB', 'SXE', 'A'),
	(218, 'GB', 'EDIN', 'A'),
	(219, 'GB', 'ESX', 'A'),
	(220, 'GB', 'FALK', 'A'),
	(221, 'GB', 'FFE', 'A'),
	(222, 'GB', 'FLINT', 'A'),
	(223, 'GB', 'GLAS', 'A'),
	(224, 'GB', 'GLOS', 'A'),
	(225, 'GB', 'LDN', 'A'),
	(226, 'GB', 'MCH', 'A'),
	(227, 'GB', 'GDD', 'A'),
	(228, 'GB', 'HANTS', 'A'),
	(229, 'GB', 'HWR', 'A'),
	(230, 'GB', 'HERTS', 'A'),
	(231, 'GB', 'HLD', 'A'),
	(232, 'GB', 'IVER', 'A'),
	(233, 'GB', 'IOW', 'A'),
	(234, 'GB', 'KNT', 'A'),
	(235, 'GB', 'LANCS', 'A'),
	(236, 'GB', 'LEICS', 'A'),
	(237, 'GB', 'LINCS', 'A'),
	(238, 'GB', 'MSY', 'A'),
	(239, 'GB', 'MERT', 'A'),
	(240, 'GB', 'MLOT', 'A'),
	(241, 'GB', 'MMOUTH', 'A'),
	(242, 'GB', 'MORAY', 'A'),
	(243, 'GB', 'NPRTAL', 'A'),
	(244, 'GB', 'NEWPT', 'A'),
	(245, 'GB', 'NOR', 'A'),
	(246, 'GB', 'ARYN', 'A'),
	(247, 'GB', 'LANN', 'A'),
	(248, 'GB', 'YSN', 'A'),
	(249, 'GB', 'NHM', 'A'),
	(250, 'GB', 'NLD', 'A'),
	(251, 'GB', 'NOT', 'A'),
	(252, 'GB', 'ORK', 'A'),
	(253, 'GB', 'OFE', 'A'),
	(254, 'GB', 'PEM', 'A'),
	(255, 'GB', 'PERTH', 'A'),
	(256, 'GB', 'PWS', 'A'),
	(257, 'GB', 'REN', 'A'),
	(258, 'GB', 'RHON', 'A'),
	(259, 'GB', 'RUT', 'A'),
	(260, 'GB', 'BOR', 'A'),
	(261, 'GB', 'SHET', 'A'),
	(262, 'GB', 'SPE', 'A'),
	(263, 'GB', 'SOM', 'A'),
	(264, 'GB', 'ARYS', 'A'),
	(265, 'GB', 'LANS', 'A'),
	(266, 'GB', 'YKS', 'A'),
	(267, 'GB', 'SFD', 'A'),
	(268, 'GB', 'STIR', 'A'),
	(269, 'GB', 'SFK', 'A'),
	(270, 'GB', 'SRY', 'A'),
	(271, 'GB', 'SWAN', 'A'),
	(272, 'GB', 'TORF', 'A'),
	(273, 'GB', 'TWR', 'A'),
	(274, 'GB', 'VGLAM', 'A'),
	(275, 'GB', 'WARKS', 'A'),
	(276, 'GB', 'WDUN', 'A'),
	(277, 'GB', 'WLOT', 'A'),
	(278, 'GB', 'WMD', 'A'),
	(279, 'GB', 'SXW', 'A'),
	(280, 'GB', 'YSW', 'A'),
	(281, 'GB', 'WIL', 'A'),
	(282, 'GB', 'WLT', 'A'),
	(283, 'GB', 'WORCS', 'A'),
	(284, 'GB', 'WRX', 'A'),
	(285, 'CH', 'GR', 'A'),
	(286, 'CH', 'BE', 'A'),
	(287, 'CH', 'VS', 'A'),
	(288, 'CH', 'VD', 'A'),
	(289, 'CH', 'TI', 'A'),
	(290, 'CH', 'SG', 'A'),
	(291, 'CH', 'ZH', 'A'),
	(292, 'CH', 'FR', 'A'),
	(293, 'CH', 'LU', 'A'),
	(294, 'CH', 'AG', 'A'),
	(295, 'CH', 'UR', 'A'),
	(296, 'CH', 'TG', 'A'),
	(297, 'CH', 'SZ', 'A'),
	(298, 'CH', 'JU', 'A'),
	(299, 'CH', 'NE', 'A'),
	(300, 'CH', 'SO', 'A'),
	(301, 'CH', 'GL', 'A'),
	(302, 'CH', 'BL', 'A'),
	(303, 'CH', 'OW', 'A'),
	(304, 'CH', 'SH', 'A'),
	(305, 'CH', 'GE', 'A'),
	(306, 'CH', 'NW', 'A'),
	(307, 'CH', 'AR', 'A'),
	(308, 'CH', 'ZG', 'A'),
	(309, 'CH', 'AI', 'A'),
	(310, 'CH', 'BS', 'A'),
	(385, 'IT', 'AG', 'A'),
	(386, 'IT', 'AL', 'A'),
	(387, 'IT', 'AN', 'A'),
	(388, 'IT', 'AO', 'A'),
	(389, 'IT', 'AR', 'A'),
	(390, 'IT', 'AP', 'A'),
	(391, 'IT', 'AT', 'A'),
	(392, 'IT', 'AV', 'A'),
	(393, 'IT', 'BA', 'A'),
	(394, 'IT', 'BL', 'A'),
	(395, 'IT', 'BN', 'A'),
	(396, 'IT', 'BG', 'A'),
	(397, 'IT', 'BI', 'A'),
	(398, 'IT', 'BO', 'A'),
	(399, 'IT', 'BZ', 'A'),
	(400, 'IT', 'BS', 'A'),
	(401, 'IT', 'BR', 'A'),
	(402, 'IT', 'CA', 'A'),
	(403, 'IT', 'CL', 'A'),
	(404, 'IT', 'CB', 'A'),
	(405, 'IT', 'CI', 'A'),
	(406, 'IT', 'CE', 'A'),
	(407, 'IT', 'CT', 'A'),
	(408, 'IT', 'CZ', 'A'),
	(409, 'IT', 'CH', 'A'),
	(410, 'IT', 'CO', 'A'),
	(411, 'IT', 'CS', 'A'),
	(412, 'IT', 'CR', 'A'),
	(413, 'IT', 'KR', 'A'),
	(414, 'IT', 'CN', 'A'),
	(415, 'IT', 'EN', 'A'),
	(416, 'IT', 'FE', 'A'),
	(417, 'IT', 'FI', 'A'),
	(418, 'IT', 'FG', 'A'),
	(419, 'IT', 'FC', 'A'),
	(420, 'IT', 'FR', 'A'),
	(421, 'IT', 'GE', 'A'),
	(422, 'IT', 'GO', 'A'),
	(423, 'IT', 'GR', 'A'),
	(424, 'IT', 'IM', 'A'),
	(425, 'IT', 'IS', 'A'),
	(426, 'IT', 'SP', 'A'),
	(427, 'IT', 'AQ', 'A'),
	(428, 'IT', 'LT', 'A'),
	(429, 'IT', 'LE', 'A'),
	(430, 'IT', 'LC', 'A'),
	(431, 'IT', 'LI', 'A'),
	(432, 'IT', 'LO', 'A'),
	(433, 'IT', 'LU', 'A'),
	(434, 'IT', 'MC', 'A'),
	(435, 'IT', 'MN', 'A'),
	(436, 'IT', 'MS', 'A'),
	(437, 'IT', 'MT', 'A'),
	(438, 'IT', 'ME', 'A'),
	(439, 'IT', 'MI', 'A'),
	(440, 'IT', 'MO', 'A'),
	(441, 'IT', 'NA', 'A'),
	(442, 'IT', 'NO', 'A'),
	(443, 'IT', 'NU', 'A'),
	(444, 'IT', 'OT', 'A'),
	(445, 'IT', 'OR', 'A'),
	(446, 'IT', 'PD', 'A'),
	(447, 'IT', 'PA', 'A'),
	(448, 'IT', 'PR', 'A'),
	(449, 'IT', 'PV', 'A'),
	(450, 'IT', 'PG', 'A'),
	(451, 'IT', 'PU', 'A'),
	(452, 'IT', 'PE', 'A'),
	(453, 'IT', 'PC', 'A'),
	(454, 'IT', 'PI', 'A'),
	(455, 'IT', 'PT', 'A'),
	(456, 'IT', 'PN', 'A'),
	(457, 'IT', 'PZ', 'A'),
	(458, 'IT', 'PO', 'A'),
	(459, 'IT', 'RG', 'A'),
	(460, 'IT', 'RA', 'A'),
	(461, 'IT', 'RC', 'A'),
	(462, 'IT', 'RE', 'A'),
	(463, 'IT', 'RI', 'A'),
	(464, 'IT', 'RN', 'A'),
	(465, 'IT', 'RM', 'A'),
	(466, 'IT', 'RO', 'A'),
	(467, 'IT', 'SA', 'A'),
	(468, 'IT', 'VS', 'A'),
	(469, 'IT', 'SS', 'A'),
	(470, 'IT', 'SV', 'A'),
	(471, 'IT', 'SI', 'A'),
	(472, 'IT', 'SR', 'A'),
	(473, 'IT', 'SO', 'A'),
	(474, 'IT', 'TA', 'A'),
	(475, 'IT', 'TE', 'A'),
	(476, 'IT', 'TR', 'A'),
	(477, 'IT', 'TO', 'A'),
	(478, 'IT', 'OG', 'A'),
	(479, 'IT', 'TP', 'A'),
	(480, 'IT', 'TN', 'A'),
	(481, 'IT', 'TV', 'A'),
	(482, 'IT', 'TS', 'A'),
	(483, 'IT', 'UD', 'A'),
	(484, 'IT', 'VA', 'A'),
	(485, 'IT', 'VE', 'A'),
	(486, 'IT', 'VB', 'A'),
	(487, 'IT', 'VC', 'A'),
	(488, '\nI', 'VR', 'A'),
	(489, 'IT', 'VV', 'A'),
	(490, 'IT', 'VI', 'A'),
	(491, 'IT', 'VT', 'A'),
	(492, 'GB', 'ANT', 'A'),
	(493, 'GB', 'ARM', 'A'),
	(494, 'GB', 'DOW', 'A'),
	(495, 'GB', 'FER', 'A'),
	(496, 'GB', 'LDY', 'A'),
	(497, 'GB', 'TYR', 'A'),
	(498, 'US', 'MP', 'A'),
	(499, 'GB', 'AVN', 'A'),
	(500, 'GB', 'CLV', 'A'),
	(501, 'GB', 'CMA', 'A'),
	(502, 'GB', 'MDX', 'A'),
	(503, 'GB', 'IOS', 'A'),
	(504, 'GB', 'HUM', 'A'),
	(505, 'GB', 'SYK', 'A'),
	(506, 'GB', 'BAN', 'A'),
	(507, 'GB', 'BEW', 'A'),
	(508, 'GB', 'CAI', 'A'),
	(509, 'GB', 'DFS', 'A'),
	(510, 'GB', 'INV', 'A'),
	(511, 'GB', 'KCD', 'A'),
	(512, 'GB', 'NAI', 'A'),
	(513, 'GB', 'PEE', 'A'),
	(514, 'GB', 'ROX', 'A'),
	(515, 'GB', 'SEL', 'A'),
	(516, 'GB', 'STI', 'A'),
	(517, 'GB', 'SUT', 'A'),
	(518, 'GB', 'WIG', 'A'),
	(519, 'GB', 'CWD', 'A'),
	(520, 'GB', 'DFD', 'A'),
	(521, 'GB', 'MER', 'A'),
	(522, 'RU', 'AD', 'A'),
	(523, 'RU', 'AL', 'A'),
	(524, 'RU', 'BA', 'A'),
	(525, 'RU', 'BU', 'A'),
	(526, 'RU', 'DA', 'A'),
	(527, 'RU', 'IN', 'A'),
	(528, 'RU', 'KB', 'A'),
	(529, 'RU', 'KL', 'A'),
	(530, 'RU', 'KC', 'A'),
	(531, 'RU', 'KR', 'A'),
	(532, 'RU', 'KO', 'A'),
	(533, 'RU', 'ME', 'A'),
	(534, 'RU', 'MO', 'A'),
	(535, 'RU', 'SA', 'A'),
	(536, 'RU', 'SE', 'A'),
	(537, 'RU', 'TA', 'A'),
	(538, 'RU', 'TY', 'A'),
	(539, 'RU', 'UD', 'A'),
	(540, 'RU', 'KK', 'A'),
	(541, 'RU', 'CE', 'A'),
	(542, 'RU', 'CU', 'A'),
	(543, 'RU', 'ALT', 'A'),
	(544, 'RU', 'KDA', 'A'),
	(545, 'RU', 'KIA', 'A'),
	(546, 'RU', 'PER', 'A'),
	(547, 'RU', 'PRI', 'A'),
	(548, 'RU', 'STA', 'A'),
	(549, 'RU', 'KHA', 'A'),
	(550, 'RU', 'AMU', 'A'),
	(551, 'RU', 'ARK', 'A'),
	(552, 'RU', 'AST', 'A'),
	(553, 'RU', 'BEL', 'A'),
	(554, 'RU', 'BRY', 'A'),
	(555, 'RU', 'VLA', 'A'),
	(556, 'RU', 'VGG', 'A'),
	(557, 'RU', 'VLG', 'A'),
	(558, 'RU', 'VOR', 'A'),
	(559, 'RU', 'IVA', 'A'),
	(560, 'RU', 'IRK', 'A'),
	(561, 'RU', 'KGD', 'A'),
	(562, 'RU', 'KLU', 'A'),
	(564, 'RU', 'KEM', 'A'),
	(565, 'RU', 'KIR', 'A'),
	(566, 'RU', 'KOS', 'A'),
	(567, 'RU', 'KGN', 'A'),
	(568, 'RU', 'KRS', 'A'),
	(569, 'RU', 'LEN', 'A'),
	(570, 'RU', 'LIP', 'A'),
	(571, 'RU', 'MAG', 'A'),
	(572, 'RU', 'MOS', 'A'),
	(573, 'RU', 'MUR', 'A'),
	(574, 'RU', 'NIZ', 'A'),
	(575, 'RU', 'NGR', 'A'),
	(576, 'RU', 'NVS', 'A'),
	(577, 'RU', 'OMS', 'A'),
	(578, 'RU', 'ORE', 'A'),
	(579, 'RU', 'ORL', 'A'),
	(580, 'RU', 'PNZ', 'A'),
	(581, 'RU', 'PSK', 'A'),
	(582, 'RU', 'ROS', 'A'),
	(583, 'RU', 'RYA', 'A'),
	(584, 'RU', 'SAM', 'A'),
	(585, 'RU', 'SAR', 'A'),
	(586, 'RU', 'SAK', 'A'),
	(587, 'RU', 'SVE', 'A'),
	(588, 'RU', 'SMO', 'A'),
	(589, 'RU', 'TAM', 'A'),
	(590, 'RU', 'TVE', 'A'),
	(591, 'RU', 'TOM', 'A'),
	(592, 'RU', 'TUL', 'A'),
	(593, 'RU', 'TYU', 'A'),
	(594, 'RU', 'ULY', 'A'),
	(595, 'RU', 'CHE', 'A'),
	(597, 'RU', 'YAR', 'A'),
	(598, 'RU', 'MOW', 'A'),
	(599, 'RU', 'SPE', 'A'),
	(600, 'RU', 'YEV', 'A'),
	(603, 'RU', 'NEN', 'A'),
	(605, 'RU', 'KHM', 'A'),
	(606, 'RU', 'CHU', 'A'),
	(607, 'RU', 'YAN', 'A'),
	(608, 'RU', 'ZAB', 'A'),
	(609, 'RU', 'KAM', 'A'),
	(610, 'FR', '53', 'A'),
	(611, 'FR', '54', 'A'),
	(612, 'FR', '55', 'A'),
	(613, 'FR', '56', 'A'),
	(614, 'FR', '57', 'A'),
	(615, 'FR', '58', 'A'),
	(616, 'FR', '59', 'A'),
	(617, 'FR', '60', 'A'),
	(618, 'FR', '61', 'A'),
	(619, 'FR', '62', 'A'),
	(620, 'FR', '63', 'A'),
	(621, 'FR', '64', 'A'),
	(622, 'FR', '65', 'A'),
	(623, 'FR', '66', 'A'),
	(624, 'FR', '67', 'A'),
	(625, 'FR', '68', 'A'),
	(626, 'FR', '69', 'A'),
	(627, 'FR', '70', 'A'),
	(628, 'FR', '71', 'A'),
	(629, 'FR', '72', 'A'),
	(630, 'FR', '73', 'A'),
	(631, 'FR', '74', 'A'),
	(632, 'FR', '76', 'A'),
	(633, 'FR', '77', 'A'),
	(634, 'FR', '78', 'A'),
	(635, 'FR', '79', 'A'),
	(636, 'ES', 'C', 'A'),
	(637, 'ES', 'VI', 'A'),
	(638, 'ES', 'AB', 'A'),
	(639, 'ES', 'A', 'A'),
	(640, 'ES', 'AL', 'A'),
	(641, 'ES', 'O', 'A'),
	(642, 'ES', 'AV', 'A'),
	(643, 'ES', 'BA', 'A'),
	(644, 'ES', 'PM', 'A'),
	(645, 'ES', 'B', 'A'),
	(646, 'ES', 'BU', 'A'),
	(647, 'ES', 'CC', 'A'),
	(648, 'ES', 'CA', 'A'),
	(649, 'ES', 'S', 'A'),
	(650, 'ES', 'CS', 'A'),
	(651, 'ES', 'CE', 'A'),
	(652, 'ES', 'CR', 'A'),
	(653, 'ES', 'CO', 'A'),
	(654, 'ES', 'CU', 'A'),
	(655, 'ES', 'GI', 'A'),
	(656, 'ES', 'GR', 'A'),
	(657, 'ES', 'GU', 'A'),
	(658, 'ES', 'SS', 'A'),
	(659, 'ES', 'H', 'A'),
	(660, 'ES', 'HU', 'A'),
	(661, 'ES', 'J', 'A'),
	(662, 'ES', 'LO', 'A'),
	(663, 'ES', 'GC', 'A'),
	(664, 'ES', 'LE', 'A'),
	(665, 'ES', 'L', 'A'),
	(666, 'ES', 'LU', 'A'),
	(667, 'ES', 'M', 'A'),
	(668, 'ES', 'MA', 'A'),
	(669, 'ES', 'ML', 'A'),
	(670, 'ES', 'MU', 'A'),
	(671, 'ES', 'NA', 'A'),
	(672, 'ES', 'OR', 'A'),
	(673, 'ES', 'P', 'A'),
	(674, 'ES', 'PO', 'A'),
	(675, 'ES', 'SA', 'A'),
	(676, 'ES', 'TF', 'A'),
	(677, 'ES', 'SG', 'A'),
	(678, 'ES', 'SE', 'A'),
	(679, 'ES', 'SO', 'A'),
	(680, 'ES', 'T', 'A'),
	(681, 'ES', 'TE', 'A'),
	(682, 'ES', 'TO', 'A'),
	(683, 'ES', 'V', 'A'),
	(684, 'ES', 'VA', 'A'),
	(685, 'ES', 'BI', 'A'),
	(686, 'ES', 'ZA', 'A'),
	(687, 'ES', 'Z', 'A'),
	(688, 'BG', 'SF', 'A');
/*!40000 ALTER TABLE `cscart_states` ENABLE KEYS */;


-- Dumping structure for table installer_skozachuk_cscart421u.cscart_state_descriptions
DROP TABLE IF EXISTS `cscart_state_descriptions`;
CREATE TABLE IF NOT EXISTS `cscart_state_descriptions` (
  `state_id` mediumint(8) unsigned NOT NULL DEFAULT '0',
  `lang_code` char(2) NOT NULL DEFAULT '',
  `state` varchar(255) NOT NULL DEFAULT '',
  PRIMARY KEY (`state_id`,`lang_code`)
) ENGINE=MyISAM DEFAULT CHARSET=utf8;

-- Dumping data for table installer_skozachuk_cscart421u.cscart_state_descriptions: 598 rows
/*!40000 ALTER TABLE `cscart_state_descriptions` DISABLE KEYS */;
INSERT INTO `cscart_state_descriptions` (`state_id`, `lang_code`, `state`) VALUES
	(13, 'en', 'Arkansas'),
	(12, 'en', 'Arizona'),
	(11, 'en', 'Alaska'),
	(10, 'en', 'Alabama'),
	(15, 'en', 'California'),
	(16, 'en', 'Colorado'),
	(17, 'en', 'Connecticut'),
	(18, 'en', 'Delaware'),
	(19, 'en', 'District of Columbia'),
	(20, 'en', 'Florida'),
	(21, 'en', 'Georgia'),
	(22, 'en', 'Guam'),
	(23, 'en', 'Hawaii'),
	(24, 'en', 'Idaho'),
	(25, 'en', 'Illinois'),
	(26, 'en', 'Indiana'),
	(27, 'en', 'Iowa'),
	(28, 'en', 'Kansas'),
	(29, 'en', 'Kentucky'),
	(30, 'en', 'Louisiana'),
	(31, 'en', 'Maine'),
	(32, 'en', 'Maryland'),
	(33, 'en', 'Massachusetts'),
	(34, 'en', 'Michigan'),
	(35, 'en', 'Minnesota'),
	(36, 'en', 'Mississippi'),
	(37, 'en', 'Missouri'),
	(38, 'en', 'Montana'),
	(39, 'en', 'Nebraska'),
	(40, 'en', 'Nevada'),
	(41, 'en', 'New Hampshire'),
	(42, 'en', 'New Jersey'),
	(43, 'en', 'New Mexico'),
	(44, 'en', 'New York'),
	(45, 'en', 'North Carolina'),
	(46, 'en', 'North Dakota'),
	(47, 'en', 'Ohio'),
	(48, 'en', 'Oklahoma'),
	(49, 'en', 'Oregon'),
	(50, 'en', 'Pennsylvania'),
	(51, 'en', 'Puerto Rico'),
	(52, 'en', 'Rhode Island'),
	(53, 'en', 'South Carolina'),
	(54, 'en', 'South Dakota'),
	(55, 'en', 'Tennessee'),
	(56, 'en', 'Texas'),
	(57, 'en', 'Utah'),
	(58, 'en', 'Vermont'),
	(59, 'en', 'Virgin Islands'),
	(60, 'en', 'Virginia'),
	(61, 'en', 'Washington'),
	(62, 'en', 'West Virginia'),
	(63, 'en', 'Wisconsin'),
	(64, 'en', 'Wyoming'),
	(74, 'en', 'Ain'),
	(66, 'en', 'Aisne'),
	(67, 'en', 'Allier'),
	(68, 'en', 'Alpes-de-Haute-Provence'),
	(69, 'en', 'Alpes-Maritimes'),
	(70, 'en', 'Ardèche'),
	(71, 'en', 'Ardennes'),
	(72, 'en', 'Ariège'),
	(73, 'en', 'Aube'),
	(75, 'en', 'Aude'),
	(76, 'en', 'Aveyron'),
	(77, 'en', 'Bouches-du-Rhône'),
	(78, 'en', 'Calvados'),
	(79, 'en', 'Cantal'),
	(80, 'en', 'Charente'),
	(81, 'en', 'Charente-Maritime'),
	(82, 'en', 'Cher'),
	(83, 'en', 'Corrèze'),
	(84, 'en', 'Corse-du-Sud'),
	(85, 'en', 'Côte-d\'Or'),
	(86, 'en', 'Côtes-d\'Armor'),
	(87, 'en', 'Creuse'),
	(88, 'en', 'Dordogne'),
	(89, 'en', 'Doubs'),
	(90, 'en', 'Drôme'),
	(91, 'en', 'Essonne'),
	(92, 'en', 'Eure'),
	(93, 'en', 'Eure-et-Loir'),
	(94, 'en', 'Finistère'),
	(95, 'en', 'Gard'),
	(96, 'en', 'Gers'),
	(97, 'en', 'Gironde'),
	(98, 'en', 'Haute-Corse'),
	(99, 'en', 'Haute-Garonne'),
	(100, 'en', 'Haute-Loire'),
	(101, 'en', 'Haute-Marne'),
	(102, 'en', 'Haute-Vienne'),
	(103, 'en', 'Hautes-Alpes'),
	(104, 'en', 'Hauts-de-Seine'),
	(105, 'en', 'Hérault'),
	(106, 'en', 'Ille-et-Vilaine'),
	(107, 'en', 'Indre'),
	(108, 'en', 'Indre-et-Loire'),
	(109, 'en', 'Isère'),
	(110, 'en', 'Jura'),
	(111, 'en', 'Landes'),
	(112, 'en', 'Loir-et-Cher'),
	(113, 'en', 'Loire'),
	(114, 'en', 'Loire-Atlantique'),
	(115, 'en', 'Loiret'),
	(116, 'en', 'Lot'),
	(117, 'en', 'Lot-et-Garonne'),
	(118, 'en', 'Lozère'),
	(119, 'en', 'Maine-et-Loire'),
	(120, 'en', 'Manche'),
	(121, 'en', 'Marne'),
	(122, 'en', 'Paris'),
	(123, 'en', 'Seine-Saint-Denis'),
	(124, 'en', 'Somme'),
	(125, 'en', 'Tarn'),
	(126, 'en', 'Tarn-et-Garonne'),
	(127, 'en', 'Territoire de Belfort'),
	(128, 'en', 'Val-d\'Oise'),
	(129, 'en', 'Val-de-Marne'),
	(130, 'en', 'Var'),
	(131, 'en', 'Vaucluse'),
	(132, 'en', 'Vendée'),
	(133, 'en', 'Vienne'),
	(134, 'en', 'Vosges'),
	(135, 'en', 'Yonne'),
	(136, 'en', 'Alberta'),
	(137, 'en', 'British Columbia'),
	(138, 'en', 'Manitoba'),
	(139, 'en', 'New Brunswick'),
	(140, 'en', 'Newfoundland and Labrador'),
	(141, 'en', 'Northwest Territories'),
	(142, 'en', 'Nova Scotia'),
	(143, 'en', 'Nunavut'),
	(144, 'en', 'Ontario'),
	(145, 'en', 'Prince Edward Island'),
	(146, 'en', 'Quebec'),
	(147, 'en', 'Saskatchewan'),
	(148, 'en', 'Yukon'),
	(149, 'en', 'Australian Capital Territory'),
	(150, 'en', 'New South Wales'),
	(151, 'en', 'Northern Territory'),
	(152, 'en', 'Queensland'),
	(153, 'en', 'South Australia'),
	(154, 'en', 'Tasmania'),
	(155, 'en', 'Victoria'),
	(156, 'en', 'Western Australia'),
	(157, 'en', 'Drenthe'),
	(158, 'en', 'Flevoland'),
	(159, 'en', 'Friesland'),
	(160, 'en', 'Gelderland'),
	(161, 'en', 'Groningen'),
	(162, 'en', 'Limburg'),
	(163, 'en', 'Noord Brabant'),
	(164, 'en', 'Noord Holland'),
	(165, 'en', 'Overijssel'),
	(166, 'en', 'Utrecht'),
	(167, 'en', 'Zeeland'),
	(168, 'en', 'Zuid Holland'),
	(169, 'en', 'Baden-Württemberg'),
	(170, 'en', 'Bayern'),
	(171, 'en', 'Berlin'),
	(172, 'en', 'Branderburg'),
	(173, 'en', 'Bremen'),
	(174, 'en', 'Hamburg'),
	(175, 'en', 'Hessen'),
	(176, 'en', 'Mecklenburg-Vorpommern'),
	(177, 'en', 'Niedersachsen'),
	(178, 'en', 'Nordrhein-Westfalen'),
	(179, 'en', 'Rheinland-Pfalz'),
	(180, 'en', 'Saarland'),
	(181, 'en', 'Sachsen'),
	(182, 'en', 'Sachsen-Anhalt'),
	(183, 'en', 'Schleswig-Holstein'),
	(184, 'en', 'Thüringen'),
	(185, 'en', 'Aberdeen'),
	(186, 'en', 'Aberdeenshire'),
	(187, 'en', 'Anglesey'),
	(188, 'en', 'Angus'),
	(189, 'en', 'Argyll and Bute'),
	(190, 'en', 'Bedfordshire'),
	(191, 'en', 'Berkshire'),
	(192, 'en', 'Blaenau Gwent'),
	(193, 'en', 'Bridgend'),
	(194, 'en', 'Bristol'),
	(195, 'en', 'Buckinghamshire'),
	(196, 'en', 'Caerphilly'),
	(197, 'en', 'Cambridgeshire'),
	(198, 'en', 'Cardiff'),
	(199, 'en', 'Carmarthenshire'),
	(200, 'en', 'Ceredigion'),
	(201, 'en', 'Cheshire'),
	(202, 'en', 'Clackmannanshire'),
	(203, 'en', 'Conwy'),
	(204, 'en', 'Cornwall'),
	(205, 'en', 'Denbighshire'),
	(206, 'en', 'Derbyshire'),
	(207, 'en', 'Devon'),
	(208, 'en', 'Dorset'),
	(209, 'en', 'Dumfries and Galloway'),
	(210, 'en', 'Dundee'),
	(211, 'en', 'Durham'),
	(212, 'en', 'East Ayrshire'),
	(213, 'en', 'East Dunbartonshire'),
	(214, 'en', 'East Lothian'),
	(215, 'en', 'East Renfrewshire'),
	(216, 'en', 'East Riding of Yorkshire'),
	(217, 'en', 'East Sussex'),
	(218, 'en', 'Edinburgh'),
	(219, 'en', 'Essex'),
	(220, 'en', 'Falkirk'),
	(221, 'en', 'Fife'),
	(222, 'en', 'Flintshire'),
	(223, 'en', 'Glasgow'),
	(224, 'en', 'Gloucestershire'),
	(225, 'en', 'Greater London'),
	(226, 'en', 'Greater Manchester'),
	(227, 'en', 'Gwynedd'),
	(228, 'en', 'Hampshire'),
	(229, 'en', 'Herefordshire'),
	(230, 'en', 'Hertfordshire'),
	(231, 'en', 'Highlands'),
	(232, 'en', 'Inverclyde'),
	(233, 'en', 'Isle of Wight'),
	(234, 'en', 'Kent'),
	(235, 'en', 'Lancashire'),
	(236, 'en', 'Leicestershire'),
	(237, 'en', 'Lincolnshire'),
	(238, 'en', 'Merseyside'),
	(239, 'en', 'Merthyr Tydfil'),
	(240, 'en', 'Midlothian'),
	(241, 'en', 'Monmouthshire'),
	(242, 'en', 'Moray'),
	(243, 'en', 'Neath Port Talbot'),
	(244, 'en', 'Newport'),
	(245, 'en', 'Norfolk'),
	(246, 'en', 'North Ayrshire'),
	(247, 'en', 'North Lanarkshire'),
	(248, 'en', 'North Yorkshire'),
	(249, 'en', 'Northamptonshire'),
	(250, 'en', 'Northumberland'),
	(251, 'en', 'Nottinghamshire'),
	(252, 'en', 'Orkney Islands'),
	(253, 'en', 'Oxfordshire'),
	(254, 'en', 'Pembrokeshire'),
	(255, 'en', 'Perth and Kinross'),
	(256, 'en', 'Powys'),
	(257, 'en', 'Renfrewshire'),
	(258, 'en', 'Rhondda Cynon Taff'),
	(259, 'en', 'Rutland'),
	(260, 'en', 'Scottish Borders'),
	(261, 'en', 'Shetland Islands'),
	(262, 'en', 'Shropshire'),
	(263, 'en', 'Somerset'),
	(264, 'en', 'South Ayrshire'),
	(265, 'en', 'South Lanarkshire'),
	(266, 'en', 'Yorkshire'),
	(267, 'en', 'Staffordshire'),
	(268, 'en', 'Stirling'),
	(269, 'en', 'Suffolk'),
	(270, 'en', 'Surrey'),
	(271, 'en', 'Swansea'),
	(272, 'en', 'Torfaen'),
	(273, 'en', 'Tyne and Wear'),
	(274, 'en', 'Vale of Glamorgan'),
	(275, 'en', 'Warwickshire'),
	(276, 'en', 'West Dunbartonshire'),
	(277, 'en', 'West Lothian'),
	(278, 'en', 'West Midlands'),
	(279, 'en', 'West Sussex'),
	(280, 'en', 'West Yorkshire'),
	(281, 'en', 'Western Isles'),
	(282, 'en', 'Wiltshire'),
	(283, 'en', 'Worcestershire'),
	(284, 'en', 'Wrexham'),
	(285, 'en', 'Grisons'),
	(286, 'en', 'Berne'),
	(287, 'en', 'Valais'),
	(288, 'en', 'Vaud'),
	(289, 'en', 'Tessin'),
	(290, 'en', 'Saint-Gall'),
	(291, 'en', 'Zurich'),
	(292, 'en', 'Fribourg'),
	(293, 'en', 'Lucerne'),
	(294, 'en', 'Argovie'),
	(295, 'en', 'Uri'),
	(296, 'en', 'Thurgovie'),
	(297, 'en', 'Schwytz'),
	(298, 'en', 'Jura'),
	(299, 'en', 'Neuchâtel'),
	(300, 'en', 'Soleure'),
	(301, 'en', 'Glaris'),
	(302, 'en', 'Bâle-Campagne'),
	(303, 'en', 'Obwald'),
	(304, 'en', 'Schaffhouse'),
	(305, 'en', 'Genève'),
	(306, 'en', 'Nidwald'),
	(307, 'en', 'Appenzell Rhodes-Extérieures'),
	(308, 'en', 'Zoug'),
	(309, 'en', 'Appenzell Rhodes-Intérieures'),
	(310, 'en', 'Bâle-Ville'),
	(385, 'en', 'Agrigento'),
	(386, 'en', 'Alessandria'),
	(387, 'en', 'Ancona'),
	(388, 'en', 'Aosta'),
	(389, 'en', 'Arezzo'),
	(390, 'en', 'Ascoli Piceno'),
	(391, 'en', 'Asti'),
	(392, 'en', 'Avellino'),
	(393, 'en', 'Bari'),
	(394, 'en', 'Belluno'),
	(395, 'en', 'Benevento'),
	(396, 'en', 'Bergamo'),
	(397, 'en', 'Biella'),
	(398, 'en', 'Bologna'),
	(399, 'en', 'Bolzano'),
	(400, 'en', 'Brescia'),
	(401, 'en', 'Brindisi'),
	(402, 'en', 'Cagliari'),
	(403, 'en', 'Caltanissetta'),
	(404, 'en', 'Campobasso'),
	(405, 'en', 'Carbonia-Iglesias'),
	(406, 'en', 'Caserta'),
	(407, 'en', 'Catania'),
	(408, 'en', 'Catanzaro'),
	(409, 'en', 'Chieti'),
	(410, 'en', 'Como'),
	(411, 'en', 'Cosenza'),
	(412, 'en', 'Cremona'),
	(413, 'en', 'Crotone'),
	(414, 'en', 'Cuneo'),
	(415, 'en', 'Enna'),
	(416, 'en', 'Ferrara'),
	(417, 'en', 'Firenze'),
	(418, 'en', 'Foggia'),
	(419, 'en', 'Forli-Cesena'),
	(420, 'en', 'Frosinone'),
	(421, 'en', 'Genova'),
	(422, 'en', 'Gorizia'),
	(423, 'en', 'Grosseto'),
	(424, 'en', 'Imperia'),
	(425, 'en', 'Isernia'),
	(426, 'en', 'La Spezia'),
	(427, 'en', 'L\'Aquila'),
	(428, 'en', 'Latina'),
	(429, 'en', 'Lecce'),
	(430, 'en', 'Lecco'),
	(431, 'en', 'Livorno'),
	(432, 'en', 'Lodi'),
	(433, 'en', 'Lucca'),
	(434, 'en', 'Macerata'),
	(435, 'en', 'Mantova'),
	(436, 'en', 'Massa-Carrara'),
	(437, 'en', 'Matera'),
	(438, 'en', 'Messina'),
	(439, 'en', 'Milano'),
	(440, 'en', 'Modena'),
	(441, 'en', 'Napoli'),
	(442, 'en', 'Novara'),
	(443, 'en', 'Nuoro'),
	(444, 'en', 'Olbia-Tempio'),
	(445, 'en', 'Oristano'),
	(446, 'en', 'Padova'),
	(447, 'en', 'Palermo'),
	(448, 'en', 'Parma'),
	(449, 'en', 'Pavia'),
	(450, 'en', 'Perugia'),
	(451, 'en', 'Pesaro e Urbino'),
	(452, 'en', 'Pescara'),
	(453, 'en', 'Piacenza'),
	(454, 'en', 'Pisa'),
	(455, 'en', 'Pistoia'),
	(456, 'en', 'Pordenone'),
	(457, 'en', 'Potenza'),
	(458, 'en', 'Prato'),
	(459, 'en', 'Ragusa'),
	(460, 'en', 'Ravenna'),
	(461, 'en', 'Reggio Calabria'),
	(462, 'en', 'Reggio Emilia'),
	(463, 'en', 'Rieti'),
	(464, 'en', 'Rimini'),
	(465, 'en', 'Roma'),
	(466, 'en', 'Rovigo'),
	(467, 'en', 'Salerno'),
	(468, 'en', 'Medio Campidano'),
	(469, 'en', 'Sassari'),
	(470, 'en', 'Savona'),
	(471, 'en', 'Siena'),
	(472, 'en', 'Siracusa'),
	(473, 'en', 'Sondrio'),
	(474, 'en', 'Taranto'),
	(475, 'en', 'Teramo'),
	(476, 'en', 'Terni'),
	(477, 'en', 'Torino'),
	(478, 'en', 'Ogliastra'),
	(479, 'en', 'Trapani'),
	(480, 'en', 'Trento'),
	(481, 'en', 'Treviso'),
	(482, 'en', 'Trieste'),
	(483, 'en', 'Udine'),
	(484, 'en', 'Varese'),
	(485, 'en', 'Venezia'),
	(486, 'en', 'Verbano-Cusio-Ossola'),
	(487, 'en', 'Vercelli'),
	(488, 'en', 'Verona'),
	(489, 'en', 'Vibo Valentia'),
	(490, 'en', 'Vicenza'),
	(491, 'en', 'Viterbo'),
	(492, 'en', 'County Antrim'),
	(493, 'en', 'County Armagh'),
	(494, 'en', 'County Down'),
	(495, 'en', 'County Fermanagh'),
	(496, 'en', 'County Londonderry'),
	(497, 'en', 'County Tyrone'),
	(498, 'en', 'Northern Mariana Islands'),
	(499, 'en', 'Avon'),
	(500, 'en', 'Cleveland'),
	(501, 'en', 'Cumbria'),
	(502, 'en', 'Middlesex'),
	(503, 'en', 'Isles of Scilly'),
	(504, 'en', 'Humberside'),
	(505, 'en', 'South Yorkshire'),
	(506, 'en', 'Banffshire'),
	(507, 'en', 'Berwickshire'),
	(508, 'en', 'Caithness'),
	(509, 'en', 'Dumfries-shire'),
	(510, 'en', 'Inverness-shire'),
	(511, 'en', 'Kincardineshire'),
	(512, 'en', 'Nairnshire'),
	(513, 'en', 'Peebles-shire'),
	(514, 'en', 'Roxburghshire'),
	(515, 'en', 'Selkirkshire'),
	(516, 'en', 'Stirlingshire'),
	(517, 'en', 'Sutherland'),
	(518, 'en', 'Wigtownshire'),
	(519, 'en', 'Clwyd'),
	(520, 'en', 'Dyfed'),
	(521, 'en', 'Merionethshire'),
	(522, 'en', 'Respublika Adygeja'),
	(523, 'en', 'Respublika Altaj'),
	(524, 'en', 'Respublika Bashkortostan'),
	(525, 'en', 'Respublika Burjatija'),
	(526, 'en', 'Respublika Dagestan'),
	(527, 'en', 'Respublika Ingushetija'),
	(528, 'en', 'Kabardino-Balkarskaja Respublika'),
	(529, 'en', 'Respublika Kalmykija'),
	(530, 'en', 'Karachaevo-Cherkesskaja respublika'),
	(531, 'en', 'Respublika Karelija'),
	(532, 'en', 'Respublika Komi'),
	(533, 'en', 'Respublika Marij Jel'),
	(534, 'en', 'Respublika Mordovija'),
	(535, 'en', 'Respublika Saha (Jakutija)'),
	(536, 'en', 'Respublika Severnaja Osetija-Alanija'),
	(537, 'en', 'Respublika Tatarstan'),
	(538, 'en', 'Respublika Tyva'),
	(539, 'en', 'Udmurtskaja Respublika'),
	(540, 'en', 'Respublika Hakasija'),
	(541, 'en', 'Chechenskaja respublika'),
	(542, 'en', 'Chuvashskaja Respublika'),
	(543, 'en', 'Altajskij kraj'),
	(544, 'en', 'Krasnodarskij kraj'),
	(545, 'en', 'Krasnojarskij kraj'),
	(546, 'en', 'Permskij kraj'),
	(547, 'en', 'Primorskij kraj'),
	(548, 'en', 'Stavropol\'skij kraj'),
	(549, 'en', 'Habarovskij kraj'),
	(550, 'en', 'Amurskaja oblast\''),
	(551, 'en', 'Arhangel\'skaja oblast\''),
	(552, 'en', 'Astrahanskaja oblast\''),
	(553, 'en', 'Belgorodskaja oblast\''),
	(554, 'en', 'Brjanskaja oblast\''),
	(555, 'en', 'Vladimirskaja oblast\''),
	(556, 'en', 'Volgogradskaja oblast\''),
	(557, 'en', 'Vologodskaja oblast\''),
	(558, 'en', 'Voronezhskaja oblast\''),
	(559, 'en', 'Ivanovskaja oblast\''),
	(560, 'en', 'Irkutskaja oblast\''),
	(561, 'en', 'Kaliningradskaja oblast\''),
	(562, 'en', 'Kaluzhskaja oblast\''),
	(564, 'en', 'Kemerovskaja oblast\''),
	(565, 'en', 'Kirovskaja oblast\''),
	(566, 'en', 'Kostromskaja oblast\''),
	(567, 'en', 'Kurganskaja oblast\''),
	(568, 'en', 'Kurskaja oblast\''),
	(569, 'en', 'Leningradskaja oblast\''),
	(570, 'en', 'Lipeckaja oblast\''),
	(571, 'en', 'Magadanskaja oblast\''),
	(572, 'en', 'Moskovskaja oblast\''),
	(573, 'en', 'Murmanskaja oblast\''),
	(574, 'en', 'Nizhegorodskaja oblast\''),
	(575, 'en', 'Novgorodskaja oblast\''),
	(576, 'en', 'Novosibirskaja oblast\''),
	(577, 'en', 'Omskaja oblast\''),
	(578, 'en', 'Orenburgskaja oblast\''),
	(579, 'en', 'Orlovskaja oblast\''),
	(580, 'en', 'Penzenskaja oblast\''),
	(581, 'en', 'Pskovskaja oblast\''),
	(582, 'en', 'Rostovskaja oblast\''),
	(583, 'en', 'Rjazanskaja oblast\''),
	(584, 'en', 'Samarskaja oblast\''),
	(585, 'en', 'Saratovskaja oblast\''),
	(586, 'en', 'Sahalinskaja oblast\''),
	(587, 'en', 'Sverdlovskaja oblast\''),
	(588, 'en', 'Smolenskaja oblast\''),
	(589, 'en', 'Tambovskaja oblast\''),
	(590, 'en', 'Tverskaja oblast\''),
	(591, 'en', 'Tomskaja oblast\''),
	(592, 'en', 'Tul\'skaja oblast\''),
	(593, 'en', 'Tjumenskaja oblast\''),
	(594, 'en', 'Ul\'janovskaja oblast\''),
	(595, 'en', 'Cheljabinskaja oblast\''),
	(597, 'en', 'Jaroslavskaja oblast\''),
	(598, 'en', 'Moskva'),
	(599, 'en', 'Sankt-Peterburg'),
	(600, 'en', 'Evrejskaja avtonomnaja oblast\''),
	(603, 'en', 'Neneckij avtonomnyj okrug'),
	(605, 'en', 'Hanty-Mansijskij avtonomnyj okrug - Jugra'),
	(606, 'en', 'Chukotskij avtonomnyj okrug'),
	(607, 'en', 'Jamalo-Neneckij avtonomnyj okrug'),
	(608, 'en', 'Zabaykal\'skiy kraj'),
	(609, 'en', 'Kamchatskiy kraj'),
	(610, 'en', 'Mayenne'),
	(611, 'en', 'Meurthe-et-Moselle'),
	(612, 'en', 'Meuse'),
	(613, 'en', 'Morbihan'),
	(614, 'en', 'Moselle'),
	(615, 'en', 'Nièvre'),
	(616, 'en', 'Nord'),
	(617, 'en', 'Oise'),
	(618, 'en', 'Orne'),
	(619, 'en', 'Pas-de-Calais'),
	(620, 'en', 'Puy-de-Dôme'),
	(621, 'en', 'Pyrénées-Atlantiques'),
	(622, 'en', 'Hautes-Pyrénées'),
	(623, 'en', 'Pyrénées-Orientales'),
	(624, 'en', 'Bas-Rhin'),
	(625, 'en', 'Haut-Rhin'),
	(626, 'en', 'Rhône'),
	(627, 'en', 'Haute-Saône'),
	(628, 'en', 'Saône-et-Loire'),
	(629, 'en', 'Sarthe'),
	(630, 'en', 'Savoie'),
	(631, 'en', 'Haute-Savoie'),
	(632, 'en', 'Seine-Maritime'),
	(633, 'en', 'Seine-et-Marne'),
	(634, 'en', 'Yvelines'),
	(635, 'en', 'Deux-Sèvres'),
	(636, 'en', 'A Coruña'),
	(637, 'en', 'Álava'),
	(638, 'en', 'Albacete'),
	(639, 'en', 'Alicante'),
	(640, 'en', 'Almería'),
	(641, 'en', 'Asturias'),
	(642, 'en', 'Ávila'),
	(643, 'en', 'Badajoz'),
	(644, 'en', 'Baleares'),
	(645, 'en', 'Barcelona'),
	(646, 'en', 'Burgos'),
	(647, 'en', 'Cáceres'),
	(648, 'en', 'Cádiz'),
	(649, 'en', 'Cantabria'),
	(650, 'en', 'Castellón'),
	(651, 'en', 'Ceuta'),
	(652, 'en', 'Ciudad Real'),
	(653, 'en', 'Córdoba'),
	(654, 'en', 'Cuenca'),
	(655, 'en', 'Girona'),
	(656, 'en', 'Granada'),
	(657, 'en', 'Guadalajara'),
	(658, 'en', 'Guipúzcoa'),
	(659, 'en', 'Huelva'),
	(660, 'en', 'Huesca'),
	(661, 'en', 'Jaén'),
	(662, 'en', 'La Rioja'),
	(663, 'en', 'Las Palmas'),
	(664, 'en', 'León'),
	(665, 'en', 'Lleida'),
	(666, 'en', 'Lugo'),
	(667, 'en', 'Madrid'),
	(668, 'en', 'Málaga'),
	(669, 'en', 'Melilla'),
	(670, 'en', 'Murcia'),
	(671, 'en', 'Navarra'),
	(672, 'en', 'Ourense'),
	(673, 'en', 'Palencia'),
	(674, 'en', 'Pontevedra'),
	(675, 'en', 'Salamanca'),
	(676, 'en', 'Santa Cruz de Tenerife'),
	(677, 'en', 'Segovia'),
	(678, 'en', 'Sevilla'),
	(679, 'en', 'Soria'),
	(680, 'en', 'Tarragona'),
	(681, 'en', 'Teruel'),
	(682, 'en', 'Toledo'),
	(683, 'en', 'Valencia'),
	(684, 'en', 'Valladolid'),
	(685, 'en', 'Vizcaya'),
	(686, 'en', 'Zamora'),
	(687, 'en', 'Zaragoza'),
	(688, 'en', 'Sofia');
/*!40000 ALTER TABLE `cscart_state_descriptions` ENABLE KEYS */;


-- Dumping structure for table installer_skozachuk_cscart421u.cscart_static_data
DROP TABLE IF EXISTS `cscart_static_data`;
CREATE TABLE IF NOT EXISTS `cscart_static_data` (
  `param_id` mediumint(8) unsigned NOT NULL AUTO_INCREMENT,
  `param` varchar(255) NOT NULL DEFAULT '',
  `param_2` varchar(255) NOT NULL DEFAULT '',
  `param_3` varchar(255) NOT NULL DEFAULT '',
  `param_4` varchar(255) NOT NULL DEFAULT '',
  `param_5` varchar(255) NOT NULL DEFAULT '',
  `section` char(1) NOT NULL DEFAULT '',
  `status` char(1) NOT NULL DEFAULT 'A',
  `position` smallint(5) NOT NULL DEFAULT '0',
  `parent_id` mediumint(8) unsigned NOT NULL DEFAULT '0',
  `id_path` varchar(255) NOT NULL DEFAULT '',
  `localization` varchar(255) NOT NULL DEFAULT '',
  `company_id` int(11) unsigned DEFAULT NULL,
  PRIMARY KEY (`param_id`),
  KEY `section` (`section`,`status`,`localization`),
  KEY `position` (`position`)
) ENGINE=MyISAM AUTO_INCREMENT=152 DEFAULT CHARSET=utf8;

-- Dumping data for table installer_skozachuk_cscart421u.cscart_static_data: 2 rows
/*!40000 ALTER TABLE `cscart_static_data` DISABLE KEYS */;
INSERT INTO `cscart_static_data` (`param_id`, `param`, `param_2`, `param_3`, `param_4`, `param_5`, `section`, `status`, `position`, `parent_id`, `id_path`, `localization`, `company_id`) VALUES
	(150, 'gift_certificates.add', '', '', '', '1', 'A', 'A', 0, 0, '150', '', 1),
	(151, 'product_features.view_all?filter_id=10', '', '', '', '1', 'A', 'A', 0, 0, '151', '', 1);
/*!40000 ALTER TABLE `cscart_static_data` ENABLE KEYS */;


-- Dumping structure for table installer_skozachuk_cscart421u.cscart_static_data_descriptions
DROP TABLE IF EXISTS `cscart_static_data_descriptions`;
CREATE TABLE IF NOT EXISTS `cscart_static_data_descriptions` (
  `param_id` mediumint(8) unsigned NOT NULL DEFAULT '0',
  `lang_code` char(2) NOT NULL DEFAULT '',
  `descr` varchar(255) NOT NULL DEFAULT '',
  PRIMARY KEY (`param_id`,`lang_code`)
) ENGINE=MyISAM DEFAULT CHARSET=utf8;

-- Dumping data for table installer_skozachuk_cscart421u.cscart_static_data_descriptions: 2 rows
/*!40000 ALTER TABLE `cscart_static_data_descriptions` DISABLE KEYS */;
INSERT INTO `cscart_static_data_descriptions` (`param_id`, `lang_code`, `descr`) VALUES
	(150, 'en', 'Gift certificates'),
	(151, 'en', 'Our brands');
/*!40000 ALTER TABLE `cscart_static_data_descriptions` ENABLE KEYS */;


-- Dumping structure for table installer_skozachuk_cscart421u.cscart_statuses
DROP TABLE IF EXISTS `cscart_statuses`;
CREATE TABLE IF NOT EXISTS `cscart_statuses` (
  `status_id` mediumint(8) unsigned NOT NULL AUTO_INCREMENT,
  `status` char(1) NOT NULL DEFAULT '',
  `type` char(1) NOT NULL DEFAULT 'O',
  `is_default` char(1) NOT NULL DEFAULT 'N',
  PRIMARY KEY (`status_id`),
  UNIQUE KEY `status` (`status`,`type`)
) ENGINE=MyISAM AUTO_INCREMENT=16 DEFAULT CHARSET=utf8;

-- Dumping data for table installer_skozachuk_cscart421u.cscart_statuses: 15 rows
/*!40000 ALTER TABLE `cscart_statuses` DISABLE KEYS */;
INSERT INTO `cscart_statuses` (`status_id`, `status`, `type`, `is_default`) VALUES
	(1, 'P', 'O', 'Y'),
	(2, 'C', 'O', 'Y'),
	(3, 'O', 'O', 'Y'),
	(4, 'F', 'O', 'Y'),
	(5, 'D', 'O', 'Y'),
	(6, 'B', 'O', 'Y'),
	(7, 'I', 'O', 'Y'),
	(8, 'P', 'G', 'Y'),
	(9, 'A', 'G', 'Y'),
	(10, 'C', 'G', 'Y'),
	(11, 'U', 'G', 'Y'),
	(12, 'R', 'R', 'Y'),
	(13, 'A', 'R', 'Y'),
	(14, 'D', 'R', 'Y'),
	(15, 'C', 'R', 'Y');
/*!40000 ALTER TABLE `cscart_statuses` ENABLE KEYS */;


-- Dumping structure for table installer_skozachuk_cscart421u.cscart_status_data
DROP TABLE IF EXISTS `cscart_status_data`;
CREATE TABLE IF NOT EXISTS `cscart_status_data` (
  `status` char(1) NOT NULL DEFAULT '',
  `type` char(1) NOT NULL DEFAULT 'O',
  `param` char(255) NOT NULL DEFAULT '',
  `value` char(255) NOT NULL DEFAULT 'Y',
  PRIMARY KEY (`status`,`type`,`param`),
  KEY `inventory` (`value`)
) ENGINE=MyISAM DEFAULT CHARSET=utf8;

-- Dumping data for table installer_skozachuk_cscart421u.cscart_status_data: 61 rows
/*!40000 ALTER TABLE `cscart_status_data` DISABLE KEYS */;
INSERT INTO `cscart_status_data` (`status`, `type`, `param`, `value`) VALUES
	('B', 'O', 'allow_return', 'N'),
	('C', 'O', 'allow_return', 'Y'),
	('I', 'O', 'allow_return', 'N'),
	('D', 'O', 'allow_return', 'N'),
	('D', 'O', 'inventory', 'I'),
	('F', 'O', 'allow_return', 'N'),
	('I', 'O', 'inventory', 'I'),
	('O', 'O', 'allow_return', 'N'),
	('P', 'O', 'allow_return', 'N'),
	('B', 'O', 'repay', 'Y'),
	('C', 'O', 'repay', 'N'),
	('I', 'O', 'repay', 'Y'),
	('D', 'O', 'repay', 'Y'),
	('C', 'O', 'notify', 'Y'),
	('F', 'O', 'repay', 'Y'),
	('B', 'O', 'notify', 'Y'),
	('O', 'O', 'repay', 'N'),
	('P', 'O', 'repay', 'N'),
	('B', 'O', 'gift_cert_status', 'C'),
	('I', 'O', 'gift_cert_status', 'C'),
	('C', 'O', 'gift_cert_status', 'A'),
	('D', 'O', 'gift_cert_status', 'C'),
	('D', 'O', 'notify', 'Y'),
	('F', 'O', 'gift_cert_status', 'C'),
	('I', 'O', 'notify', 'Y'),
	('O', 'O', 'gift_cert_status', 'P'),
	('P', 'O', 'gift_cert_status', 'P'),
	('C', 'O', 'inventory', 'D'),
	('B', 'O', 'inventory', 'I'),
	('F', 'O', 'notify', 'Y'),
	('F', 'O', 'inventory', 'I'),
	('O', 'O', 'notify', 'Y'),
	('O', 'O', 'inventory', 'D'),
	('P', 'O', 'notify', 'Y'),
	('P', 'O', 'inventory', 'D'),
	('B', 'O', 'color', '#28abf6'),
	('C', 'O', 'color', '#97cf4d'),
	('D', 'O', 'color', '#ff5215'),
	('F', 'O', 'color', '#ff5215'),
	('I', 'O', 'color', '#c2c2c2'),
	('O', 'O', 'color', '#ff9522'),
	('P', 'O', 'color', '#97cf4d'),
	('B', 'O', 'remove_cc_info', 'Y'),
	('I', 'O', 'remove_cc_info', 'Y'),
	('C', 'O', 'remove_cc_info', 'Y'),
	('D', 'O', 'remove_cc_info', 'Y'),
	('F', 'O', 'remove_cc_info', 'Y'),
	('O', 'O', 'remove_cc_info', 'Y'),
	('P', 'O', 'remove_cc_info', 'Y'),
	('A', 'G', 'color', '#97cf4d'),
	('C', 'G', 'color', '#c2c2c2'),
	('P', 'G', 'color', '#ff9522'),
	('U', 'G', 'color', '#28abf6'),
	('A', 'G', 'notify', 'Y'),
	('C', 'G', 'notify', 'Y'),
	('P', 'G', 'notify', 'N'),
	('U', 'G', 'notify', 'N'),
	('A', 'R', 'inventory', 'I'),
	('C', 'R', 'inventory', 'I'),
	('D', 'R', 'inventory', 'D'),
	('R', 'R', 'inventory', 'I');
/*!40000 ALTER TABLE `cscart_status_data` ENABLE KEYS */;


-- Dumping structure for table installer_skozachuk_cscart421u.cscart_status_descriptions
DROP TABLE IF EXISTS `cscart_status_descriptions`;
CREATE TABLE IF NOT EXISTS `cscart_status_descriptions` (
  `status` char(1) NOT NULL DEFAULT '',
  `type` char(1) NOT NULL DEFAULT 'O',
  `description` varchar(255) NOT NULL DEFAULT '',
  `email_subj` varchar(255) NOT NULL DEFAULT '',
  `email_header` text NOT NULL,
  `lang_code` char(2) NOT NULL DEFAULT '',
  PRIMARY KEY (`status`,`type`,`lang_code`)
) ENGINE=MyISAM DEFAULT CHARSET=utf8;

-- Dumping data for table installer_skozachuk_cscart421u.cscart_status_descriptions: 15 rows
/*!40000 ALTER TABLE `cscart_status_descriptions` DISABLE KEYS */;
INSERT INTO `cscart_status_descriptions` (`status`, `type`, `description`, `email_subj`, `email_header`, `lang_code`) VALUES
	('C', 'O', 'Complete', 'has been completed', 'Your order has been completed. Thank you for choosing us.', 'en'),
	('P', 'O', 'Processed', 'has been processed', 'Your order has been processed successfully.', 'en'),
	('O', 'O', 'Open', 'has been placed successfully.', 'Thank you for the order. You are welcome to come back!', 'en'),
	('F', 'O', 'Failed', 'failed', 'Your order has been unsuccessful. Please contact shop administration.', 'en'),
	('D', 'O', 'Declined', 'has been declined', 'Your order has been declined. Please contact shop administration.', 'en'),
	('B', 'O', 'Backordered', 'has been backordered', 'Your order has been backordered.', 'en'),
	('I', 'O', 'Canceled', 'has been canceled', 'Your order has been canceled. Please contact shop administration.', 'en'),
	('P', 'G', 'Pending', 'has been created.', 'Your gift certificate has been created successfully. Please wait until it is activated.', 'en'),
	('A', 'G', 'Active', 'has been activated.', 'Your gift certificate has status Active. You can use it now.', 'en'),
	('C', 'G', 'Disabled', 'has been disabled.', 'Your gift certificate has been disabled. Please contact shop administration.', 'en'),
	('U', 'G', 'Used', 'has been used.', 'Your gift certificate is spent. Thank you for choosing us.', 'en'),
	('R', 'R', 'Requested', 'has been requested successfully.', 'Your return has been requested successfully.', 'en'),
	('A', 'R', 'Approved', 'has been approved.', 'Your return has been approved.', 'en'),
	('D', 'R', 'Declined', 'has been declined.', 'Your return has been declined. Please contact shop administration.', 'en'),
	('C', 'R', 'Completed', 'has been completed.', 'Your return has been completed. Thank you for choosing us.', 'en');
/*!40000 ALTER TABLE `cscart_status_descriptions` ENABLE KEYS */;


-- Dumping structure for table installer_skozachuk_cscart421u.cscart_storage_data
DROP TABLE IF EXISTS `cscart_storage_data`;
CREATE TABLE IF NOT EXISTS `cscart_storage_data` (
  `data_key` varchar(255) NOT NULL DEFAULT '',
  `data` mediumblob NOT NULL,
  PRIMARY KEY (`data_key`)
) ENGINE=MyISAM DEFAULT CHARSET=utf8;

-- Dumping data for table installer_skozachuk_cscart421u.cscart_storage_data: 5 rows
/*!40000 ALTER TABLE `cscart_storage_data` DISABLE KEYS */;
INSERT INTO `cscart_storage_data` (`data_key`, `data`) VALUES
	('addons_snapshots', _binary 0x35313337316562616238636234323463373564383637666537336535306265642C36373735623337303139363362333932373931666138633638376261633734322C64303039316336656438396630616564643736613430383633373735323737612C64613266643533323466363131663262316438623466656639616533313739652C31633830663237363864653562346662346432623339343464333730636337612C63363962393864616663326466616362323034636664373134303066336361382C30333132316338313832613362343965653935633332376236643339343062322C32333561636235366161643065616337616366376365353663373536313135632C31326638353234633435353434653962623934343863343562643139313038312C34343961323262643466643965353532333039653931373564656335373435652C62643862633336656234316263393063353835616537653930326539653238342C34633362313138653263346438393864393966376564363735366632333966302C39626565646665333636323463316330363462653333383262393766326562372C62636166656564643764643035386362323637646236626662373038366632372C36383234393138306430663863656439303261373561353434343130346464342C33623863333565336638663738663135633665393866333333343561643939312C62353065323938616535346337633332366432313432356339626335396133392C36396662646431323061376634316664663034613837353330326363393439332C39306239336265373731336462643662616430373932366637643665623535662C63303663643031636531343961613236393636646235666561636366656636632C65616634353731366139386134626166653837326337356334643234356233322C39323932643336663632323732626136666337636439663362303466373966392C38373934393465633831313630396236356131643033666462613236376232312C39353265386366326338363362386464633635366261633661643062373239622C35613862393336303664656133646233353662353234663632316537613862622C65393734316562326134656337643462633133636532306431333632376663362C37626333393765303332626461616539646361333865356635343532663961362C61316566663031613638363261656130643532333765623531336133373864332C64353930333237636163633032303864336463623534666537313965353833312C33326463313930623831663062346464393931313937323535303537366261612C32383132313163346331373432313434393562643264656236323365396239652C62663961643063663464326666633665353433343839333765393034623636372C36393437373936333731363961376263353533366638323666616130613035662C64613262353334333835623735316633666235353063343331393864633837632C64396464663136303739623762613135386338326538313964326333363364312C64326534336538633731323363646639316534656464333338303238316437352C61616462306336653366333066386462363662383935373862383261386133352C63386534336532306137313238666336306632343235613933613066383263322C62333233306632313266303438643330383762663939323932333733356238342C30363432663233353265363666333834313432353339663563646433393439312C32353036656164313730306361323536333063383132336535643261323035642C3233313037333232393062626531636634373062346263323465303038383931),
	('cache_id', _binary 0x31343036323038303937),
	('cart_products_next_check', _binary 0x31343133333134323531),
	('store_mode', _binary 0x747269616C),
	('hd_request_code', _binary 0x31343934373930353231);
/*!40000 ALTER TABLE `cscart_storage_data` ENABLE KEYS */;


-- Dumping structure for table installer_skozachuk_cscart421u.cscart_stored_sessions
DROP TABLE IF EXISTS `cscart_stored_sessions`;
CREATE TABLE IF NOT EXISTS `cscart_stored_sessions` (
  `session_id` varchar(64) NOT NULL,
  `expiry` int(11) unsigned NOT NULL,
  `data` text NOT NULL,
  PRIMARY KEY (`session_id`),
  KEY `expiry` (`expiry`)
) ENGINE=MyISAM DEFAULT CHARSET=utf8;

-- Dumping data for table installer_skozachuk_cscart421u.cscart_stored_sessions: 0 rows
/*!40000 ALTER TABLE `cscart_stored_sessions` DISABLE KEYS */;
/*!40000 ALTER TABLE `cscart_stored_sessions` ENABLE KEYS */;


-- Dumping structure for table installer_skozachuk_cscart421u.cscart_store_locations
DROP TABLE IF EXISTS `cscart_store_locations`;
CREATE TABLE IF NOT EXISTS `cscart_store_locations` (
  `store_location_id` mediumint(8) unsigned NOT NULL AUTO_INCREMENT,
  `company_id` int(11) unsigned NOT NULL DEFAULT '0',
  `position` smallint(5) NOT NULL DEFAULT '0',
  `country` char(2) NOT NULL DEFAULT '',
  `latitude` double NOT NULL DEFAULT '0',
  `longitude` double NOT NULL DEFAULT '0',
  `localization` varchar(255) NOT NULL DEFAULT '',
  `status` char(1) NOT NULL DEFAULT 'A',
  PRIMARY KEY (`store_location_id`),
  KEY `status` (`status`)
) ENGINE=MyISAM DEFAULT CHARSET=utf8;

-- Dumping data for table installer_skozachuk_cscart421u.cscart_store_locations: 0 rows
/*!40000 ALTER TABLE `cscart_store_locations` DISABLE KEYS */;
/*!40000 ALTER TABLE `cscart_store_locations` ENABLE KEYS */;


-- Dumping structure for table installer_skozachuk_cscart421u.cscart_store_location_descriptions
DROP TABLE IF EXISTS `cscart_store_location_descriptions`;
CREATE TABLE IF NOT EXISTS `cscart_store_location_descriptions` (
  `store_location_id` mediumint(8) unsigned NOT NULL DEFAULT '0',
  `lang_code` char(2) NOT NULL DEFAULT '',
  `name` varchar(80) NOT NULL DEFAULT '',
  `description` varchar(255) NOT NULL DEFAULT '',
  `city` varchar(60) NOT NULL DEFAULT '',
  PRIMARY KEY (`store_location_id`,`lang_code`)
) ENGINE=MyISAM DEFAULT CHARSET=utf8;

-- Dumping data for table installer_skozachuk_cscart421u.cscart_store_location_descriptions: 0 rows
/*!40000 ALTER TABLE `cscart_store_location_descriptions` DISABLE KEYS */;
/*!40000 ALTER TABLE `cscart_store_location_descriptions` ENABLE KEYS */;


-- Dumping structure for table installer_skozachuk_cscart421u.cscart_subscribers
DROP TABLE IF EXISTS `cscart_subscribers`;
CREATE TABLE IF NOT EXISTS `cscart_subscribers` (
  `subscriber_id` mediumint(8) unsigned NOT NULL AUTO_INCREMENT,
  `email` varchar(128) NOT NULL DEFAULT '',
  `timestamp` int(11) unsigned NOT NULL DEFAULT '0',
  PRIMARY KEY (`subscriber_id`),
  UNIQUE KEY `email` (`email`)
) ENGINE=MyISAM DEFAULT CHARSET=utf8;

-- Dumping data for table installer_skozachuk_cscart421u.cscart_subscribers: 0 rows
/*!40000 ALTER TABLE `cscart_subscribers` DISABLE KEYS */;
/*!40000 ALTER TABLE `cscart_subscribers` ENABLE KEYS */;


-- Dumping structure for table installer_skozachuk_cscart421u.cscart_tags
DROP TABLE IF EXISTS `cscart_tags`;
CREATE TABLE IF NOT EXISTS `cscart_tags` (
  `tag_id` mediumint(8) unsigned NOT NULL AUTO_INCREMENT,
  `company_id` int(11) unsigned NOT NULL DEFAULT '0',
  `tag` varchar(255) NOT NULL DEFAULT '',
  `timestamp` int(11) unsigned NOT NULL DEFAULT '0',
  `status` char(1) NOT NULL DEFAULT 'P',
  PRIMARY KEY (`tag_id`),
  UNIQUE KEY `tag` (`tag`,`company_id`)
) ENGINE=MyISAM DEFAULT CHARSET=utf8;

-- Dumping data for table installer_skozachuk_cscart421u.cscart_tags: 0 rows
/*!40000 ALTER TABLE `cscart_tags` DISABLE KEYS */;
/*!40000 ALTER TABLE `cscart_tags` ENABLE KEYS */;


-- Dumping structure for table installer_skozachuk_cscart421u.cscart_tag_links
DROP TABLE IF EXISTS `cscart_tag_links`;
CREATE TABLE IF NOT EXISTS `cscart_tag_links` (
  `tag_id` mediumint(8) unsigned NOT NULL,
  `object_type` char(1) NOT NULL DEFAULT 'P',
  `object_id` mediumint(8) unsigned NOT NULL,
  `user_id` mediumint(8) unsigned NOT NULL,
  PRIMARY KEY (`object_type`,`object_id`,`user_id`,`tag_id`),
  KEY `tag_id` (`tag_id`),
  KEY `user_id` (`user_id`),
  KEY `ids` (`tag_id`,`user_id`,`object_type`,`object_id`)
) ENGINE=MyISAM DEFAULT CHARSET=utf8;

-- Dumping data for table installer_skozachuk_cscart421u.cscart_tag_links: 0 rows
/*!40000 ALTER TABLE `cscart_tag_links` DISABLE KEYS */;
/*!40000 ALTER TABLE `cscart_tag_links` ENABLE KEYS */;


-- Dumping structure for table installer_skozachuk_cscart421u.cscart_taxes
DROP TABLE IF EXISTS `cscart_taxes`;
CREATE TABLE IF NOT EXISTS `cscart_taxes` (
  `tax_id` mediumint(8) unsigned NOT NULL AUTO_INCREMENT,
  `address_type` char(1) NOT NULL DEFAULT 'S',
  `status` char(1) NOT NULL DEFAULT 'D',
  `price_includes_tax` char(1) NOT NULL DEFAULT 'N',
  `display_including_tax` char(1) NOT NULL DEFAULT 'N',
  `display_info` char(1) NOT NULL DEFAULT '',
  `regnumber` varchar(255) NOT NULL DEFAULT '',
  `priority` mediumint(8) unsigned NOT NULL DEFAULT '0',
  PRIMARY KEY (`tax_id`),
  KEY `c_status` (`status`)
) ENGINE=MyISAM AUTO_INCREMENT=7 DEFAULT CHARSET=utf8;

-- Dumping data for table installer_skozachuk_cscart421u.cscart_taxes: 1 rows
/*!40000 ALTER TABLE `cscart_taxes` DISABLE KEYS */;
INSERT INTO `cscart_taxes` (`tax_id`, `address_type`, `status`, `price_includes_tax`, `display_including_tax`, `display_info`, `regnumber`, `priority`) VALUES
	(6, 'S', 'A', 'Y', 'N', '', '1234242', 0);
/*!40000 ALTER TABLE `cscart_taxes` ENABLE KEYS */;


-- Dumping structure for table installer_skozachuk_cscart421u.cscart_tax_descriptions
DROP TABLE IF EXISTS `cscart_tax_descriptions`;
CREATE TABLE IF NOT EXISTS `cscart_tax_descriptions` (
  `tax_id` mediumint(8) unsigned NOT NULL DEFAULT '0',
  `lang_code` char(2) NOT NULL DEFAULT '',
  `tax` varchar(255) NOT NULL DEFAULT '',
  PRIMARY KEY (`tax_id`,`lang_code`)
) ENGINE=MyISAM DEFAULT CHARSET=utf8;

-- Dumping data for table installer_skozachuk_cscart421u.cscart_tax_descriptions: 1 rows
/*!40000 ALTER TABLE `cscart_tax_descriptions` DISABLE KEYS */;
INSERT INTO `cscart_tax_descriptions` (`tax_id`, `lang_code`, `tax`) VALUES
	(6, 'en', 'VAT');
/*!40000 ALTER TABLE `cscart_tax_descriptions` ENABLE KEYS */;


-- Dumping structure for table installer_skozachuk_cscart421u.cscart_tax_rates
DROP TABLE IF EXISTS `cscart_tax_rates`;
CREATE TABLE IF NOT EXISTS `cscart_tax_rates` (
  `rate_id` mediumint(8) unsigned NOT NULL AUTO_INCREMENT,
  `tax_id` mediumint(8) unsigned NOT NULL DEFAULT '0',
  `destination_id` mediumint(8) unsigned NOT NULL DEFAULT '0',
  `rate_value` decimal(13,3) NOT NULL DEFAULT '0.000',
  `rate_type` char(1) NOT NULL DEFAULT '',
  PRIMARY KEY (`rate_id`),
  UNIQUE KEY `tax_rate` (`tax_id`,`destination_id`)
) ENGINE=MyISAM AUTO_INCREMENT=13 DEFAULT CHARSET=utf8;

-- Dumping data for table installer_skozachuk_cscart421u.cscart_tax_rates: 3 rows
/*!40000 ALTER TABLE `cscart_tax_rates` DISABLE KEYS */;
INSERT INTO `cscart_tax_rates` (`rate_id`, `tax_id`, `destination_id`, `rate_value`, `rate_type`) VALUES
	(5, 6, 1, 12.000, 'F'),
	(11, 6, 8, 3.000, 'P'),
	(12, 6, 7, 10.000, 'P');
/*!40000 ALTER TABLE `cscart_tax_rates` ENABLE KEYS */;


-- Dumping structure for table installer_skozachuk_cscart421u.cscart_twigmo_settings
DROP TABLE IF EXISTS `cscart_twigmo_settings`;
CREATE TABLE IF NOT EXISTS `cscart_twigmo_settings` (
  `name` varchar(255) NOT NULL,
  `value` text NOT NULL,
  PRIMARY KEY (`name`)
) ENGINE=MyISAM DEFAULT CHARSET=utf8;

-- Dumping data for table installer_skozachuk_cscart421u.cscart_twigmo_settings: 0 rows
/*!40000 ALTER TABLE `cscart_twigmo_settings` DISABLE KEYS */;
/*!40000 ALTER TABLE `cscart_twigmo_settings` ENABLE KEYS */;


-- Dumping structure for table installer_skozachuk_cscart421u.cscart_twigmo_stores
DROP TABLE IF EXISTS `cscart_twigmo_stores`;
CREATE TABLE IF NOT EXISTS `cscart_twigmo_stores` (
  `company_id` int(10) unsigned NOT NULL DEFAULT '0',
  `type` char(1) NOT NULL DEFAULT 'C' COMMENT 'May be ''A'' for admin or ''C'' for customer',
  `access_id` char(6) NOT NULL,
  `url` varchar(255) NOT NULL,
  `home_page_content` varchar(255) NOT NULL DEFAULT 'home_page_blocks',
  `url_for_twitter` varchar(255) NOT NULL,
  `url_for_facebook` varchar(255) NOT NULL,
  `logo_url` varchar(255) NOT NULL,
  `favicon_url` varchar(255) NOT NULL,
  `url_on_appstore` varchar(255) NOT NULL,
  `url_on_googleplay` varchar(255) NOT NULL,
  `geolocation` char(1) NOT NULL DEFAULT 'N',
  `only_req_profile_fields` char(1) NOT NULL DEFAULT 'N',
  `use_for_phones` char(1) NOT NULL DEFAULT 'Y',
  `use_for_tablets` char(1) NOT NULL DEFAULT 'Y',
  `plan_display_name` varchar(255) NOT NULL,
  `repo_revision` int(11) unsigned NOT NULL,
  PRIMARY KEY (`company_id`,`type`)
) ENGINE=MyISAM DEFAULT CHARSET=utf8;

-- Dumping data for table installer_skozachuk_cscart421u.cscart_twigmo_stores: 0 rows
/*!40000 ALTER TABLE `cscart_twigmo_stores` DISABLE KEYS */;
/*!40000 ALTER TABLE `cscart_twigmo_stores` ENABLE KEYS */;


-- Dumping structure for table installer_skozachuk_cscart421u.cscart_twigmo_ua_stat
DROP TABLE IF EXISTS `cscart_twigmo_ua_stat`;
CREATE TABLE IF NOT EXISTS `cscart_twigmo_ua_stat` (
  `section` varchar(50) NOT NULL,
  `value` varchar(255) NOT NULL,
  `count` int(10) unsigned NOT NULL DEFAULT '0',
  `month` date NOT NULL DEFAULT '0000-00-00',
  PRIMARY KEY (`section`,`value`,`month`)
) ENGINE=MyISAM DEFAULT CHARSET=utf8;

-- Dumping data for table installer_skozachuk_cscart421u.cscart_twigmo_ua_stat: 0 rows
/*!40000 ALTER TABLE `cscart_twigmo_ua_stat` DISABLE KEYS */;
/*!40000 ALTER TABLE `cscart_twigmo_ua_stat` ENABLE KEYS */;


-- Dumping structure for table installer_skozachuk_cscart421u.cscart_ult_language_values
DROP TABLE IF EXISTS `cscart_ult_language_values`;
CREATE TABLE IF NOT EXISTS `cscart_ult_language_values` (
  `lang_code` char(2) NOT NULL DEFAULT '',
  `name` varchar(128) NOT NULL DEFAULT '',
  `value` text NOT NULL,
  `company_id` int(11) unsigned NOT NULL,
  PRIMARY KEY (`lang_code`,`name`,`company_id`)
) ENGINE=MyISAM DEFAULT CHARSET=utf8;

-- Dumping data for table installer_skozachuk_cscart421u.cscart_ult_language_values: 0 rows
/*!40000 ALTER TABLE `cscart_ult_language_values` DISABLE KEYS */;
/*!40000 ALTER TABLE `cscart_ult_language_values` ENABLE KEYS */;


-- Dumping structure for table installer_skozachuk_cscart421u.cscart_ult_objects_sharing
DROP TABLE IF EXISTS `cscart_ult_objects_sharing`;
CREATE TABLE IF NOT EXISTS `cscart_ult_objects_sharing` (
  `share_company_id` int(11) unsigned NOT NULL,
  `share_object_id` mediumint(8) NOT NULL DEFAULT '0',
  `share_object_type` varchar(50) NOT NULL DEFAULT '',
  PRIMARY KEY (`share_object_id`,`share_company_id`,`share_object_type`)
) ENGINE=MyISAM DEFAULT CHARSET=utf8;

-- Dumping data for table installer_skozachuk_cscart421u.cscart_ult_objects_sharing: 57 rows
/*!40000 ALTER TABLE `cscart_ult_objects_sharing` DISABLE KEYS */;
INSERT INTO `cscart_ult_objects_sharing` (`share_company_id`, `share_object_id`, `share_object_type`) VALUES
	(1, 1, 'currencies'),
	(1, 1, 'languages'),
	(1, 1, 'pages'),
	(1, 1, 'payments'),
	(1, 1, 'shippings'),
	(1, 2, 'banners'),
	(1, 2, 'currencies'),
	(1, 2, 'pages'),
	(1, 2, 'payments'),
	(1, 3, 'banners'),
	(1, 3, 'currencies'),
	(1, 3, 'pages'),
	(1, 3, 'payments'),
	(1, 3, 'shippings'),
	(1, 4, 'banners'),
	(1, 4, 'pages'),
	(1, 4, 'payments'),
	(1, 4, 'shippings'),
	(1, 4, 'usergroups'),
	(1, 5, 'banners'),
	(1, 5, 'pages'),
	(1, 5, 'payments'),
	(1, 5, 'shippings'),
	(1, 6, 'pages'),
	(1, 6, 'payments'),
	(1, 6, 'profile_fields'),
	(1, 7, 'payments'),
	(1, 7, 'profile_fields'),
	(1, 8, 'payments'),
	(1, 8, 'profile_fields'),
	(1, 9, 'payments'),
	(1, 9, 'profile_fields'),
	(1, 10, 'payments'),
	(1, 10, 'profile_fields'),
	(1, 11, 'payments'),
	(1, 11, 'profile_fields'),
	(1, 14, 'profile_fields'),
	(1, 15, 'profile_fields'),
	(1, 16, 'profile_fields'),
	(1, 17, 'profile_fields'),
	(1, 18, 'profile_fields'),
	(1, 19, 'profile_fields'),
	(1, 20, 'profile_fields'),
	(1, 21, 'profile_fields'),
	(1, 22, 'profile_fields'),
	(1, 23, 'profile_fields'),
	(1, 24, 'profile_fields'),
	(1, 25, 'profile_fields'),
	(1, 26, 'profile_fields'),
	(1, 27, 'profile_fields'),
	(1, 28, 'profile_fields'),
	(1, 29, 'profile_fields'),
	(1, 30, 'profile_fields'),
	(1, 31, 'profile_fields'),
	(1, 32, 'profile_fields'),
	(1, 33, 'profile_fields'),
	(1, 35, 'profile_fields');
/*!40000 ALTER TABLE `cscart_ult_objects_sharing` ENABLE KEYS */;


-- Dumping structure for table installer_skozachuk_cscart421u.cscart_ult_product_descriptions
DROP TABLE IF EXISTS `cscart_ult_product_descriptions`;
CREATE TABLE IF NOT EXISTS `cscart_ult_product_descriptions` (
  `product_id` mediumint(8) unsigned NOT NULL DEFAULT '0',
  `lang_code` char(2) NOT NULL DEFAULT '',
  `company_id` int(11) unsigned NOT NULL,
  `product` varchar(255) NOT NULL DEFAULT '',
  `shortname` varchar(255) NOT NULL DEFAULT '',
  `short_description` mediumtext NOT NULL,
  `full_description` mediumtext NOT NULL,
  `meta_keywords` varchar(255) NOT NULL DEFAULT '',
  `meta_description` varchar(255) NOT NULL DEFAULT '',
  `search_words` text NOT NULL,
  `page_title` varchar(255) NOT NULL DEFAULT '',
  `age_warning_message` text NOT NULL,
  `promo_text` mediumtext NOT NULL,
  PRIMARY KEY (`product_id`,`lang_code`,`company_id`),
  KEY `product_id` (`product_id`),
  KEY `company_id` (`company_id`)
) ENGINE=MyISAM DEFAULT CHARSET=utf8;

-- Dumping data for table installer_skozachuk_cscart421u.cscart_ult_product_descriptions: 0 rows
/*!40000 ALTER TABLE `cscart_ult_product_descriptions` DISABLE KEYS */;
/*!40000 ALTER TABLE `cscart_ult_product_descriptions` ENABLE KEYS */;


-- Dumping structure for table installer_skozachuk_cscart421u.cscart_ult_product_option_variants
DROP TABLE IF EXISTS `cscart_ult_product_option_variants`;
CREATE TABLE IF NOT EXISTS `cscart_ult_product_option_variants` (
  `variant_id` mediumint(8) unsigned NOT NULL AUTO_INCREMENT,
  `option_id` mediumint(8) unsigned NOT NULL DEFAULT '0',
  `company_id` int(11) unsigned NOT NULL,
  `modifier` decimal(13,3) NOT NULL DEFAULT '0.000',
  `modifier_type` char(1) NOT NULL DEFAULT 'A',
  PRIMARY KEY (`variant_id`,`company_id`),
  KEY `company_id` (`company_id`),
  KEY `option_id` (`option_id`,`variant_id`,`company_id`)
) ENGINE=MyISAM DEFAULT CHARSET=utf8;

-- Dumping data for table installer_skozachuk_cscart421u.cscart_ult_product_option_variants: 0 rows
/*!40000 ALTER TABLE `cscart_ult_product_option_variants` DISABLE KEYS */;
/*!40000 ALTER TABLE `cscart_ult_product_option_variants` ENABLE KEYS */;


-- Dumping structure for table installer_skozachuk_cscart421u.cscart_ult_product_prices
DROP TABLE IF EXISTS `cscart_ult_product_prices`;
CREATE TABLE IF NOT EXISTS `cscart_ult_product_prices` (
  `product_id` mediumint(8) unsigned NOT NULL DEFAULT '0',
  `price` decimal(12,2) NOT NULL DEFAULT '0.00',
  `percentage_discount` int(2) unsigned NOT NULL DEFAULT '0',
  `lower_limit` smallint(5) unsigned NOT NULL DEFAULT '0',
  `company_id` int(11) unsigned NOT NULL,
  `usergroup_id` mediumint(8) unsigned NOT NULL DEFAULT '0',
  UNIQUE KEY `usergroup` (`product_id`,`usergroup_id`,`lower_limit`,`company_id`),
  KEY `product_id` (`product_id`),
  KEY `company_id` (`company_id`),
  KEY `lower_limit` (`lower_limit`),
  KEY `usergroup_id` (`usergroup_id`,`product_id`)
) ENGINE=MyISAM DEFAULT CHARSET=utf8;

-- Dumping data for table installer_skozachuk_cscart421u.cscart_ult_product_prices: 0 rows
/*!40000 ALTER TABLE `cscart_ult_product_prices` DISABLE KEYS */;
/*!40000 ALTER TABLE `cscart_ult_product_prices` ENABLE KEYS */;


-- Dumping structure for table installer_skozachuk_cscart421u.cscart_ult_status_descriptions
DROP TABLE IF EXISTS `cscart_ult_status_descriptions`;
CREATE TABLE IF NOT EXISTS `cscart_ult_status_descriptions` (
  `company_id` int(11) unsigned NOT NULL,
  `status` char(1) NOT NULL DEFAULT '',
  `type` char(1) NOT NULL DEFAULT 'O',
  `email_subj` varchar(255) NOT NULL DEFAULT '',
  `email_header` text NOT NULL,
  `lang_code` char(2) NOT NULL DEFAULT '',
  PRIMARY KEY (`status`,`type`,`lang_code`,`company_id`)
) ENGINE=MyISAM DEFAULT CHARSET=utf8;

-- Dumping data for table installer_skozachuk_cscart421u.cscart_ult_status_descriptions: 0 rows
/*!40000 ALTER TABLE `cscart_ult_status_descriptions` DISABLE KEYS */;
/*!40000 ALTER TABLE `cscart_ult_status_descriptions` ENABLE KEYS */;


-- Dumping structure for table installer_skozachuk_cscart421u.cscart_usergroups
DROP TABLE IF EXISTS `cscart_usergroups`;
CREATE TABLE IF NOT EXISTS `cscart_usergroups` (
  `usergroup_id` mediumint(8) unsigned NOT NULL AUTO_INCREMENT,
  `status` char(1) NOT NULL DEFAULT '',
  `type` char(1) NOT NULL DEFAULT 'C',
  `company_id` int(11) unsigned NOT NULL DEFAULT '0',
  PRIMARY KEY (`usergroup_id`),
  KEY `c_status` (`usergroup_id`,`status`),
  KEY `status` (`status`,`type`)
) ENGINE=MyISAM AUTO_INCREMENT=5 DEFAULT CHARSET=utf8;

-- Dumping data for table installer_skozachuk_cscart421u.cscart_usergroups: 2 rows
/*!40000 ALTER TABLE `cscart_usergroups` DISABLE KEYS */;
INSERT INTO `cscart_usergroups` (`usergroup_id`, `status`, `type`, `company_id`) VALUES
	(3, 'D', 'C', 0),
	(4, 'A', 'A', 0);
/*!40000 ALTER TABLE `cscart_usergroups` ENABLE KEYS */;


-- Dumping structure for table installer_skozachuk_cscart421u.cscart_usergroup_descriptions
DROP TABLE IF EXISTS `cscart_usergroup_descriptions`;
CREATE TABLE IF NOT EXISTS `cscart_usergroup_descriptions` (
  `usergroup_id` mediumint(8) unsigned NOT NULL DEFAULT '0',
  `lang_code` char(2) NOT NULL DEFAULT '',
  `usergroup` varchar(255) NOT NULL DEFAULT '',
  PRIMARY KEY (`usergroup_id`,`lang_code`)
) ENGINE=MyISAM DEFAULT CHARSET=utf8;

-- Dumping data for table installer_skozachuk_cscart421u.cscart_usergroup_descriptions: 2 rows
/*!40000 ALTER TABLE `cscart_usergroup_descriptions` DISABLE KEYS */;
INSERT INTO `cscart_usergroup_descriptions` (`usergroup_id`, `lang_code`, `usergroup`) VALUES
	(3, 'en', 'Wholesale'),
	(4, 'en', 'Administrator');
/*!40000 ALTER TABLE `cscart_usergroup_descriptions` ENABLE KEYS */;


-- Dumping structure for table installer_skozachuk_cscart421u.cscart_usergroup_links
DROP TABLE IF EXISTS `cscart_usergroup_links`;
CREATE TABLE IF NOT EXISTS `cscart_usergroup_links` (
  `link_id` mediumint(8) unsigned NOT NULL AUTO_INCREMENT,
  `user_id` mediumint(8) unsigned NOT NULL,
  `usergroup_id` mediumint(8) unsigned NOT NULL,
  `status` char(1) NOT NULL DEFAULT 'D',
  PRIMARY KEY (`link_id`),
  UNIQUE KEY `user_id` (`user_id`,`usergroup_id`)
) ENGINE=MyISAM DEFAULT CHARSET=utf8;

-- Dumping data for table installer_skozachuk_cscart421u.cscart_usergroup_links: 0 rows
/*!40000 ALTER TABLE `cscart_usergroup_links` DISABLE KEYS */;
/*!40000 ALTER TABLE `cscart_usergroup_links` ENABLE KEYS */;


-- Dumping structure for table installer_skozachuk_cscart421u.cscart_usergroup_privileges
DROP TABLE IF EXISTS `cscart_usergroup_privileges`;
CREATE TABLE IF NOT EXISTS `cscart_usergroup_privileges` (
  `usergroup_id` mediumint(8) unsigned NOT NULL DEFAULT '0',
  `privilege` varchar(32) NOT NULL DEFAULT '',
  PRIMARY KEY (`usergroup_id`,`privilege`)
) ENGINE=MyISAM DEFAULT CHARSET=utf8;

-- Dumping data for table installer_skozachuk_cscart421u.cscart_usergroup_privileges: 49 rows
/*!40000 ALTER TABLE `cscart_usergroup_privileges` DISABLE KEYS */;
INSERT INTO `cscart_usergroup_privileges` (`usergroup_id`, `privilege`) VALUES
	(4, 'change_order_status'),
	(4, 'create_order'),
	(4, 'database_maintenance'),
	(4, 'delete_orders'),
	(4, 'edit_blocks'),
	(4, 'edit_files'),
	(4, 'edit_order'),
	(4, 'manage_affiliate'),
	(4, 'manage_banners'),
	(4, 'manage_cms'),
	(4, 'manage_currencies'),
	(4, 'manage_design'),
	(4, 'manage_discounts'),
	(4, 'manage_email_marketing'),
	(4, 'manage_forms'),
	(4, 'manage_languages'),
	(4, 'manage_locations'),
	(4, 'manage_news'),
	(4, 'manage_payments'),
	(4, 'manage_promotions'),
	(4, 'manage_shipping'),
	(4, 'manage_sitemap'),
	(4, 'manage_static_data'),
	(4, 'manage_storage'),
	(4, 'manage_taxes'),
	(4, 'manage_themes'),
	(4, 'manage_translation'),
	(4, 'manage_users'),
	(4, 'update_settings'),
	(4, 'upgrade_store'),
	(4, 'view_banners'),
	(4, 'view_catalog'),
	(4, 'view_cms'),
	(4, 'view_currencies'),
	(4, 'view_discounts'),
	(4, 'view_email_marketing'),
	(4, 'view_forms'),
	(4, 'view_languages'),
	(4, 'view_locations'),
	(4, 'view_news'),
	(4, 'view_orders'),
	(4, 'view_payments'),
	(4, 'view_reports'),
	(4, 'view_settings'),
	(4, 'view_shipping'),
	(4, 'view_static_data'),
	(4, 'view_taxes'),
	(4, 'view_usergroups'),
	(4, 'view_users');
/*!40000 ALTER TABLE `cscart_usergroup_privileges` ENABLE KEYS */;


-- Dumping structure for table installer_skozachuk_cscart421u.cscart_users
DROP TABLE IF EXISTS `cscart_users`;
CREATE TABLE IF NOT EXISTS `cscart_users` (
  `user_id` mediumint(8) unsigned NOT NULL AUTO_INCREMENT,
  `status` char(1) NOT NULL DEFAULT 'A',
  `user_type` char(1) NOT NULL DEFAULT 'C',
  `user_login` varchar(255) NOT NULL DEFAULT '',
  `referer` varchar(255) NOT NULL DEFAULT '',
  `is_root` char(1) NOT NULL DEFAULT 'N',
  `company_id` int(11) unsigned NOT NULL DEFAULT '0',
  `last_login` int(11) unsigned NOT NULL DEFAULT '0',
  `timestamp` int(11) unsigned NOT NULL DEFAULT '0',
  `password` varchar(32) NOT NULL DEFAULT '',
  `salt` varchar(10) NOT NULL DEFAULT '',
  `firstname` varchar(128) NOT NULL DEFAULT '',
  `lastname` varchar(128) NOT NULL DEFAULT '',
  `company` varchar(255) NOT NULL DEFAULT '',
  `email` varchar(128) NOT NULL DEFAULT '',
  `phone` varchar(32) NOT NULL DEFAULT '',
  `fax` varchar(32) NOT NULL DEFAULT '',
  `url` varchar(128) NOT NULL DEFAULT '',
  `tax_exempt` char(1) NOT NULL DEFAULT 'N',
  `lang_code` char(2) NOT NULL DEFAULT '',
  `birthday` int(11) NOT NULL,
  `purchase_timestamp_from` int(11) NOT NULL DEFAULT '0',
  `purchase_timestamp_to` int(11) NOT NULL DEFAULT '0',
  `responsible_email` varchar(80) NOT NULL DEFAULT '',
  `last_passwords` varchar(255) NOT NULL DEFAULT '',
  `password_change_timestamp` int(11) unsigned NOT NULL DEFAULT '0',
  `api_key` varchar(32) NOT NULL DEFAULT '',
  `identifier` varchar(128) NOT NULL DEFAULT '',
  `janrain_identifier` varchar(32) NOT NULL DEFAULT '',
  PRIMARY KEY (`user_id`),
  KEY `user_login` (`user_login`),
  KEY `uname` (`firstname`,`lastname`)
) ENGINE=MyISAM AUTO_INCREMENT=2 DEFAULT CHARSET=utf8;

-- Dumping data for table installer_skozachuk_cscart421u.cscart_users: 1 rows
/*!40000 ALTER TABLE `cscart_users` DISABLE KEYS */;
INSERT INTO `cscart_users` (`user_id`, `status`, `user_type`, `user_login`, `referer`, `is_root`, `company_id`, `last_login`, `timestamp`, `password`, `salt`, `firstname`, `lastname`, `company`, `email`, `phone`, `fax`, `url`, `tax_exempt`, `lang_code`, `birthday`, `purchase_timestamp_from`, `purchase_timestamp_to`, `responsible_email`, `last_passwords`, `password_change_timestamp`, `api_key`, `identifier`, `janrain_identifier`) VALUES
	(1, 'A', 'A', 'admin', '', 'Y', 0, 1413271060, 1406208040, '0192023a7bbd73250516f069df18b500', '', 'Admin', 'Admin', 'Your company', 'testing@magneticone.com', '55 55 555 5555', '', '', 'N', 'en', 0, 0, 0, '', '', 0, '', '', '');
/*!40000 ALTER TABLE `cscart_users` ENABLE KEYS */;


-- Dumping structure for table installer_skozachuk_cscart421u.cscart_user_data
DROP TABLE IF EXISTS `cscart_user_data`;
CREATE TABLE IF NOT EXISTS `cscart_user_data` (
  `user_id` mediumint(8) unsigned NOT NULL DEFAULT '0',
  `type` char(1) NOT NULL DEFAULT '',
  `data` text NOT NULL,
  PRIMARY KEY (`user_id`,`type`)
) ENGINE=MyISAM DEFAULT CHARSET=utf8;

-- Dumping data for table installer_skozachuk_cscart421u.cscart_user_data: 1 rows
/*!40000 ALTER TABLE `cscart_user_data` DISABLE KEYS */;
INSERT INTO `cscart_user_data` (`user_id`, `type`, `data`) VALUES
	(1, 'L', 'a:1:{i:3922595205;a:4:{s:4:"func";a:2:{i:0;s:16:"fn_get_page_name";i:1;s:1:"3";}s:3:"url";s:52:"admin.php?dispatch=pages.update&page_id=3&come_from=";s:4:"icon";s:0:"";s:4:"text";s:4:"page";}}');
/*!40000 ALTER TABLE `cscart_user_data` ENABLE KEYS */;


-- Dumping structure for table installer_skozachuk_cscart421u.cscart_user_mailing_lists
DROP TABLE IF EXISTS `cscart_user_mailing_lists`;
CREATE TABLE IF NOT EXISTS `cscart_user_mailing_lists` (
  `subscriber_id` mediumint(8) unsigned NOT NULL,
  `list_id` mediumint(8) unsigned NOT NULL,
  `activation_key` varchar(32) NOT NULL DEFAULT '',
  `unsubscribe_key` varchar(32) NOT NULL DEFAULT '',
  `confirmed` tinyint(3) unsigned NOT NULL DEFAULT '0',
  `timestamp` int(11) unsigned NOT NULL DEFAULT '0',
  `lang_code` char(2) NOT NULL DEFAULT '',
  UNIQUE KEY `subscriber_list` (`list_id`,`subscriber_id`),
  KEY `subscriber_id` (`subscriber_id`),
  KEY `list_id` (`list_id`)
) ENGINE=MyISAM DEFAULT CHARSET=utf8;

-- Dumping data for table installer_skozachuk_cscart421u.cscart_user_mailing_lists: 0 rows
/*!40000 ALTER TABLE `cscart_user_mailing_lists` DISABLE KEYS */;
/*!40000 ALTER TABLE `cscart_user_mailing_lists` ENABLE KEYS */;


-- Dumping structure for table installer_skozachuk_cscart421u.cscart_user_profiles
DROP TABLE IF EXISTS `cscart_user_profiles`;
CREATE TABLE IF NOT EXISTS `cscart_user_profiles` (
  `profile_id` mediumint(8) unsigned NOT NULL AUTO_INCREMENT,
  `user_id` mediumint(8) unsigned NOT NULL DEFAULT '0',
  `profile_type` char(1) NOT NULL DEFAULT 'P',
  `b_firstname` varchar(128) NOT NULL DEFAULT '',
  `b_lastname` varchar(128) NOT NULL DEFAULT '',
  `b_address` varchar(255) NOT NULL DEFAULT '',
  `b_address_2` varchar(255) NOT NULL DEFAULT '',
  `b_city` varchar(64) NOT NULL DEFAULT '',
  `b_county` varchar(32) NOT NULL DEFAULT '',
  `b_state` varchar(32) NOT NULL DEFAULT '',
  `b_country` char(2) NOT NULL DEFAULT '',
  `b_zipcode` varchar(16) NOT NULL DEFAULT '',
  `b_phone` varchar(32) NOT NULL DEFAULT '',
  `s_firstname` varchar(128) NOT NULL DEFAULT '',
  `s_lastname` varchar(128) NOT NULL DEFAULT '',
  `s_address` varchar(255) NOT NULL DEFAULT '',
  `s_address_2` varchar(255) NOT NULL DEFAULT '',
  `s_city` varchar(255) NOT NULL DEFAULT '',
  `s_county` varchar(32) NOT NULL DEFAULT '',
  `s_state` varchar(32) NOT NULL DEFAULT '',
  `s_country` char(2) NOT NULL DEFAULT '',
  `s_zipcode` varchar(16) NOT NULL DEFAULT '',
  `s_phone` varchar(32) NOT NULL DEFAULT '',
  `s_address_type` varchar(255) NOT NULL DEFAULT '',
  `profile_name` varchar(32) NOT NULL DEFAULT '',
  PRIMARY KEY (`profile_id`),
  KEY `uid_p` (`user_id`,`profile_type`),
  KEY `profile_type` (`profile_type`)
) ENGINE=MyISAM AUTO_INCREMENT=2 DEFAULT CHARSET=utf8;

-- Dumping data for table installer_skozachuk_cscart421u.cscart_user_profiles: 1 rows
/*!40000 ALTER TABLE `cscart_user_profiles` DISABLE KEYS */;
INSERT INTO `cscart_user_profiles` (`profile_id`, `user_id`, `profile_type`, `b_firstname`, `b_lastname`, `b_address`, `b_address_2`, `b_city`, `b_county`, `b_state`, `b_country`, `b_zipcode`, `b_phone`, `s_firstname`, `s_lastname`, `s_address`, `s_address_2`, `s_city`, `s_county`, `s_state`, `s_country`, `s_zipcode`, `s_phone`, `s_address_type`, `profile_name`) VALUES
	(1, 1, 'P', 'John', 'Doe', '44 Main street', 'test', 'Boston', '', 'MA', 'US', '02134', '', 'John', 'Doe', '44 Main street', 'test', 'Boston', '', 'MA', 'US', '02134', '', '', 'Main');
/*!40000 ALTER TABLE `cscart_user_profiles` ENABLE KEYS */;


-- Dumping structure for table installer_skozachuk_cscart421u.cscart_user_session_products
DROP TABLE IF EXISTS `cscart_user_session_products`;
CREATE TABLE IF NOT EXISTS `cscart_user_session_products` (
  `user_id` int(11) unsigned NOT NULL DEFAULT '0',
  `timestamp` int(11) unsigned NOT NULL DEFAULT '0',
  `type` char(1) NOT NULL DEFAULT 'C',
  `user_type` char(1) NOT NULL DEFAULT 'R',
  `item_id` int(11) unsigned NOT NULL DEFAULT '0',
  `item_type` char(1) NOT NULL DEFAULT 'P',
  `product_id` mediumint(8) unsigned NOT NULL DEFAULT '0',
  `amount` mediumint(8) unsigned NOT NULL DEFAULT '1',
  `price` decimal(12,2) NOT NULL DEFAULT '0.00',
  `extra` text NOT NULL,
  `session_id` varchar(64) NOT NULL DEFAULT '',
  `ip_address` varchar(15) NOT NULL DEFAULT '',
  `company_id` int(11) unsigned NOT NULL,
  PRIMARY KEY (`user_id`,`type`,`user_type`,`item_id`,`company_id`),
  KEY `timestamp` (`timestamp`,`user_type`),
  KEY `session_id` (`session_id`)
) ENGINE=MyISAM DEFAULT CHARSET=utf8;

-- Dumping data for table installer_skozachuk_cscart421u.cscart_user_session_products: 0 rows
/*!40000 ALTER TABLE `cscart_user_session_products` DISABLE KEYS */;
/*!40000 ALTER TABLE `cscart_user_session_products` ENABLE KEYS */;


-- Dumping structure for table installer_skozachuk_cscart421u.cscart_views
DROP TABLE IF EXISTS `cscart_views`;
CREATE TABLE IF NOT EXISTS `cscart_views` (
  `view_id` mediumint(8) unsigned NOT NULL AUTO_INCREMENT,
  `object` varchar(24) NOT NULL DEFAULT '',
  `name` varchar(32) NOT NULL DEFAULT '',
  `params` text NOT NULL,
  `view_results` text NOT NULL,
  `user_id` mediumint(8) unsigned NOT NULL DEFAULT '0',
  `active` char(1) NOT NULL DEFAULT 'N',
  PRIMARY KEY (`view_id`)
) ENGINE=MyISAM AUTO_INCREMENT=22 DEFAULT CHARSET=utf8;

-- Dumping data for table installer_skozachuk_cscart421u.cscart_views: 13 rows
/*!40000 ALTER TABLE `cscart_views` DISABLE KEYS */;
INSERT INTO `cscart_views` (`view_id`, `object`, `name`, `params`, `view_results`, `user_id`, `active`) VALUES
	(1, 'orders', 'New', 'a:14:{s:5:"cname";s:0:"";s:5:"email";s:0:"";s:10:"total_from";s:0:"";s:8:"total_to";s:0:"";s:10:"tax_exempt";s:0:"";s:6:"period";s:1:"A";s:9:"time_from";s:0:"";s:7:"time_to";s:0:"";s:8:"order_id";s:0:"";s:13:"admin_user_id";s:1:"1";s:14:"gift_cert_code";s:0:"";s:12:"gift_cert_in";s:3:"B|U";s:5:"p_ids";s:0:"";s:17:"product_filter_id";s:1:"0";}', '', 1, 'N'),
	(2, 'orders', 'Open', 'a:14:{s:5:"cname";s:0:"";s:5:"email";s:0:"";s:10:"total_from";s:0:"";s:8:"total_to";s:0:"";s:10:"tax_exempt";s:0:"";s:6:"status";a:1:{i:0;s:1:"O";}s:6:"period";s:1:"A";s:9:"time_from";s:0:"";s:7:"time_to";s:0:"";s:8:"order_id";s:0:"";s:14:"gift_cert_code";s:0:"";s:12:"gift_cert_in";s:3:"B|U";s:5:"p_ids";s:0:"";s:17:"product_filter_id";s:1:"0";}', '', 1, 'N'),
	(3, 'orders', 'Uncompleted', 'a:14:{s:5:"cname";s:0:"";s:5:"email";s:0:"";s:10:"total_from";s:0:"";s:8:"total_to";s:0:"";s:10:"tax_exempt";s:0:"";s:6:"status";a:5:{i:0;s:1:"B";i:1;s:1:"D";i:2;s:1:"F";i:3;s:1:"I";i:4;s:1:"O";}s:6:"period";s:1:"A";s:9:"time_from";s:0:"";s:7:"time_to";s:0:"";s:8:"order_id";s:0:"";s:14:"gift_cert_code";s:0:"";s:12:"gift_cert_in";s:3:"B|U";s:5:"p_ids";s:0:"";s:17:"product_filter_id";s:1:"0";}', '', 1, 'N'),
	(4, 'orders', 'Placed today', 'a:13:{s:5:"cname";s:0:"";s:5:"email";s:0:"";s:10:"total_from";s:0:"";s:8:"total_to";s:0:"";s:10:"tax_exempt";s:0:"";s:6:"period";s:1:"D";s:9:"time_from";s:0:"";s:7:"time_to";s:0:"";s:8:"order_id";s:0:"";s:14:"gift_cert_code";s:0:"";s:12:"gift_cert_in";s:3:"B|U";s:5:"p_ids";s:0:"";s:17:"product_filter_id";s:1:"0";}', '', 1, 'N'),
	(13, 'addons', 'Not installed', 'a:4:{s:9:"is_search";s:1:"Y";s:1:"q";s:0:"";s:4:"type";s:13:"not_installed";s:11:"for_company";b:0;}', '', 1, 'N'),
	(14, 'addons', 'Installed', 'a:4:{s:9:"is_search";s:1:"Y";s:1:"q";s:0:"";s:4:"type";s:9:"installed";s:11:"for_company";b:0;}', '', 1, 'N'),
	(15, 'addons', 'Disabled', 'a:4:{s:9:"is_search";s:1:"Y";s:1:"q";s:0:"";s:4:"type";s:8:"disabled";s:11:"for_company";b:0;}', '', 1, 'N'),
	(16, 'addons', 'Active', 'a:4:{s:9:"is_search";s:1:"Y";s:1:"q";s:0:"";s:4:"type";s:6:"active";s:11:"for_company";b:0;}', '', 1, 'N'),
	(17, 'lv_products', '', 'a:0:{}', 'a:4:{s:9:"items_ids";a:0:{}s:11:"total_pages";i:0;s:14:"items_per_page";i:0;s:11:"total_items";i:0;}', 1, 'N'),
	(18, 'lv_categories', '', 'a:0:{}', 'a:4:{s:9:"items_ids";a:0:{}s:11:"total_pages";i:0;s:14:"items_per_page";i:0;s:11:"total_items";i:0;}', 1, 'N'),
	(19, 'lv_orders', '', 'a:0:{}', 'a:4:{s:9:"items_ids";a:0:{}s:11:"total_pages";i:0;s:14:"items_per_page";i:0;s:11:"total_items";i:0;}', 1, 'N'),
	(20, 'lv_profiles', '', 'a:8:{s:4:"page";i:1;s:14:"items_per_page";s:2:"10";s:8:"dispatch";s:15:"profiles.manage";s:17:"save_view_results";s:7:"user_id";s:10:"sort_order";s:3:"asc";s:7:"sort_by";s:4:"name";s:14:"sort_order_rev";s:4:"desc";s:11:"total_items";s:1:"1";}', 'a:4:{s:9:"items_ids";a:1:{i:1;a:1:{i:0;s:1:"1";}}s:11:"total_pages";d:1;s:14:"items_per_page";s:2:"10";s:11:"total_items";s:1:"1";}', 1, 'N'),
	(21, 'lv_pages', '', 'a:1:{s:8:"get_tree";s:11:"multi_level";}', 'a:4:{s:9:"items_ids";a:0:{}s:11:"total_pages";i:0;s:14:"items_per_page";i:0;s:11:"total_items";i:0;}', 1, 'N');
/*!40000 ALTER TABLE `cscart_views` ENABLE KEYS */;
/*!40101 SET SQL_MODE=IFNULL(@OLD_SQL_MODE, '') */;
/*!40014 SET FOREIGN_KEY_CHECKS=IF(@OLD_FOREIGN_KEY_CHECKS IS NULL, 1, @OLD_FOREIGN_KEY_CHECKS) */;
/*!40101 SET CHARACTER_SET_CLIENT=@OLD_CHARACTER_SET_CLIENT */;
